Fecha,PANIC_INDEX,MEDIA_HYPE_INDEX,FAKE_NEWS_INDEX,SENTIMENT_INDEX,Futuros,Precio Interno ($/125 Kg),TRM
2022-07-06,0.52,27.93,0.0,-7.87,219.2,2302000.0,4259.86
2022-07-05,0.48,38.21,0.12,-4.97,221.05,2280000.0,4198.77
2022-07-04,0.54,31.37,0.27,-5.85,,2270000.0,4198.77
2022-07-03,0.42,7.76,0.0,-3.67,,2270000.0,4198.77
2022-07-02,4.66,25.71,0.19,-3.56,,2270000.0,4198.77
2022-07-01,0.65,46.0,0.16,-2.25,228.45,2270000.0,4151.21
2022-06-30,0.44,29.16,0.04,-2.25,230.1,2289000.0,4127.47
2022-06-29,0.35,17.75,0.02,-1.37,228.25,2255000.0,4089.72
2022-06-28,0.22,22.21,0.0,-0.14,217.75,2155000.0,4129.87
2022-06-27,0.37,2.22,0.37,-0.74,222.1,2215000.0,4129.87
2022-06-26,0.26,8.14,0.13,0.69,,2228000.0,4129.87
2022-06-25,1.09,33.33,1.13,2.72,,2228000.0,4129.87
2022-06-24,0.5,29.3,0.21,3.78,226.6,2228000.0,4068.75
2022-06-23,0.35,33.38,0.05,9.34,229.0,2256000.0,4026.52
2022-06-22,5.95,29.3,1.25,9.24,236.4,2273000.0,4026.92
2022-06-21,0.82,26.7,0.35,7.33,232.35,2240000.0,3905.05
2022-06-20,3.37,8.89,0.58,6.39,,2135000.0,3905.05
2022-06-19,5.94,16.2,0.0,7.84,,2135000.0,3905.05
2022-06-18,1.07,29.82,0.14,3.82,,2135000.0,3905.05
2022-06-17,0.08,19.75,0.05,1.49,227.65,2135000.0,3912.15
2022-06-16,0.68,26.5,0.14,0.81,231.95,2167000.0,3923.96
2022-06-15,0.4,32.5,0.09,0.56,228.5,2140000.0,3979.3
2022-06-14,0.52,29.23,0.0,0.41,226.95,2165000.0,4016.5
2022-06-13,0.3,17.37,0.15,-7.69,223.35,2136000.0,3912.51
2022-06-12,0.0,8.93,0.0,-7.64,,2165000.0,3912.51
2022-06-11,0.41,17.71,0.03,-6.3,,2165000.0,3912.51
2022-06-10,0.31,29.48,0.03,-5.18,228.9,2165000.0,3833.34
2022-06-09,0.48,39.55,0.03,-0.67,234.65,2162000.0,3782.65
2022-06-08,0.17,22.13,0.04,5.75,231.85,2114000.0,3790.88
2022-06-07,1.28,23.13,0.05,5.52,232.15,2105000.0,3799.5
2022-06-06,0.19,11.8,0.0,17.22,237.55,2150000.0,3771.63
2022-06-05,0.65,7.39,0.14,12.54,,2110000.0,3771.63
2022-06-04,1.19,26.99,0.45,10.49,,2110000.0,3771.63
2022-06-03,0.55,29.34,0.07,-0.12,232.4,2110000.0,3784.98
2022-06-02,1.85,26.63,0.05,-0.02,238.25,2135000.0,3791.74
2022-06-01,0.59,25.68,0.1,-8.98,239.45,2161000.0,3776.52
2022-05-31,0.26,19.6,0.23,-8.6,231.25,2080000.0,3912.34
2022-05-30,0.14,43.74,0.0,-10.11,,2155000.0,3912.34
2022-05-29,12.77,28.82,0.47,-10.26,,2155000.0,3912.34
2022-05-28,1.12,37.28,0.17,-8.01,,2155000.0,3912.34
2022-05-27,1.23,25.38,0.0,-6.21,229.45,2155000.0,3930.89
2022-05-26,0.78,28.18,0.18,-7.36,226.6,2123000.0,3959.05
2022-05-25,0.87,23.87,0.34,-6.57,217.05,2055000.0,3971.28
2022-05-24,1.25,52.07,0.43,-4.95,213.65,2047000.0,3950.35
2022-05-23,1.08,8.66,0.22,-1.19,215.75,2065000.0,3989.84
2022-05-22,0.91,22.4,0.36,-1.22,,2060000.0,3989.84
2022-05-21,0.3,34.74,0.09,-3.34,,2060000.0,3989.84
2022-05-20,0.26,33.64,0.17,0.57,215.85,2060000.0,4050.88
2022-05-19,0.17,25.29,0.04,-0.3,218.7,2125000.0,4054.71
2022-05-18,0.78,28.35,0.04,-0.49,217.6,2125000.0,4033.85
2022-05-17,1.04,29.29,1.11,-0.51,227.2,2179000.0,4070.25
2022-05-16,0.84,11.22,1.01,-0.05,225.8,2170000.0,4110.53
2022-05-15,1.41,13.17,0.11,-0.17,,2107000.0,4110.53
2022-05-14,0.11,36.65,0.11,-0.17,,2107000.0,4110.53
2022-05-13,1.26,31.48,0.15,0.9,212.9,2107000.0,4109.71
2022-05-12,0.22,19.69,0.04,1.9,215.3,2118000.0,4080.32
2022-05-11,0.43,20.75,0.0,-1.66,219.9,2143000.0,4086.71
2022-05-10,0.24,25.73,0.3,0.14,203.8,2005000.0,4085.76
2022-05-09,0.17,8.23,0.34,0.85,206.1,2030000.0,4053.93
2022-05-08,0.12,13.16,0.0,0.99,,2050000.0,4053.93
2022-05-07,0.24,16.44,0.12,-2.73,,2050000.0,4053.93
2022-05-06,1.12,13.69,0.06,-9.93,210.45,2050000.0,4086.08
2022-05-05,9.06,32.7,0.0,-12.54,217.25,2121000.0,4056.41
2022-05-04,0.14,29.67,0.14,-7.86,220.8,2142000.0,4016.34
2022-05-03,0.54,23.18,0.0,-11.51,217.95,2098000.0,4004.07
2022-05-02,1.06,6.9,0.53,-21.39,216.38,2070000.0,3966.27
2022-05-01,1.14,22.24,0.0,-24.58,,2090000.0,3966.27
2022-04-30,0.28,32.83,0.16,-15.15,,2090000.0,3966.27
2022-04-29,4.52,24.21,0.18,-8.72,222.55,2090000.0,3984.77
2022-04-28,0.38,21.05,0.21,-9.81,217.6,2063000.0,3967.32
2022-04-27,1.21,29.9,0.12,-6.58,215.68,2030000.0,3947.63
2022-04-26,1.67,51.38,0.07,-8.75,221.15,2070000.0,3931.74
2022-04-25,0.19,8.79,0.0,-8.24,220.8,2060000.0,3819.07
2022-04-24,0.65,21.68,1.62,-7.72,,2070000.0,3819.07
2022-04-23,0.44,28.21,0.13,-7.6,,2070000.0,3819.07
2022-04-22,1.03,25.82,0.05,-7.45,227.3,2070000.0,3759.54
2022-04-21,2.2,29.18,0.06,-2.74,228.1,2033000.0,3758.65
2022-04-20,1.26,30.78,0.09,-3.99,219.45,1958000.0,3755.85
2022-04-19,0.08,24.65,0.0,-1.83,221.7,1970000.0,3731.31
2022-04-18,0.36,15.0,0.0,2.34,223.75,1974000.0,3737.32
2022-04-17,0.0,23.3,0.0,2.51,,1968000.0,3737.32
2022-04-16,0.83,27.82,0.28,3.41,,1968000.0,3737.32
2022-04-15,0.74,24.01,0.08,3.62,,,3737.32
2022-04-14,4.29,35.82,0.05,2.0,223.6,1968000.0,3737.32
2022-04-13,1.26,31.35,0.13,-3.01,225.05,1978000.0,3736.7
2022-04-12,0.41,25.93,0.08,-3.11,233.6,2060000.0,3744.16
2022-04-11,2.13,22.46,0.0,-2.6,236.6,2072000.0,3777.41
2022-04-10,0.96,15.31,0.0,-2.56,,2044000.0,3777.41
2022-04-09,0.12,25.25,0.0,-2.4,,2044000.0,3777.41
2022-04-08,0.57,21.15,0.15,-2.5,231.65,2044000.0,3771.83
2022-04-07,0.44,26.48,0.16,-11.69,226.15,2008000.0,3746.51
2022-04-06,0.21,15.71,0.08,-7.16,227.6,2010000.0,3723.79
2022-04-05,0.2,47.44,0.05,-7.16,231.3,2032000.0,3706.95
2022-04-04,0.18,15.01,0.09,-4.02,230.6,2007000.0,3774.79
2022-04-03,0.82,23.65,6.53,-2.07,,2015000.0,3774.79
2022-04-02,0.63,32.81,0.51,-1.79,,2015000.0,3774.79
2022-04-01,0.41,33.32,0.2,1.93,228.4,2015000.0,3756.03
2022-03-31,1.22,16.01,0.0,7.94,226.4,2012000.0,3748.15
2022-03-30,0.75,24.3,0.85,7.83,221.85,1967000.0,3765.96
2022-03-29,0.78,15.67,0.11,9.34,215.7,1920000.0,3785.7
2022-03-28,0.29,17.23,0.06,8.09,214.55,1925000.0,3785.66
2022-03-27,1.81,10.19,0.05,6.71,,1984000.0,3785.66
2022-03-26,0.66,35.37,0.22,6.74,,1984000.0,3785.66
2022-03-25,2.83,27.36,0.23,5.7,221.85,1984000.0,3798.9
2022-03-24,3.35,37.44,0.06,0.0,221.85,1980000.0,3756.64
2022-03-23,0.69,28.32,0.07,1.01,225.3,2001000.0,3765.67
2022-03-22,2.97,34.79,0.0,0.74,225.05,1987000.0,3820.67
2022-03-21,1.72,16.15,3.44,3.01,225.85,2014000.0,3820.67
2022-03-20,0.64,18.79,0.96,2.29,,1978000.0,3820.67
2022-03-19,0.99,32.22,0.39,-1.51,,1978000.0,3820.67
2022-03-18,2.17,27.07,0.07,-0.8,220.3,1978000.0,3816.43
2022-03-17,0.43,19.14,0.5,-1.12,217.3,1950000.0,3826.89
2022-03-16,0.31,30.6,0.44,2.53,218.6,1965000.0,3836.56
2022-03-15,0.2,29.59,0.25,3.47,212.3,1912000.0,3800.85
2022-03-14,0.3,10.63,0.3,2.64,219.65,1954000.0,3827.64
2022-03-13,0.71,14.18,0.0,3.86,,1990000.0,3827.64
2022-03-12,0.86,29.83,0.58,4.71,,1990000.0,3827.64
2022-03-11,0.65,17.84,0.88,3.23,222.95,1990000.0,3786.0
2022-03-10,0.6,15.63,0.09,2.85,225.2,2005000.0,3746.43
2022-03-09,2.84,34.3,0.5,1.66,230.45,2003000.0,3787.18
2022-03-08,0.19,24.89,0.0,4.51,234.05,2045000.0,3813.41
2022-03-07,0.3,10.27,0.0,1.75,225.5,1998000.0,3806.11
2022-03-06,2.61,18.82,0.17,-2.65,,2008000.0,3806.11
2022-03-05,0.68,28.56,0.34,-5.62,,2008000.0,3806.11
2022-03-04,0.95,31.11,0.07,-2.05,224.15,2008000.0,3771.77
2022-03-03,0.94,25.85,0.07,2.21,224.15,1960000.0,3862.95
2022-03-02,3.29,24.1,0.06,1.44,230.45,2049000.0,3901.62
2022-03-01,5.01,26.54,0.53,-1.68,237.25,2125000.0,3910.28
2022-02-28,73.53,80.6,0.0,1.44,234.25,2127000.0,3910.64
2022-02-27,53.11,59.5,0.17,3.13,,2160000.0,3910.64
2022-02-26,0.65,35.18,0.18,2.99,,2160000.0,3910.64
2022-02-25,1.29,34.12,0.43,2.63,240.05,2160000.0,3940.2
2022-02-24,0.59,17.49,0.0,0.01,239.35,2160000.0,3913.79
2022-02-23,3.28,25.93,0.18,-0.59,248.6,2228000.0,3932.4
2022-02-22,0.2,22.66,0.1,3.36,248.45,2232000.0,3927.25
2022-02-21,0.43,11.26,0.0,3.49,,,3927.25
2022-02-20,2.25,12.58,0.0,2.49,,2222000.0,3927.25
2022-02-19,0.39,46.77,0.05,2.81,,2222000.0,3927.25
2022-02-18,1.73,33.75,0.14,-2.63,246.85,2222000.0,3953.26
2022-02-17,0.77,23.58,0.12,-1.09,251.5,2260000.0,3963.72
2022-02-16,0.67,34.37,0.22,4.11,252.25,2290000.0,3946.88
2022-02-15,1.06,30.09,0.57,-1.74,251.85,2272000.0,3938.97
2022-02-14,0.63,13.61,0.0,-2.01,247.55,2233000.0,3917.52
2022-02-13,1.62,15.74,0.23,0.94,,2255000.0,3917.52
2022-02-12,0.44,30.22,0.06,0.53,,2255000.0,3917.52
2022-02-11,0.53,33.91,0.04,6.46,251.65,2255000.0,3917.75
2022-02-10,0.49,14.63,0.1,1.25,255.2,2275000.0,3939.31
2022-02-09,0.35,27.05,0.13,-0.08,258.35,2307000.0,3965.41
2022-02-08,1.55,24.81,0.39,-2.67,248.95,2240000.0,3963.84
2022-02-07,0.98,10.5,0.42,-2.43,241.65,2192000.0,3962.68
2022-02-06,0.62,24.95,0.42,-1.9,,2185000.0,3962.68
2022-02-05,0.65,15.14,0.0,-2.29,,2185000.0,3962.68
2022-02-04,0.47,24.18,0.08,-1.85,241.85,2185000.0,3951.96
2022-02-03,1.18,33.83,0.47,2.77,243.9,2203000.0,3928.05
2022-02-02,0.64,27.42,0.49,2.46,238.8,2150000.0,3923.61
2022-02-01,1.57,30.49,0.38,-1.2,236.7,2125000.0,3942.73
2022-01-31,0.8,9.11,0.48,-4.42,235.1,2123000.0,3982.6
2022-01-30,0.76,12.77,2.07,-5.94,,2135000.0,3982.6
2022-01-29,0.45,16.77,0.58,-6.67,,2135000.0,3982.6
2022-01-28,0.82,26.25,10.37,-10.96,235.9,2135000.0,3944.04
2022-01-27,0.22,17.26,0.16,-12.75,232.05,2105000.0,3947.83
2022-01-26,0.52,19.33,0.13,-14.33,238.9,2139000.0,3987.32
2022-01-25,0.75,30.52,0.16,-11.91,237.9,2149000.0,3977.51
2022-01-24,0.38,7.64,0.25,-8.44,232.95,2113000.0,3964.3
2022-01-23,1.02,13.71,0.34,-6.81,,2142000.0,3964.3
2022-01-22,0.94,28.66,0.11,-5.72,,2142000.0,3964.3
2022-01-21,1.14,24.27,0.43,-2.85,237.9,2142000.0,3980.8
2022-01-20,0.65,30.36,0.15,-1.2,243.65,2198000.0,4003.95
2022-01-19,0.29,30.46,0.29,2.94,244.45,2215000.0,4033.37
2022-01-18,0.82,34.09,0.06,3.96,239.6,2196000.0,3993.65
2022-01-17,4.71,18.63,0.0,3.74,,,3993.65
2022-01-16,0.78,9.98,0.16,3.92,,2180000.0,3993.65
2022-01-15,3.22,24.35,0.0,4.52,,2180000.0,3993.65
2022-01-14,1.11,20.35,0.59,2.82,239.65,2180000.0,3950.4
2022-01-13,0.71,37.17,3.89,-1.76,237.0,2135000.0,3970.08
2022-01-12,1.65,27.68,0.08,-3.25,240.85,2170000.0,4011.65
2022-01-11,1.1,33.14,0.25,-4.58,237.05,2147000.0,4043.46
2022-01-10,6.34,28.17,0.0,-5.73,234.9,2160000.0,4043.46
2022-01-09,1.36,20.24,0.17,-6.0,,2189000.0,4043.46
2022-01-08,0.31,24.79,0.1,-5.66,,2189000.0,4043.46
2022-01-07,0.78,31.56,0.47,-2.23,238.45,2189000.0,4039.31
2022-01-06,7.44,26.79,0.0,1.07,231.7,2125000.0,4042.36
2022-01-05,8.69,18.71,0.05,-0.89,231.75,2120000.0,4084.11
2022-01-04,2.75,19.83,0.14,1.62,231.75,2149000.0,4082.75
2022-01-03,2.06,39.69,0.0,2.0,223.3,2074000.0,3981.16
2022-01-02,5.4,42.67,0.26,1.23,,2097000.0,3981.16
2022-01-01,27.97,46.06,0.11,1.2,,2097000.0,3981.16
2021-12-31,5.81,57.31,1.33,0.0,226.1,2097000.0,3981.16
2021-12-30,2.75,39.71,0.33,0.0,228.85,2120000.0,4023.68
2021-12-29,5.62,41.57,0.14,-0.95,228.9,2104000.0,4004.0
2021-12-28,4.74,46.52,0.44,-3.0,225.6,2061000.0,3989.41
2021-12-27,13.72,56.19,0.44,-3.69,227.05,2069000.0,3994.15
2021-12-26,1.43,44.29,0.71,-3.56,,2098000.0,3994.15
2021-12-25,1.93,44.44,1.19,-3.08,,2098000.0,3994.15
2021-12-24,4.5,51.39,0.29,-3.69,,2098000.0,3997.09
2021-12-23,4.91,33.28,0.22,-0.54,231.2,2103000.0,3997.71
2021-12-22,6.13,33.7,0.11,-0.37,233.55,2122000.0,3996.28
2021-12-21,0.61,35.54,0.0,1.06,228.25,2080000.0,4002.12
2021-12-20,10.23,26.99,0.57,1.49,224.4,2048000.0,3999.85
2021-12-19,3.26,17.48,0.0,2.95,,2118000.0,3999.85
2021-12-18,2.26,26.88,3.35,5.1,,2118000.0,3999.85
2021-12-17,0.66,28.12,0.27,8.21,235.9,2118000.0,4002.97
2021-12-16,0.39,24.92,0.06,6.11,236.95,2160000.0,3990.27
2021-12-15,0.72,23.8,0.0,0.45,237.4,2153000.0,3936.41
2021-12-14,1.42,27.52,0.32,-2.26,237.15,2155000.0,3886.87
2021-12-13,1.93,16.79,0.3,3.96,236.7,2090000.0,3887.71
2021-12-12,2.2,17.85,1.22,0.63,,2061000.0,3887.71
2021-12-11,14.19,33.57,10.05,-3.15,,2061000.0,3887.71
2021-12-10,0.85,18.7,0.42,-2.79,232.7,2061000.0,3899.87
2021-12-09,0.73,40.06,0.15,-5.41,240.35,2123000.0,3906.1
2021-12-08,1.06,28.28,0.08,-0.27,244.75,2160000.0,3906.1
2021-12-07,1.66,19.94,0.28,5.52,243.9,2153000.0,3944.0
2021-12-06,0.95,15.88,0.0,2.95,250.2,2218000.0,3948.33
2021-12-05,2.67,27.6,0.3,2.95,,2183000.0,3948.33
2021-12-04,22.31,45.94,0.08,-4.87,,2183000.0,3948.33
2021-12-03,8.22,31.9,0.17,0.14,244.05,2183000.0,3945.18
2021-12-02,1.12,26.29,0.4,2.72,237.45,2113000.0,3953.26
2021-12-01,10.72,34.26,0.53,-0.3,234.2,2102000.0,4004.54
2021-11-30,3.01,43.75,9.96,-1.14,233.25,2110000.0,4010.98
2021-11-29,2.86,19.05,0.29,-3.92,233.85,2136000.0,4008.13
2021-11-28,6.39,42.04,0.27,-4.09,,2202000.0,4008.13
2021-11-27,3.79,29.42,0.21,-2.29,,2202000.0,4008.13
2021-11-26,1.2,38.1,0.09,-10.02,243.85,2202000.0,3969.49
2021-11-25,1.14,29.43,0.06,-15.72,,,3969.49
2021-11-24,0.42,27.13,0.37,-18.82,246.3,2205000.0,3944.37
2021-11-23,1.71,37.3,1.71,-15.98,242.55,2168000.0,3913.26
2021-11-22,8.98,42.68,0.0,-11.64,231.35,2070000.0,3923.53
2021-11-21,0.43,17.63,0.0,-13.86,,2080000.0,3923.53
2021-11-20,0.73,22.78,0.33,-18.25,,2080000.0,3923.53
2021-11-19,1.41,21.72,0.27,-11.72,233.3,2080000.0,3943.43
2021-11-18,0.45,28.49,0.22,-8.2,228.95,2052000.0,3907.95
2021-11-17,0.4,25.81,8.74,-7.54,232.6,2093000.0,3898.84
2021-11-16,1.14,24.87,0.0,-9.28,222.05,1998000.0,3888.53
2021-11-15,14.6,26.23,0.0,-6.39,222.75,1997000.0,3888.53
2021-11-14,2.46,36.85,0.1,-5.38,,1972000.0,3888.53
2021-11-13,0.66,28.61,0.22,-3.52,,1972000.0,3888.53
2021-11-12,0.85,26.3,0.47,-7.59,219.7,1972000.0,3875.38
2021-11-11,2.97,22.92,0.1,-13.16,210.9,1900000.0,3875.38
2021-11-10,1.07,31.13,0.08,-17.61,204.0,1847000.0,3876.86
2021-11-09,1.8,21.64,0.23,-18.22,205.9,1860000.0,3874.41
2021-11-08,9.15,29.74,1.31,-18.63,199.65,1815000.0,3881.76
2021-11-07,38.16,52.52,0.88,-16.92,,1845000.0,3881.76
2021-11-06,7.64,34.48,0.17,-16.92,,1845000.0,3881.76
2021-11-05,1.63,26.22,0.08,-16.58,203.55,1845000.0,3847.4
2021-11-04,23.62,42.73,1.26,-13.07,208.6,1888000.0,3837.84
2021-11-03,1.79,16.93,0.13,-6.13,209.3,1873000.0,3778.69
2021-11-02,5.59,24.36,4.04,-3.54,208.05,1846000.0,3784.44
2021-11-01,14.23,31.46,6.37,-3.02,208.7,1835000.0,3784.44
2021-10-31,3.52,13.46,0.41,-1.95,,1795000.0,3784.44
2021-10-30,6.6,39.05,0.16,-1.7,,1795000.0,3784.44
2021-10-29,2.04,29.79,0.25,8.49,203.95,1795000.0,3766.1
2021-10-28,0.99,19.35,0.12,13.93,199.95,1773000.0,3761.21
2021-10-27,1.53,22.88,0.15,19.8,201.35,1775000.0,3774.46
2021-10-26,1.76,18.36,0.4,19.18,208.1,1830000.0,3769.98
2021-10-25,0.29,6.12,1.69,22.52,202.55,1785000.0,3780.38
2021-10-24,0.73,13.61,0.18,17.99,,1765000.0,3780.38
2021-10-23,2.08,26.27,0.5,17.18,,1765000.0,3780.38
2021-10-22,0.34,19.62,0.04,9.57,199.85,1765000.0,3783.3
2021-10-21,1.73,29.58,0.7,9.04,203.3,1794000.0,3770.58
2021-10-20,0.92,38.85,4.31,1.35,205.55,1805000.0,3766.94
2021-10-19,0.94,12.62,3.76,2.42,204.25,1795000.0,3772.49
2021-10-18,1.23,8.72,0.21,1.42,201.6,1770000.0,3772.49
2021-10-17,6.37,19.83,0.5,1.82,,1785000.0,3772.49
2021-10-16,3.62,26.11,0.05,2.52,,1785000.0,3772.49
2021-10-15,2.28,31.42,0.37,1.01,203.4,1785000.0,3755.29
2021-10-14,0.92,25.94,0.13,0.17,209.25,1834000.0,3725.75
2021-10-13,0.98,24.17,0.62,-0.1,208.65,1817000.0,3738.48
2021-10-12,0.77,24.03,1.39,-1.43,213.15,1840000.0,3765.8
2021-10-11,0.48,19.55,0.0,-4.12,204.25,1795000.0,3765.8
2021-10-10,1.66,22.7,0.13,-3.64,,1773000.0,3765.8
2021-10-09,1.43,26.51,0.44,-4.19,,1773000.0,3765.8
2021-10-08,1.55,37.27,0.42,-3.4,201.35,1773000.0,3772.44
2021-10-07,1.15,22.9,0.0,-4.56,197.9,1750000.0,3788.03
2021-10-06,1.79,24.28,0.6,-5.84,193.45,1720000.0,3796.3
2021-10-05,1.02,17.1,3.01,-5.89,191.9,1705000.0,3786.05
2021-10-04,1.63,14.66,0.98,-2.74,200.35,1776000.0,3781.35
2021-10-03,0.44,38.2,3.98,-3.61,,1805000.0,3781.35
2021-10-02,0.43,33.92,14.01,-4.08,,1805000.0,3781.35
2021-10-01,0.73,17.92,0.28,-3.16,204.05,1805000.0,3812.77
2021-09-30,0.53,26.11,0.08,-0.59,194.0,1735000.0,3834.68
2021-09-29,1.44,16.96,0.19,1.85,193.4,1745000.0,3841.94
2021-09-28,1.67,24.64,0.22,7.05,198.6,1783000.0,3837.91
2021-09-27,3.47,21.76,0.93,7.92,193.65,1748000.0,3844.88
2021-09-26,3.19,21.39,1.81,5.03,,1750000.0,3844.88
2021-09-25,3.63,22.91,0.6,6.79,,1750000.0,3844.88
2021-09-24,1.6,21.71,1.09,4.88,194.35,1750000.0,3835.67
2021-09-23,13.6,62.99,7.16,5.35,190.6,1720000.0,3834.66
2021-09-22,6.81,28.39,6.1,5.72,184.85,1675000.0,3843.77
2021-09-21,1.64,17.05,0.41,3.69,183.35,1665000.0,3851.22
2021-09-20,3.9,31.17,0.65,-1.04,183.5,1660000.0,3828.18
2021-09-19,2.44,27.73,0.14,2.19,,1685000.0,3828.18
2021-09-18,10.32,47.39,0.56,2.62,,1685000.0,3828.18
2021-09-17,3.02,20.88,0.41,3.61,187.3,1685000.0,3818.16
2021-09-16,1.66,17.79,0.48,3.42,187.8,1694000.0,3825.36
2021-09-15,0.9,21.55,0.17,-0.24,187.0,1686000.0,3830.83
2021-09-14,1.71,21.06,0.07,-2.82,183.0,1678000.0,3835.27
2021-09-13,1.86,21.38,0.0,-1.92,184.35,1687000.0,3836.85
2021-09-12,1.4,20.0,0.35,-4.29,,1698000.0,3836.85
2021-09-11,2.67,24.81,0.36,-5.94,,1698000.0,3836.85
2021-09-10,4.19,38.66,0.47,-5.52,185.6,1698000.0,3829.72
2021-09-09,1.66,51.39,0.05,-8.19,185.0,1697000.0,3816.14
2021-09-08,1.86,33.83,0.74,-7.12,187.75,1703000.0,3812.76
2021-09-07,4.82,54.94,5.29,-3.75,191.5,1733000.0,3790.04
2021-09-06,4.59,37.81,5.3,-1.23,,,3790.04
2021-09-05,2.07,69.83,11.33,-0.9,,1725000.0,3790.04
2021-09-04,1.64,56.84,0.0,1.32,,1725000.0,3790.04
2021-09-03,1.52,34.86,0.33,2.1,190.55,1725000.0,3780.85
2021-09-02,1.95,43.81,0.35,2.45,191.9,1735000.0,3753.3
2021-09-01,0.43,17.8,0.43,9.05,193.2,1734000.0,3774.0
2021-08-31,0.99,30.05,0.66,8.16,193.45,1740000.0,3806.87
2021-08-30,17.18,40.15,15.83,-0.65,197.4,1797000.0,3834.13
2021-08-29,0.39,7.44,0.26,-3.36,,1742000.0,3834.13
2021-08-28,1.78,27.12,0.1,-2.62,,1742000.0,3834.13
2021-08-27,0.73,24.3,0.83,-4.56,189.5,1742000.0,3870.57
2021-08-26,2.69,28.28,0.45,-4.19,185.65,1726000.0,3865.04
2021-08-25,1.33,40.75,0.31,-4.37,184.05,1712000.0,3861.88
2021-08-24,2.68,31.83,0.49,-9.97,183.3,1708000.0,3867.73
2021-08-23,0.25,49.69,0.37,-4.49,179.95,1683000.0,3874.95
2021-08-22,0.44,10.59,0.49,-3.72,,1675000.0,3874.95
2021-08-21,17.79,45.3,30.54,-8.58,,1675000.0,3874.95
2021-08-20,1.24,17.87,0.0,-7.71,178.25,1675000.0,3876.08
2021-08-19,4.64,28.99,0.27,-10.46,178.2,1674000.0,3861.33
2021-08-18,1.2,26.55,0.0,-15.61,179.7,1678000.0,3868.41
2021-08-17,1.02,39.78,0.94,-14.38,178.95,1684000.0,3830.25
2021-08-16,5.58,23.55,0.0,-17.49,183.2,1700000.0,3830.25
2021-08-15,5.14,41.59,0.23,-13.48,,1697000.0,3830.25
2021-08-14,2.42,32.49,0.22,-12.62,,1697000.0,3830.25
2021-08-13,0.62,26.11,0.16,-12.62,182.75,1697000.0,3887.07
2021-08-12,0.74,24.5,0.64,-7.46,186.55,1735000.0,3950.43
2021-08-11,1.04,34.56,0.19,-2.89,183.85,1752000.0,3979.8
2021-08-10,2.4,22.48,0.25,0.27,182.0,1748000.0,3988.27
2021-08-09,2.6,68.83,0.35,4.44,179.35,1740000.0,3949.33
2021-08-08,1.72,29.5,0.57,4.69,,1698000.0,3949.33
2021-08-07,0.45,69.26,0.12,4.29,,1698000.0,3949.33
2021-08-06,2.12,55.04,0.12,5.55,176.0,1698000.0,3910.81
2021-08-05,0.71,27.61,0.35,8.88,176.9,1683000.0,3911.36
2021-08-04,1.94,30.41,0.48,7.39,175.65,1667000.0,3913.59
2021-08-03,1.64,21.79,1.25,7.34,174.85,1663000.0,3865.46
2021-08-02,1.48,25.0,0.66,4.62,172.8,1638000.0,3867.88
2021-08-01,1.98,32.45,0.47,2.37,,1685000.0,3867.88
2021-07-31,1.21,55.27,5.02,3.72,,1685000.0,3867.88
2021-07-30,4.79,22.39,0.34,-0.07,179.55,1685000.0,3836.95
2021-07-29,12.98,35.79,0.25,-8.79,196.5,1786000.0,3902.18
2021-07-28,1.21,21.46,0.83,-20.36,200.45,1830000.0,3918.49
2021-07-27,0.62,37.28,0.41,-17.86,201.75,1870000.0,3904.17
2021-07-26,0.38,56.03,26.67,-17.86,207.8,1905000.0,3874.44
2021-07-25,1.14,28.36,0.34,-21.59,,1760000.0,3874.44
2021-07-24,1.0,15.41,1.5,-24.43,,1760000.0,3874.44
2021-07-23,0.75,29.39,0.65,-18.77,189.0,1760000.0,3866.86
2021-07-22,0.77,46.79,0.77,-15.58,193.65,1790000.0,3855.68
2021-07-21,1.07,30.89,0.61,-13.2,176.0,1645000.0,3842.97
2021-07-20,3.43,19.21,0.99,-4.26,165.65,1565000.0,3842.97
2021-07-19,5.84,16.02,0.62,-8.62,155.25,1483000.0,3808.46
2021-07-18,19.12,33.12,0.81,-6.42,,1513000.0,3808.46
2021-07-17,1.54,20.77,1.32,-4.6,,1513000.0,3808.46
2021-07-16,3.37,27.89,2.35,-10.18,161.2,1513000.0,3809.07
2021-07-15,3.6,40.78,1.46,-9.55,156.9,1470000.0,3796.07
2021-07-14,2.63,27.49,0.88,-12.65,156.45,1457000.0,3826.85
2021-07-13,2.81,21.57,3.86,-12.49,152.1,1434000.0,3824.08
2021-07-12,0.78,14.81,0.13,-7.35,153.85,1446000.0,3829.46
2021-07-11,4.38,13.03,0.16,-4.07,,1430000.0,3829.46
2021-07-10,5.85,25.96,0.19,-6.59,,1430000.0,3829.46
2021-07-09,15.27,40.09,0.0,-2.67,151.3,1430000.0,3850.46
2021-07-08,1.62,42.61,0.43,-2.99,152.05,1437000.0,3815.22
2021-07-07,3.74,36.77,0.16,-4.14,149.75,1415000.0,3782.27
2021-07-06,1.68,28.63,0.62,-3.95,147.9,1380000.0,3777.17
2021-07-05,2.34,18.26,0.22,-6.06,,1402000.0,3777.17
2021-07-04,1.0,15.98,0.43,-7.63,,1402000.0,3777.17
2021-07-03,0.68,27.82,3.27,-3.04,,1402000.0,3777.17
2021-07-02,1.21,38.7,0.08,-2.27,152.55,1402000.0,3775.53
2021-07-01,0.49,31.51,0.25,-4.48,156.0,1445000.0,3748.5
2021-06-30,0.52,21.34,0.18,-18.74,159.35,1460000.0,3756.67
2021-06-29,2.11,23.1,0.43,-18.09,159.7,1470000.0,3713.17
2021-06-28,1.87,29.67,0.23,-2.07,162.25,1465000.0,3739.03
2021-06-27,31.76,45.35,0.51,0.27,,1445000.0,3739.03
2021-06-26,2.21,30.26,0.44,-10.66,,1445000.0,3739.03
2021-06-25,4.68,40.58,0.53,-10.23,157.25,1445000.0,3770.35
2021-06-24,1.03,53.23,0.31,11.88,152.4,1420000.0,3773.11
2021-06-23,1.22,40.06,0.24,9.3,153.15,1430000.0,3784.45
2021-06-22,1.91,60.71,0.11,6.2,151.25,1415000.0,3758.08
2021-06-21,17.71,56.42,0.17,-0.28,152.35,1420000.0,3753.77
2021-06-20,11.64,68.36,0.0,-4.3,,1408000.0,3753.77
2021-06-19,2.52,54.28,0.23,-4.58,,1408000.0,3753.77
2021-06-18,5.5,50.83,0.37,-6.05,149.9,1408000.0,3730.45
2021-06-17,10.16,43.83,0.15,-17.1,149.55,1390000.0,3690.56
2021-06-16,1.22,59.63,0.12,-18.66,153.35,1396000.0,3693.35
2021-06-15,6.9,59.2,0.11,-11.93,151.2,1387000.0,3626.02
2021-06-14,5.18,64.29,1.07,-8.88,154.1,1390000.0,3626.02
2021-06-13,12.5,61.22,0.51,-2.08,,1415000.0,3626.02
2021-06-12,12.55,52.94,0.55,-9.83,,1415000.0,3626.02
2021-06-11,3.82,36.07,0.21,-5.82,157.45,1415000.0,3589.86
2021-06-10,27.44,49.6,0.4,-10.75,158.7,1405000.0,3588.41
2021-06-09,8.25,29.95,0.71,-14.83,157.2,1390000.0,3597.18
2021-06-08,3.15,41.43,0.46,-18.27,157.7,1392000.0,3609.2
2021-06-07,12.89,56.79,0.52,-21.58,160.15,1415000.0,3609.2
2021-06-06,1.63,66.24,0.73,-24.79,,1425000.0,3609.2
2021-06-05,1.23,79.84,0.52,-16.54,,1425000.0,3609.2
2021-06-04,2.05,39.7,0.64,-16.77,161.65,1425000.0,3657.41
2021-06-03,8.44,40.08,0.82,-10.6,157.6,1417000.0,3642.29
2021-06-02,4.21,43.5,0.09,-14.69,161.15,1440000.0,3671.38
2021-06-01,1.69,62.19,0.06,-16.46,161.05,1443000.0,3715.28
2021-05-31,1.35,13.51,0.25,-1.75,,1470000.0,3715.28
2021-05-30,3.25,17.35,0.24,-1.46,,1470000.0,3715.28
2021-05-29,0.7,29.43,0.47,-3.77,,1470000.0,3715.28
2021-05-28,2.4,40.01,0.39,-8.3,162.35,1470000.0,3729.02
2021-05-27,1.21,26.0,0.85,-14.15,155.35,1422000.0,3747.48
2021-05-26,0.94,29.07,0.39,-13.0,155.7,1432000.0,3735.41
2021-05-25,27.64,54.59,0.09,-13.26,150.5,1391000.0,3750.66
2021-05-24,1.72,16.49,0.86,-16.05,149.0,1378000.0,3738.19
2021-05-23,1.35,40.23,0.77,-15.89,,1390000.0,3738.19
2021-05-22,2.17,42.13,0.48,-12.43,,1390000.0,3738.19
2021-05-21,1.84,29.73,0.22,-9.2,150.1,1390000.0,3721.57
2021-05-20,1.91,41.04,0.43,-3.72,150.95,1387000.0,3682.66
2021-05-19,1.27,46.83,0.22,0.1,150.95,1374000.0,3655.74
2021-05-18,0.9,26.24,0.15,1.37,151.8,1378000.0,3682.84
2021-05-17,1.26,22.59,0.14,-6.0,145.0,1334000.0,3682.84
2021-05-16,0.72,37.73,0.43,-6.65,,1328000.0,3682.84
2021-05-15,2.15,24.16,0.31,-10.14,,1328000.0,3682.84
2021-05-14,2.66,29.05,0.31,-8.76,144.25,1328000.0,3728.09
2021-05-13,1.59,39.98,0.08,-6.24,145.65,1350000.0,3734.09
2021-05-12,0.75,36.82,0.75,-7.42,145.75,1360000.0,3703.2
2021-05-11,1.57,43.82,0.46,-17.59,147.9,1372000.0,3714.94
2021-05-10,1.37,29.53,0.0,-7.5,147.6,1355000.0,3765.33
2021-05-09,13.47,46.59,0.48,-10.83,,1409000.0,3765.33
2021-05-08,15.15,42.05,0.75,-7.26,,1409000.0,3765.33
2021-05-07,2.32,47.23,0.72,-11.29,152.3,1409000.0,3800.33
2021-05-06,1.54,38.91,0.57,-14.75,153.5,1440000.0,3846.28
2021-05-05,2.81,33.55,0.35,-7.44,148.5,1422000.0,3831.35
2021-05-04,3.02,39.14,0.95,-0.47,138.9,1340000.0,3816.65
2021-05-03,3.32,47.57,0.77,-5.81,138.75,1330000.0,3740.14
2021-05-02,0.79,61.65,0.0,-4.2,,1319000.0,3740.14
2021-05-01,8.52,41.81,0.29,-3.57,,1319000.0,3740.14
2021-04-30,1.69,25.72,0.48,-5.25,139.95,1319000.0,3712.89
2021-04-29,2.04,36.09,0.78,-1.43,141.4,1317000.0,3699.74
2021-04-28,4.25,27.94,0.27,-9.79,144.3,1332000.0,3717.46
2021-04-27,11.4,37.92,0.0,-7.94,144.35,1340000.0,3659.62
2021-04-26,0.27,40.73,0.0,3.0,141.75,1310000.0,3640.07
2021-04-25,4.64,41.49,0.62,1.93,,1250000.0,3640.07
2021-04-24,2.98,31.0,0.31,-1.02,,1250000.0,3640.07
2021-04-23,1.56,26.32,0.49,2.39,136.85,1250000.0,3630.81
2021-04-22,6.39,39.4,1.78,0.4,134.3,1233000.0,3639.12
2021-04-21,4.36,37.69,0.31,6.03,132.2,1209000.0,3636.26
2021-04-20,1.51,30.79,0.56,2.63,132.45,1220000.0,3606.42
2021-04-19,2.65,36.95,0.0,-1.51,129.85,1192000.0,3595.57
2021-04-18,3.92,26.89,1.04,-0.57,,1178000.0,3595.57
2021-04-17,1.37,40.44,0.63,1.15,,1178000.0,3595.57
2021-04-16,0.66,37.79,0.18,0.64,129.15,1178000.0,3620.4
2021-04-15,1.53,47.3,0.24,-0.54,132.7,1205000.0,3665.49
2021-04-14,0.68,48.05,0.0,-1.05,132.1,1215000.0,3666.17
2021-04-13,1.65,48.89,0.48,1.69,130.05,1200000.0,3653.57
2021-04-12,2.05,27.37,0.51,4.89,128.1,1185000.0,3650.23
2021-04-11,0.53,36.22,5.12,4.95,,1175000.0,3650.23
2021-04-10,1.86,28.74,0.55,4.95,,1175000.0,3650.23
2021-04-09,2.57,38.8,1.62,6.12,127.25,1175000.0,3634.07
2021-04-08,1.6,39.63,0.35,6.57,127.85,1169000.0,3639.62
2021-04-07,0.68,50.78,0.06,4.24,126.75,1168000.0,3645.14
2021-04-06,2.08,35.6,0.38,3.42,126.85,1160000.0,3645.79
2021-04-05,0.91,26.48,0.0,-2.56,122.1,1136000.0,3678.62
2021-04-04,1.34,30.29,1.61,-3.22,,1126000.0,3678.62
2021-04-03,1.06,27.19,0.71,-0.46,,1126000.0,3678.62
2021-04-02,1.33,17.16,0.09,0.79,,1126000.0,3678.62
2021-04-01,0.77,29.6,0.29,-1.15,121.6,1126000.0,3678.62
2021-03-31,1.29,39.68,0.41,-4.61,123.5,1138000.0,3736.91
2021-03-30,2.68,37.16,1.98,-13.09,122.6,1150000.0,3705.85
2021-03-29,0.0,25.07,0.0,-2.12,127.05,1178000.0,3665.41
2021-03-28,0.68,15.88,0.84,-0.32,,1178000.0,3665.41
2021-03-27,1.22,27.65,0.49,-0.47,,1178000.0,3665.41
2021-03-26,2.8,38.41,1.4,-3.22,128.5,1178000.0,3658.22
2021-03-25,2.46,39.75,0.61,-2.64,126.6,1153000.0,3635.12
2021-03-24,35.05,74.95,0.19,0.03,126.5,1143000.0,3589.82
2021-03-23,0.55,24.28,0.14,1.6,127.6,1142000.0,3553.34
2021-03-22,2.73,35.52,0.55,-1.42,130.1,1140000.0,3553.34
2021-03-21,1.83,34.93,0.0,-1.82,,1132000.0,3553.34
2021-03-20,1.63,38.84,0.23,-3.97,,1132000.0,3553.34
2021-03-19,6.02,31.22,0.66,-2.72,125.45,1132000.0,3569.45
2021-03-18,1.54,27.39,0.33,3.13,126.4,1134000.0,3578.02
2021-03-17,0.96,40.43,0.45,4.9,132.85,1167000.0,3553.51
2021-03-16,3.04,21.6,0.37,5.71,133.8,1168000.0,3575.63
2021-03-15,11.22,24.61,0.0,5.96,131.45,1150000.0,3575.3
2021-03-14,2.07,22.11,1.03,3.41,,1160000.0,3575.3
2021-03-13,5.0,29.07,0.93,2.83,,1160000.0,3575.3
2021-03-12,1.04,38.78,0.21,-0.49,132.45,1160000.0,3534.62
2021-03-11,1.41,33.5,0.4,-4.6,131.8,1150000.0,3561.91
2021-03-10,1.07,28.98,0.07,-8.13,129.35,1137000.0,3598.77
2021-03-09,0.59,41.95,2.09,-6.67,128.9,1145000.0,3623.61
2021-03-08,0.49,69.17,46.49,-15.12,129.05,1140000.0,3640.2
2021-03-07,2.73,65.49,0.13,-13.58,,1147000.0,3640.2
2021-03-06,1.43,43.7,0.75,-4.46,,1147000.0,3640.2
2021-03-05,0.96,35.44,0.32,-2.11,128.75,1147000.0,3647.99
2021-03-04,39.59,62.29,0.08,3.21,128.4,1175000.0,3676.94
2021-03-03,11.57,71.4,5.38,7.16,131.15,1191000.0,3646.61
2021-03-02,9.48,51.73,0.23,8.63,133.2,1190000.0,3622.36
2021-03-01,1.71,22.74,0.0,6.15,135.15,1195000.0,3624.39
2021-02-28,4.53,32.75,1.26,6.96,,1218000.0,3624.39
2021-02-27,5.98,51.56,0.26,-0.83,,1218000.0,3624.39
2021-02-26,11.04,52.77,0.16,-7.95,136.85,1218000.0,3588.23
2021-02-25,1.69,42.34,0.42,-10.77,139.2,1092000.0,3578.29
2021-02-24,1.64,45.15,0.41,-16.3,135.65,1188000.0,3590.37
2021-02-23,1.28,30.69,0.51,-19.69,136.85,1205000.0,3602.41
2021-02-22,1.49,39.03,0.74,-21.88,133.45,1180000.0,3555.4
2021-02-21,0.99,40.15,0.74,-16.82,,1128000.0,3555.4
2021-02-20,2.73,42.04,0.27,-15.05,,1128000.0,3555.4
2021-02-19,1.21,61.34,1.04,-6.17,127.5,1128000.0,3537.86
2021-02-18,0.82,69.38,0.06,-14.52,127.6,1120000.0,3545.84
2021-02-17,1.5,72.49,0.48,-7.46,125.7,1096000.0,3518.19
2021-02-16,1.77,59.08,18.4,-5.86,124.35,1088000.0,3515.65
2021-02-15,1.03,55.84,0.17,-2.14,,1053000.0,3515.65
2021-02-14,3.11,40.99,0.0,-3.85,,1053000.0,3515.65
2021-02-13,1.79,42.26,0.19,-0.26,,1053000.0,3515.65
2021-02-12,2.16,43.89,0.3,-2.33,121.15,1053000.0,3525.45
2021-02-11,2.37,42.87,1.38,0.64,121.2,1062000.0,3557.16
2021-02-10,9.43,56.92,0.85,-5.09,121.1,1072000.0,3583.23
2021-02-09,6.09,36.3,0.0,-0.34,122.95,1091000.0,3554.65
2021-02-08,3.21,58.57,0.0,2.56,124.1,1098000.0,3543.28
2021-02-07,1.54,55.7,0.0,0.95,,1095000.0,3543.28
2021-02-06,3.82,46.93,0.26,1.13,,1095000.0,3543.28
2021-02-05,4.1,27.51,1.06,1.9,124.5,1095000.0,3558.63
2021-02-04,1.23,53.34,0.61,3.06,124.05,1090000.0,3522.57
2021-02-03,2.55,36.02,0.0,2.95,123.95,1082000.0,3534.99
2021-02-02,1.13,54.78,0.14,-6.9,123.4,1076000.0,3561.37
2021-02-01,0.72,71.05,0.12,-8.64,125.35,1104000.0,3559.46
2021-01-31,1.15,65.47,0.12,-7.53,,1085000.0,3559.46
2021-01-30,24.4,53.21,0.24,-9.57,,1085000.0,3559.46
2021-01-29,1.35,70.21,1.31,-8.14,122.95,1085000.0,3585.44
2021-01-28,2.94,45.3,1.52,-5.45,124.0,1091000.0,3636.91
2021-01-27,25.15,75.49,0.55,-4.71,125.5,1115000.0,3591.48
2021-01-26,2.85,44.02,2.21,-5.15,124.5,1110000.0,3582.41
2021-01-25,4.51,42.94,0.59,-4.98,123.25,1092000.0,3525.25
2021-01-24,6.22,43.14,4.94,-8.82,,1078000.0,3525.25
2021-01-23,13.54,48.78,12.36,-12.49,,1078000.0,3525.25
2021-01-22,1.28,46.37,0.07,-12.21,124.05,1078000.0,3477.48
2021-01-21,0.53,47.53,0.33,-10.51,126.45,1080000.0,3476.19
2021-01-20,0.66,46.46,0.0,-9.24,125.2,1067000.0,3482.03
2021-01-19,0.47,43.56,0.65,-8.9,127.15,1088000.0,3466.8
2021-01-18,0.28,47.37,25.04,-8.72,,1085000.0,3466.8
2021-01-17,2.29,56.54,0.16,-5.53,,1085000.0,3466.8
2021-01-16,1.63,34.07,0.67,-3.09,,1085000.0,3466.8
2021-01-15,1.75,31.63,0.46,-4.18,128.15,1085000.0,3469.76
2021-01-14,0.66,25.86,0.07,-7.22,127.35,1075000.0,3478.36
2021-01-13,1.78,39.54,0.34,-8.31,125.25,1070000.0,3487.65
2021-01-12,0.4,22.71,0.24,-9.91,121.4,1042000.0,3478.11
2021-01-11,0.84,21.08,0.0,-8.52,121.45,1039000.0,3478.11
2021-01-10,24.26,52.15,0.0,-9.35,,1055000.0,3478.11
2021-01-09,2.82,33.9,0.14,-10.5,,1055000.0,3478.11
2021-01-08,14.7,42.82,0.54,-6.71,123.7,1055000.0,3459.39
2021-01-07,1.16,43.26,0.21,-7.93,121.1,1043000.0,3428.04
2021-01-06,1.04,50.74,0.43,-9.64,120.9,1020000.0,3450.74
2021-01-05,0.81,33.43,0.3,-4.41,125.1,1058000.0,3420.78
2021-01-04,4.09,39.55,2.27,-9.55,126.15,1066000.0,3432.5
2021-01-03,1.3,77.14,0.78,-13.12,,1073000.0,3432.5
2021-01-02,7.63,54.24,2.12,-13.12,,1073000.0,3432.5
2021-01-01,1.8,54.21,0.72,-10.25,,1073000.0,3432.5
2020-12-31,1.68,37.74,0.36,-6.9,128.25,1073000.0,3432.5
2020-12-30,0.83,73.17,0.31,-5.33,125.4,1053000.0,3482.1
2020-12-29,1.39,68.1,0.88,-2.28,125.4,1070000.0,3495.39
2020-12-28,3.7,49.74,0.53,0.04,123.35,1063000.0,3493.77
2020-12-27,3.5,66.43,0.7,-1.92,,1086000.0,3493.77
2020-12-26,10.7,81.41,0.52,0.15,,1086000.0,3493.77
2020-12-25,15.41,48.69,3.2,-1.75,,1086000.0,3493.77
2020-12-24,44.77,72.06,0.52,-3.54,125.95,1086000.0,3482.51
2020-12-23,37.74,62.9,0.38,-7.16,124.55,1071000.0,3444.9
2020-12-22,9.69,61.34,0.19,-8.54,124.2,1058000.0,3442.41
2020-12-21,1.35,36.15,1.35,-6.55,124.3,1048000.0,3420.26
2020-12-20,4.0,46.8,0.4,-4.15,,1052000.0,3420.26
2020-12-19,1.66,49.05,0.24,-10.09,,1052000.0,3420.26
2020-12-18,1.21,30.8,0.26,-13.6,123.7,1052000.0,3410.82
2020-12-17,1.52,42.24,0.0,-12.55,125.05,1059000.0,3416.21
2020-12-16,1.92,35.58,1.44,-9.9,125.05,1061000.0,3422.44
2020-12-15,4.71,41.19,3.01,-5.81,123.1,1047000.0,3426.97
2020-12-14,1.84,35.17,1.05,-6.74,123.55,1060000.0,3433.45
2020-12-13,11.61,56.93,0.37,-6.45,,1030000.0,3433.45
2020-12-12,4.15,35.36,0.4,-2.42,,1030000.0,3433.45
2020-12-11,1.16,40.19,1.16,2.75,119.1,1030000.0,3448.89
2020-12-10,3.03,37.59,0.28,9.4,118.55,1022000.0,3465.76
2020-12-09,2.77,24.0,2.69,9.39,114.9,1010000.0,3487.65
2020-12-08,1.69,46.81,0.3,8.59,117.1,1030000.0,3487.65
2020-12-07,0.41,45.93,0.0,2.97,116.95,1029000.0,3467.49
2020-12-06,3.42,26.58,1.32,3.81,,1010000.0,3467.49
2020-12-05,0.81,37.82,0.67,2.96,,1010000.0,3467.49
2020-12-04,2.52,40.54,0.78,2.75,115.35,1010000.0,3481.44
2020-12-03,3.74,46.88,0.1,-12.79,117.65,1027000.0,3533.21
2020-12-02,1.84,47.83,1.58,-4.67,116.85,1037000.0,3558.57
2020-12-01,3.41,55.43,0.38,-13.5,115.65,1040000.0,3591.84
2020-11-30,3.78,34.87,0.0,-1.05,120.7,1090000.0,3611.44
2020-11-29,2.6,47.4,0.0,-3.41,,1100000.0,3611.44
2020-11-28,1.83,32.21,0.42,-3.7,,1100000.0,3611.44
2020-11-27,0.37,25.83,3.57,-4.69,121.7,1100000.0,3620.39
2020-11-26,1.73,23.15,0.31,5.35,,1049000.0,3620.39
2020-11-25,1.25,46.14,0.1,-4.09,114.5,1049000.0,3643.24
2020-11-24,26.22,78.94,0.73,-2.4,113.15,1045000.0,3632.92
2020-11-23,10.85,38.89,0.0,-3.77,114.45,1054000.0,3649.9
2020-11-22,3.75,50.33,0.88,-0.38,,1058000.0,3649.9
2020-11-21,2.42,49.09,0.55,6.02,,1058000.0,3649.9
2020-11-20,5.75,50.03,0.91,2.06,115.5,1058000.0,3647.1
2020-11-19,2.42,32.74,1.83,-9.79,120.65,1105000.0,3647.73
2020-11-18,2.02,69.77,0.07,-2.4,119.75,1100000.0,3635.19
2020-11-17,6.01,44.3,0.07,-7.14,116.2,1075000.0,3639.95
2020-11-16,6.64,33.2,0.08,-9.43,115.65,1069000.0,3639.95
2020-11-15,1.37,44.44,0.14,-13.9,,1020000.0,3639.95
2020-11-14,0.88,49.08,0.27,-18.56,,1020000.0,3639.95
2020-11-13,5.5,36.51,1.01,-11.03,109.25,1020000.0,3646.22
2020-11-12,12.35,61.53,0.23,-5.96,110.1,1025000.0,3650.5
2020-11-11,0.45,47.07,0.45,-11.46,109.1,1012000.0,3650.5
2020-11-10,1.85,64.06,0.08,-8.34,107.3,996000.0,3646.15
2020-11-09,2.56,73.76,0.68,-8.17,106.85,997000.0,3738.19
2020-11-08,1.73,18.42,0.87,-2.52,,1015000.0,3738.19
2020-11-07,1.16,38.97,0.53,-6.47,,1015000.0,3738.19
2020-11-06,1.23,41.33,0.61,-13.21,106.95,1015000.0,3763.82
2020-11-05,1.69,28.51,0.51,-15.62,105.95,1015000.0,3807.13
2020-11-04,3.4,37.76,1.43,-15.63,103.0,1010000.0,3823.45
2020-11-03,1.99,34.07,0.32,-16.46,103.45,1013000.0,3858.56
2020-11-02,3.42,77.52,2.44,-13.47,102.8,1023000.0,3858.56
2020-11-01,0.48,80.14,0.33,-16.36,,1035000.0,3858.56
2020-10-31,0.84,49.32,1.35,-15.08,,1035000.0,3858.56
2020-10-30,1.67,47.31,0.83,-15.36,104.4,1035000.0,3849.53
2020-10-29,2.02,39.85,1.13,-14.61,104.6,1035000.0,3841.46
2020-10-28,1.82,39.79,0.86,-10.52,105.0,1030000.0,3810.23
2020-10-27,1.5,45.03,0.14,-8.52,106.95,1039000.0,3812.82
2020-10-26,0.56,85.58,0.16,-11.84,106.65,1039000.0,3782.66
2020-10-25,0.46,60.81,0.37,-11.84,,1025000.0,3782.66
2020-10-24,2.71,37.57,0.65,-7.38,,1025000.0,3782.66
2020-10-23,0.84,39.95,0.5,-1.98,105.6,1025000.0,3776.73
2020-10-22,1.41,43.49,1.04,-5.57,106.7,1033000.0,3784.51
2020-10-21,2.42,80.44,1.19,-7.52,104.15,1010000.0,3830.79
2020-10-20,13.48,78.92,0.54,-9.33,104.9,1032000.0,3842.76
2020-10-19,2.22,36.67,0.0,-3.13,106.05,1046000.0,3846.48
2020-10-18,11.3,45.8,0.87,-3.17,,1055000.0,3846.48
2020-10-17,0.77,57.69,4.11,-3.24,,1055000.0,3846.48
2020-10-16,2.43,43.78,0.93,-10.27,107.25,1055000.0,3854.47
2020-10-15,1.76,44.23,0.77,-12.62,109.5,1073000.0,3843.59
2020-10-14,0.88,56.55,0.08,-11.74,109.6,1070000.0,3856.32
2020-10-13,1.88,56.23,0.29,-9.89,110.1,1080000.0,3824.25
2020-10-12,2.74,40.41,0.68,-12.69,109.15,1064000.0,3824.25
2020-10-11,6.01,47.21,0.64,-14.11,,1082000.0,3824.25
2020-10-10,9.02,49.34,0.1,-21.92,,1082000.0,3824.25
2020-10-09,1.06,31.4,0.21,-12.86,111.55,1082000.0,3839.73
2020-10-08,0.68,49.4,0.26,-5.52,110.25,1075000.0,3837.79
2020-10-07,3.56,47.23,0.1,-12.81,109.6,1071000.0,3826.77
2020-10-06,1.47,44.22,0.45,-19.77,107.65,1053000.0,3843.75
2020-10-05,1.98,30.03,0.66,-15.87,107.2,1048000.0,3881.8
2020-10-04,1.08,25.89,0.62,-14.65,,1074000.0,3881.8
2020-10-03,2.31,39.71,0.24,-12.73,,1074000.0,3881.8
2020-10-02,1.48,44.84,0.41,-17.7,108.95,1074000.0,3842.34
2020-10-01,2.21,37.75,0.77,-20.68,107.05,1051000.0,3865.47
2020-09-30,2.02,39.77,0.97,-12.93,110.95,1077000.0,3878.94
2020-09-29,2.82,45.76,1.58,-8.43,109.55,1083000.0,3859.9
2020-09-28,3.56,48.54,0.97,-12.01,109.55,1080000.0,3867.81
2020-09-27,3.27,52.08,2.98,-11.99,,1115000.0,3867.81
2020-09-26,3.33,54.22,0.22,-10.98,,1115000.0,3867.81
2020-09-25,4.56,47.64,0.95,-8.83,113.65,1115000.0,3873.8
2020-09-24,2.49,60.07,1.28,-8.84,111.15,1078000.0,3863.6
2020-09-23,5.7,49.86,0.77,-8.71,110.5,1070000.0,3813.3
2020-09-22,2.49,48.6,0.83,-7.85,110.65,1075000.0,3790.54
2020-09-21,5.2,36.63,0.5,-12.01,112.0,1075000.0,3725.37
2020-09-20,1.57,40.6,4.05,-13.75,,1070000.0,3725.37
2020-09-19,2.36,49.43,0.31,-7.7,,1070000.0,3725.37
2020-09-18,5.29,40.54,0.56,-3.76,113.6,1070000.0,3714.65
2020-09-17,1.97,37.85,2.06,-3.85,118.1,1100000.0,3703.86
2020-09-16,2.6,41.8,4.02,-7.07,120.55,1105000.0,3683.49
2020-09-15,3.49,40.55,0.51,-14.1,122.2,1125000.0,3697.0
2020-09-14,12.98,38.6,0.17,-11.3,123.55,1132000.0,3709.0
2020-09-13,2.63,58.91,0.94,-14.88,,1208000.0,3709.0
2020-09-12,2.72,42.0,0.62,-18.04,,1208000.0,3709.0
2020-09-11,3.67,40.41,0.76,-20.41,133.35,1208000.0,3700.28
2020-09-10,1.82,60.43,31.72,-25.74,132.5,1204000.0,3717.25
2020-09-09,2.23,45.62,0.27,-11.17,129.65,1184000.0,3757.21
2020-09-08,1.84,46.47,0.42,-3.62,132.8,1217000.0,3702.62
2020-09-07,3.36,38.81,0.0,6.97,,1225000.0,3702.62
2020-09-06,11.67,39.75,0.0,7.41,,1225000.0,3702.62
2020-09-05,7.75,52.18,0.22,11.87,,1225000.0,3702.62
2020-09-04,10.23,39.08,0.57,13.67,134.8,1225000.0,3653.23
2020-09-03,3.53,45.44,0.41,17.91,131.6,1198000.0,3653.7
2020-09-02,1.74,42.91,0.0,12.22,131.5,1188000.0,3683.28
2020-09-01,1.29,59.3,0.55,1.93,131.9,1197000.0,3745.41
2020-08-31,2.53,58.53,0.92,2.83,129.8,1200000.0,3760.38
2020-08-30,5.05,49.04,0.0,2.39,,1180000.0,3760.38
2020-08-29,4.2,55.45,0.57,-0.98,,1180000.0,3760.38
2020-08-28,7.48,55.21,0.4,-1.48,127.1,1180000.0,3820.17
2020-08-27,5.36,41.09,0.49,-0.71,122.95,1170000.0,3846.64
2020-08-26,0.45,68.84,0.26,-7.44,122.8,1176000.0,3867.32
2020-08-25,2.23,61.01,0.0,-1.61,123.2,1192000.0,3843.69
2020-08-24,2.34,38.46,1.0,-10.39,120.25,1167000.0,3827.27
2020-08-23,0.59,33.82,0.0,-10.56,,1158000.0,3827.27
2020-08-22,3.49,47.84,0.56,-18.3,,1158000.0,3827.27
2020-08-21,1.7,47.92,1.28,-19.32,120.1,1158000.0,3792.13
2020-08-20,1.71,49.37,2.89,-13.48,118.55,1141000.0,3766.73
2020-08-19,1.27,41.71,0.95,-11.83,118.45,1130000.0,3784.15
2020-08-18,3.74,40.81,0.0,-15.15,119.3,1153000.0,3783.15
2020-08-17,1.63,38.69,0.23,-12.75,115.55,1128000.0,3783.15
2020-08-16,0.75,41.51,1.51,-16.22,,1120000.0,3783.15
2020-08-15,3.67,57.56,1.62,-10.96,,1120000.0,3783.15
2020-08-14,18.67,65.06,1.81,-10.36,114.7,1120000.0,3767.05
2020-08-13,18.66,70.41,1.09,-8.77,116.2,1125000.0,3755.61
2020-08-12,3.63,56.82,0.69,-4.67,112.05,1091000.0,3749.3
2020-08-11,1.06,43.14,0.0,2.34,111.35,1082000.0,3770.22
2020-08-10,0.97,53.51,0.0,-1.87,112.6,1105000.0,3769.67
2020-08-09,1.12,44.38,0.19,-4.55,,1115000.0,3769.67
2020-08-08,7.71,56.83,0.72,-4.19,,1115000.0,3769.67
2020-08-07,52.22,84.57,2.06,-4.58,115.45,1115000.0,3769.67
2020-08-06,15.87,67.92,0.06,-10.08,117.0,1123000.0,3775.95
2020-08-05,3.28,52.05,0.1,-12.95,121.55,1168000.0,3792.98
2020-08-04,1.65,49.41,0.24,-19.67,121.05,1170000.0,3768.39
2020-08-03,3.3,51.1,0.55,-14.33,117.9,1143000.0,3733.08
2020-08-02,4.93,54.52,0.82,-9.24,,1140000.0,3733.08
2020-08-01,2.69,61.97,0.1,-8.41,,1140000.0,3733.08
2020-07-31,1.65,52.84,0.62,-11.44,118.95,1140000.0,3739.49
2020-07-30,0.68,69.96,1.13,-4.57,115.35,1110000.0,3716.89
2020-07-29,29.2,69.66,0.31,-3.75,111.6,1075000.0,3718.69
2020-07-28,3.36,57.08,0.15,-1.84,109.65,1065000.0,3679.17
2020-07-27,1.26,58.16,0.0,-1.85,110.4,1057000.0,3690.8
2020-07-26,2.55,60.0,0.0,-4.99,,1047000.0,3690.8
2020-07-25,3.77,47.34,0.34,-4.52,,1047000.0,3690.8
2020-07-24,8.03,55.5,0.35,-6.44,108.4,1047000.0,3660.15
2020-07-23,4.68,47.79,1.17,-14.2,107.5,1033000.0,3627.28
2020-07-22,1.47,50.39,0.68,-6.28,108.35,1030000.0,3628.2
2020-07-21,1.39,46.4,0.25,-7.93,100.5,977000.0,3651.93
2020-07-20,4.96,34.04,0.35,-10.78,98.5,970000.0,3651.93
2020-07-19,2.76,56.9,0.69,-12.94,,990000.0,3651.93
2020-07-18,2.72,46.74,0.0,-18.36,,990000.0,3651.93
2020-07-17,5.97,52.55,0.1,-12.82,101.05,990000.0,3627.86
2020-07-16,4.1,54.62,0.63,-12.67,97.1,958000.0,3611.61
2020-07-15,2.14,47.21,0.95,-22.6,95.95,945000.0,3638.22
2020-07-14,1.01,48.91,1.34,-20.37,96.7,950000.0,3617.22
2020-07-13,13.69,48.13,0.41,-18.28,97.4,954000.0,3615.75
2020-07-12,2.3,43.78,0.92,-16.1,,942000.0,3615.75
2020-07-11,6.28,51.23,0.55,-16.14,,942000.0,3615.75
2020-07-10,2.45,54.95,0.43,-17.97,96.15,942000.0,3633.42
2020-07-09,5.13,51.25,0.6,-26.78,97.7,955000.0,3625.61
2020-07-08,3.36,52.84,0.65,-25.39,98.95,969000.0,3631.54
2020-07-07,2.97,45.07,0.63,-32.82,99.25,967000.0,3633.32
2020-07-06,4.97,69.3,9.65,-29.21,97.2,954000.0,3645.9
2020-07-05,4.28,71.66,0.53,-26.18,,995000.0,3645.9
2020-07-04,8.19,60.84,1.2,-25.01,,995000.0,3645.9
2020-07-03,2.07,51.15,0.49,-17.25,,995000.0,3660.18
2020-07-02,3.09,50.75,0.32,-7.34,102.25,994000.0,3723.67
2020-07-01,4.36,51.45,1.04,-3.05,103.05,1020000.0,3756.28
2020-06-30,1.79,48.98,0.89,-2.39,100.05,1006000.0,3758.91
2020-06-29,13.85,54.39,0.0,-5.79,98.65,997000.0,3758.91
2020-06-28,2.14,44.16,0.78,-5.62,,970000.0,3758.91
2020-06-27,3.71,40.05,0.16,-6.05,,970000.0,3758.91
2020-06-26,2.19,43.17,0.3,-5.52,95.65,970000.0,3735.93
2020-06-25,6.07,53.33,0.7,-22.01,94.85,958000.0,3722.27
2020-06-24,9.81,78.16,0.41,-22.88,96.65,972000.0,3706.06
2020-06-23,5.26,48.56,1.32,-14.84,96.25,968000.0,3733.27
2020-06-22,5.95,47.62,1.19,-12.79,95.95,976000.0,3733.27
2020-06-21,4.87,50.19,1.87,-9.22,,960000.0,3733.27
2020-06-20,5.91,53.32,0.74,-9.35,,960000.0,3733.27
2020-06-19,2.32,48.49,2.32,-15.86,93.75,960000.0,3760.22
2020-06-18,4.48,51.27,0.36,-6.96,94.6,966000.0,3749.03
2020-06-17,7.33,54.55,1.03,-10.38,96.25,974000.0,3741.88
2020-06-16,2.89,53.68,0.26,-8.61,93.65,952000.0,3758.15
2020-06-15,8.22,60.27,0.34,-9.58,94.0,960000.0,3758.15
2020-06-14,2.89,50.0,7.51,-9.73,,968000.0,3758.15
2020-06-13,4.72,59.03,0.14,-10.14,,968000.0,3758.15
2020-06-12,1.45,44.28,0.48,-5.88,95.2,968000.0,3746.46
2020-06-11,3.1,53.64,1.5,-5.19,96.0,971000.0,3674.81
2020-06-10,5.45,60.96,0.96,-5.49,96.75,950000.0,3643.02
2020-06-09,1.34,60.3,0.9,-6.54,97.8,955000.0,3599.0
2020-06-08,4.44,54.81,10.37,-6.72,98.9,950000.0,3565.06
2020-06-07,8.02,61.79,6.6,-7.01,,940000.0,3565.06
2020-06-06,3.33,58.07,0.83,-5.19,,940000.0,3565.06
2020-06-05,3.18,47.93,0.16,-3.48,98.9,940000.0,3597.47
2020-06-04,2.25,44.26,0.47,0.51,98.15,939000.0,3588.89
2020-06-03,6.48,63.08,2.08,6.77,99.1,950000.0,3651.42
2020-06-02,7.33,65.4,0.81,4.92,98.2,951000.0,3716.35
2020-06-01,60.54,85.22,0.26,4.43,98.3,975000.0,3718.82
2020-05-31,2.64,68.68,0.75,-0.55,,962000.0,3718.82
2020-05-30,6.13,64.29,0.66,-5.21,,962000.0,3718.82
2020-05-29,4.51,65.1,0.29,-11.67,96.3,962000.0,3723.42
2020-05-28,4.34,54.81,0.0,-17.03,99.1,975000.0,3743.79
2020-05-27,4.02,69.81,0.77,-24.55,102.5,1010000.0,3725.56
2020-05-26,2.06,56.93,0.0,-27.79,105.1,1029000.0,3782.66
2020-05-25,2.17,40.43,1.08,-27.22,,1030000.0,3782.66
2020-05-24,24.93,70.82,0.57,-24.43,,1030000.0,3782.66
2020-05-23,1.88,59.54,1.48,-22.59,,1030000.0,3782.66
2020-05-22,3.06,46.59,1.06,-23.77,103.6,1030000.0,3774.25
2020-05-21,2.67,67.14,0.47,-25.74,104.75,1038000.0,3804.12
2020-05-20,6.48,62.15,0.0,-17.26,105.65,1056000.0,3824.3
2020-05-19,5.03,57.14,0.66,-18.55,107.05,1074000.0,3851.07
2020-05-18,10.2,54.76,1.36,-11.27,105.7,1084000.0,3926.06
2020-05-17,7.71,72.03,2.64,-16.58,,1094000.0,3926.06
2020-05-16,2.37,63.35,0.38,-17.73,,1094000.0,3926.06
2020-05-15,2.85,57.87,1.38,-22.38,104.8,1094000.0,3947.79
2020-05-14,2.77,56.03,0.63,-31.99,104.9,1101000.0,3901.3
2020-05-13,7.27,59.53,0.88,-21.58,103.55,1080000.0,3880.48
2020-05-12,2.65,57.06,0.88,-17.32,105.6,1090000.0,3901.34
2020-05-11,13.38,75.18,2.92,-24.15,108.95,1121000.0,3882.27
2020-05-10,30.46,78.83,0.17,-23.16,,1127000.0,3882.27
2020-05-09,5.62,60.57,1.76,-23.88,,1127000.0,3882.27
2020-05-08,2.21,61.73,0.96,-16.8,110.1,1127000.0,3924.54
2020-05-07,6.04,47.38,1.33,-9.78,107.45,1115000.0,3961.66
2020-05-06,3.08,58.7,0.94,-21.65,109.35,1139000.0,3926.07
2020-05-05,3.7,54.65,1.01,-20.14,108.85,1130000.0,3990.1
2020-05-04,3.91,31.84,0.56,-23.03,105.55,1118000.0,3932.72
2020-05-03,8.62,67.38,0.31,-20.33,,1102000.0,3932.72
2020-05-02,13.1,61.93,0.49,-21.28,,1102000.0,3932.72
2020-05-01,2.86,65.59,0.28,-20.89,104.45,1102000.0,3932.72
2020-04-30,6.38,64.64,0.41,-23.84,104.65,1105000.0,3983.29
2020-04-29,10.93,72.06,0.4,-21.91,103.65,1090000.0,4046.04
2020-04-28,8.72,66.43,0.71,-13.54,105.7,1140000.0,4039.83
2020-04-27,2.16,68.1,0.86,-14.64,104.6,1133000.0,4039.87
2020-04-26,5.56,61.62,1.52,-15.48,,1132000.0,4039.87
2020-04-25,2.04,65.6,1.02,-13.11,,1132000.0,4039.87
2020-04-24,5.56,69.02,0.53,-10.07,105.2,1132000.0,4020.94
2020-04-23,5.88,67.2,0.8,-5.91,111.05,1172000.0,4037.95
2020-04-22,1.38,53.02,0.42,-3.47,110.6,1171000.0,4045.01
2020-04-21,1.78,57.47,0.73,-12.61,109.65,1185000.0,3967.76
2020-04-20,6.02,70.3,0.75,-11.42,113.65,1172000.0,3973.06
2020-04-19,5.21,77.08,1.56,-10.05,,1180000.0,3973.06
2020-04-18,3.88,66.47,0.8,-8.89,,1180000.0,3973.06
2020-04-17,3.11,59.96,2.93,-7.86,116.05,1180000.0,3942.92
2020-04-16,9.25,55.28,0.91,-10.18,118.6,1215000.0,3920.83
2020-04-15,5.16,59.91,1.47,-9.18,120.2,1210000.0,3858.21
2020-04-14,1.87,44.54,0.57,-4.82,117.2,1165000.0,3870.31
2020-04-13,9.33,65.28,0.0,-6.23,119.75,1192000.0,3886.79
2020-04-12,4.98,64.68,2.99,-6.68,,1190000.0,3886.79
2020-04-11,4.17,55.47,1.79,-4.76,,1190000.0,3886.79
2020-04-10,3.71,57.5,0.78,-4.1,,1190000.0,3886.79
2020-04-09,6.03,48.72,0.78,-8.56,118.6,1190000.0,3886.79
2020-04-08,8.48,57.38,1.98,-10.92,119.8,1200000.0,3910.15
2020-04-07,3.24,42.8,0.52,-12.97,119.9,1203000.0,3978.38
2020-04-06,9.71,62.62,0.49,-0.42,116.65,1200000.0,4008.78
2020-04-05,14.72,74.72,0.38,0.37,,1195000.0,4008.78
2020-04-04,10.09,75.43,0.43,-3.69,,1195000.0,4008.78
2020-04-03,12.44,60.29,4.55,2.19,114.9,1195000.0,4065.5
2020-04-02,4.53,53.64,1.99,11.38,119.35,1223000.0,4081.06
2020-04-01,8.81,60.49,1.22,6.78,116.0,1210000.0,4054.54
2020-03-31,4.39,54.34,1.16,0.75,119.55,1232000.0,4064.81
2020-03-30,14.76,69.52,0.95,-11.4,119.3,1230000.0,4042.8
2020-03-29,10.51,45.76,1.69,-9.2,,1186000.0,4042.8
2020-03-28,5.17,49.75,0.3,-8.07,,1186000.0,4042.8
2020-03-27,5.86,49.44,1.03,-12.73,115.85,1186000.0,3995.83
2020-03-26,5.09,51.76,1.33,-10.92,124.65,1245000.0,4086.34
2020-03-25,10.62,61.61,0.85,-14.87,129.95,1315000.0,4104.9
2020-03-24,12.67,71.14,1.17,-11.44,125.6,1300000.0,4079.96
2020-03-23,11.75,93.77,1.88,-6.58,121.25,1260000.0,4079.96
2020-03-22,6.63,75.45,9.14,-1.03,,1250000.0,4079.96
2020-03-21,13.63,60.28,0.85,1.01,,1250000.0,4079.96
2020-03-20,5.19,61.62,1.04,2.94,119.7,1250000.0,4153.91
2020-03-19,6.56,52.36,0.61,-3.25,116.65,1200000.0,4128.38
2020-03-18,4.43,67.5,1.09,2.26,108.05,1177000.0,4044.55
2020-03-17,11.95,50.18,2.39,-2.15,102.9,1085000.0,4099.93
2020-03-16,34.32,76.3,2.72,-3.37,103.9,1120000.0,3941.92
2020-03-15,26.37,85.41,2.49,-7.51,,1130000.0,3941.92
2020-03-14,11.15,56.76,1.24,-4.4,,1130000.0,3941.92
2020-03-13,11.69,44.43,0.19,-3.77,107.05,1130000.0,4034.66
2020-03-12,1.65,31.32,0.0,-6.56,109.15,1145000.0,3835.15
2020-03-11,4.66,23.91,0.15,-7.62,111.55,1120000.0,3780.39
2020-03-10,4.24,29.01,0.13,-1.96,114.25,1100000.0,3803.6
2020-03-09,2.23,56.19,1.24,-1.8,108.95,1075000.0,3584.58
2020-03-08,4.38,56.68,0.92,-1.82,,995000.0,3584.58
2020-03-07,2.76,22.62,0.14,-1.08,,995000.0,3584.58
2020-03-06,0.89,13.13,0.22,-0.35,105.6,995000.0,3522.41
2020-03-05,1.86,13.71,0.55,2.3,109.85,1010000.0,3458.45
2020-03-04,0.84,18.04,0.11,2.24,117.15,1043000.0,3455.56
2020-03-03,2.38,15.4,0.63,-0.94,121.05,1065000.0,3512.17
2020-03-02,1.53,10.71,0.51,-2.27,114.65,1020000.0,3539.86
2020-03-01,6.07,10.93,3.64,-2.06,,1014000.0,3539.86
2020-02-29,7.28,13.76,0.0,-2.12,,1014000.0,3539.86
2020-02-28,6.32,13.34,0.1,-2.87,110.1,1014000.0,3507.11
2020-02-27,5.68,10.25,0.25,-1.01,108.2,997000.0,3441.88
2020-02-26,0.14,2.75,0.0,0.98,109.1,990000.0,3425.22
2020-02-25,0.42,3.06,0.0,3.0,107.1,968000.0,3431.6
2020-02-24,1.77,2.65,0.0,2.9,105.9,955000.0,3398.05
2020-02-23,0.5,1.99,0.0,1.01,,965000.0,3398.05
2020-02-22,0.49,5.87,0.0,0.65,,965000.0,3398.05
2020-02-21,0.37,3.59,0.0,-0.96,108.85,965000.0,3403.5
2020-02-20,0.57,7.18,0.0,-2.86,103.6,907000.0,3400.98
2020-02-19,0.61,9.78,0.0,-4.3,106.8,930000.0,3410.24
2020-02-18,1.92,4.61,0.0,1.37,106.55,930000.0,3378.29
2020-02-17,1.49,4.46,0.5,-2.96,,942000.0,3378.29
2020-02-16,0.81,4.07,0.0,-2.83,,942000.0,3378.29
2020-02-15,0.28,9.07,1.12,-1.44,,942000.0,3378.29
2020-02-14,0.23,3.5,0.0,-1.35,109.1,942000.0,3385.11
2020-02-13,1.02,2.79,0.0,-1.05,104.45,890000.0,3394.8
2020-02-12,0.26,7.33,0.0,1.27,100.65,863000.0,3432.89
2020-02-11,0.77,7.4,0.0,-0.93,100.5,870000.0,3440.96
2020-02-10,1.08,10.75,0.0,1.64,100.3,865000.0,3408.35
2020-02-09,0.53,6.95,0.53,1.55,,845000.0,3408.35
2020-02-08,2.02,6.49,0.0,1.51,,845000.0,3408.35
2020-02-07,0.67,5.45,0.0,1.86,98.35,845000.0,3378.43
2020-02-06,1.38,6.7,0.0,0.02,98.15,825000.0,3355.44
2020-02-05,0.65,6.27,0.22,-1.29,97.75,813000.0,3368.87
2020-02-04,0.16,5.54,0.16,-1.28,98.15,815000.0,3401.56
2020-02-03,0.62,3.11,0.62,-1.45,97.9,820000.0,3423.24
2020-02-02,1.09,4.38,0.0,-1.2,,850000.0,3423.24
2020-02-01,0.81,4.73,0.14,-1.42,,850000.0,3423.24
2020-01-31,0.86,3.85,0.11,-1.42,102.65,850000.0,3411.45
2020-01-30,0.13,1.74,0.0,-2.41,101.5,835000.0,3395.1
2020-01-29,0.0,1.62,0.0,-3.98,102.05,830000.0,3392.6
2020-01-28,0.0,2.23,0.0,-2.75,105.05,849000.0,3398.4
2020-01-27,0.61,3.07,0.0,-3.18,106.6,863000.0,3366.01
2020-01-26,1.14,1.14,0.0,-3.47,,875000.0,3366.01
2020-01-25,1.12,2.08,0.48,-3.2,,875000.0,3366.01
2020-01-24,0.14,1.87,0.0,-2.97,110.15,875000.0,3353.76
2020-01-23,0.0,1.47,0.0,0.0,112.6,890000.0,3337.77
2020-01-22,0.0,1.83,0.0,0.0,111.0,866000.0,3347.91
2020-01-21,0.15,2.2,0.0,0.0,111.05,872000.0,3320.77
2020-01-20,0.0,0.0,0.0,0.0,,870000.0,3320.77
2020-01-19,0.0,0.45,0.0,0.0,,870000.0,3320.77
2020-01-18,0.0,0.0,0.0,0.0,,870000.0,3320.77
2020-01-17,0.0,0.0,0.0,0.0,112.15,870000.0,3313.4
2020-01-16,0.0,0.0,0.0,0.0,112.95,872000.0,3296.74
2020-01-15,0.0,0.0,0.0,0.0,114.3,874000.0,3278.83
2020-01-14,0.0,0.0,0.0,0.0,114.9,875000.0,3288.05
2020-01-13,0.0,0.0,0.0,0.0,114.55,867000.0,3272.62
2020-01-12,0.0,0.0,0.0,0.0,,895000.0,3272.62
2020-01-11,0.0,0.0,0.0,0.0,,895000.0,3272.62
2020-01-10,0.14,0.14,0.0,0.0,118.95,895000.0,3253.89
2020-01-09,0.0,0.0,0.0,0.0,117.35,880000.0,3254.42
2020-01-08,0.0,0.0,0.0,0.0,119.15,890000.0,3264.26
2020-01-07,0.0,0.0,0.0,0.0,122.4,918000.0,3262.05
2020-01-06,0.0,0.0,0.0,0.0,122.15,910000.0,3262.05
2020-01-05,0.0,0.0,0.0,0.0,,,3262.05
2020-01-04,0.0,0.0,0.0,0.0,,,3262.05
2020-01-03,0.0,0.0,0.0,0.0,126.35,940000.0,3258.84
2020-01-02,0.0,0.0,0.0,0.0,127.1,945000.0,3277.14
2020-01-01,0.0,0.0,0.0,0.0,,975000.0,3277.14
