Fecha,EMV-ID
2009-12-01,0.0
2009-12-02,0.0
2009-12-03,0.0
2009-12-04,0.0
2009-12-05,0.0
2009-12-06,2.53
2009-12-07,1.23
2009-12-08,0.95
2009-12-09,0.0
2009-12-10,0.31
2009-12-11,1.17
2009-12-12,0.0
2009-12-13,6.59
2009-12-14,0.0
2009-12-15,0.0
2009-12-16,0.0
2009-12-17,0.0
2009-12-18,0.4
2009-12-19,0.0
2009-12-20,1.06
2009-12-21,0.0
2009-12-22,0.97
2009-12-23,0.76
2009-12-24,0.4
2009-12-25,0.0
2009-12-26,6.03
2009-12-27,5.88
2009-12-28,0.0
2009-12-29,0.0
2009-12-30,0.4
2009-12-31,0.39
2010-01-01,2.01
2010-01-02,0.0
2010-01-03,1.15
2010-01-04,1.22
2010-01-05,0.95
2010-01-06,0.35
2010-01-07,0.3
2010-01-08,0.0
2010-01-09,0.0
2010-01-10,0.5
2010-01-11,0.0
2010-01-12,0.0
2010-01-13,1.73
2010-01-14,0.31
2010-01-15,0.36
2010-01-16,0.0
2010-01-17,0.0
2010-01-18,1.77
2010-01-19,0.0
2010-01-20,0.0
2010-01-21,0.0
2010-01-22,0.0
2010-01-23,0.56
2010-01-24,1.43
2010-01-25,0.57
2010-01-26,0.92
2010-01-27,0.0
2010-01-28,0.0
2010-01-29,0.0
2010-01-30,0.0
2010-01-31,0.5
2010-02-01,0.0
2010-02-02,0.0
2010-02-03,0.0
2010-02-04,0.3
2010-02-05,0.0
2010-02-06,0.0
2010-02-07,0.0
2010-02-08,0.0
2010-02-09,0.0
2010-02-10,0.35
2010-02-11,0.92
2010-02-12,0.0
2010-02-13,0.0
2010-02-14,0.46
2010-02-15,0.0
2010-02-16,0.0
2010-02-17,0.35
2010-02-18,0.0
2010-02-19,0.0
2010-02-20,0.0
2010-02-21,0.0
2010-02-22,0.0
2010-02-23,0.0
2010-02-24,0.0
2010-02-25,0.3
2010-02-26,0.0
2010-02-27,0.0
2010-02-28,0.0
2010-03-01,0.0
2010-03-02,0.88
2010-03-03,1.02
2010-03-04,0.58
2010-03-05,0.0
2010-03-06,0.0
2010-03-07,0.47
2010-03-08,0.55
2010-03-09,0.0
2010-03-10,0.34
2010-03-11,0.0
2010-03-12,0.0
2010-03-13,0.57
2010-03-14,0.47
2010-03-15,0.57
2010-03-16,0.45
2010-03-17,0.0
2010-03-18,0.0
2010-03-19,0.0
2010-03-20,0.58
2010-03-21,2.4
2010-03-22,0.0
2010-03-23,0.0
2010-03-24,0.0
2010-03-25,0.0
2010-03-26,0.74
2010-03-27,0.0
2010-03-28,0.46
2010-03-29,0.0
2010-03-30,0.0
2010-03-31,0.0
2010-04-01,0.0
2010-04-02,0.75
2010-04-03,0.61
2010-04-04,0.0
2010-04-05,0.0
2010-04-06,0.0
2010-04-07,0.35
2010-04-08,0.0
2010-04-09,0.0
2010-04-10,0.58
2010-04-11,0.96
2010-04-12,0.0
2010-04-13,0.0
2010-04-14,0.0
2010-04-15,0.28
2010-04-16,0.0
2010-04-17,0.0
2010-04-18,0.48
2010-04-19,0.0
2010-04-20,0.0
2010-04-21,1.03
2010-04-22,0.29
2010-04-23,0.35
2010-04-24,0.0
2010-04-25,0.0
2010-04-26,0.0
2010-04-27,0.42
2010-04-28,0.33
2010-04-29,0.84
2010-04-30,0.0
2010-05-01,0.0
2010-05-02,0.47
2010-05-03,0.0
2010-05-04,0.0
2010-05-05,0.33
2010-05-06,0.0
2010-05-07,0.35
2010-05-08,0.57
2010-05-09,0.0
2010-05-10,1.15
2010-05-11,0.0
2010-05-12,0.67
2010-05-13,0.0
2010-05-14,0.0
2010-05-15,0.56
2010-05-16,0.0
2010-05-17,0.0
2010-05-18,0.0
2010-05-19,0.0
2010-05-20,0.28
2010-05-21,0.0
2010-05-22,0.57
2010-05-23,0.46
2010-05-24,0.52
2010-05-25,0.42
2010-05-26,0.34
2010-05-27,0.0
2010-05-28,0.0
2010-05-29,0.0
2010-05-30,0.0
2010-05-31,0.0
2010-06-01,0.5
2010-06-02,0.0
2010-06-03,0.0
2010-06-04,0.37
2010-06-05,0.0
2010-06-06,0.5
2010-06-07,0.58
2010-06-08,0.0
2010-06-09,0.36
2010-06-10,0.0
2010-06-11,0.38
2010-06-12,0.0
2010-06-13,0.5
2010-06-14,0.59
2010-06-15,0.0
2010-06-16,0.35
2010-06-17,0.0
2010-06-18,0.0
2010-06-19,0.0
2010-06-20,0.48
2010-06-21,0.59
2010-06-22,1.38
2010-06-23,0.37
2010-06-24,0.0
2010-06-25,0.0
2010-06-26,1.2
2010-06-27,0.0
2010-06-28,0.0
2010-06-29,0.0
2010-06-30,0.0
2010-07-01,0.0
2010-07-02,0.0
2010-07-03,1.3
2010-07-04,1.08
2010-07-05,0.0
2010-07-06,0.57
2010-07-07,0.0
2010-07-08,0.0
2010-07-09,0.43
2010-07-10,0.0
2010-07-11,0.0
2010-07-12,0.62
2010-07-13,0.49
2010-07-14,0.0
2010-07-15,0.0
2010-07-16,0.0
2010-07-17,0.0
2010-07-18,0.0
2010-07-19,0.0
2010-07-20,0.5
2010-07-21,0.0
2010-07-22,0.0
2010-07-23,0.84
2010-07-24,0.0
2010-07-25,0.0
2010-07-26,0.0
2010-07-27,0.49
2010-07-28,1.87
2010-07-29,0.0
2010-07-30,0.0
2010-07-31,0.63
2010-08-01,0.0
2010-08-02,0.0
2010-08-03,0.49
2010-08-04,0.39
2010-08-05,0.0
2010-08-06,0.0
2010-08-07,0.0
2010-08-08,0.0
2010-08-09,0.0
2010-08-10,0.0
2010-08-11,0.39
2010-08-12,0.33
2010-08-13,0.0
2010-08-14,0.0
2010-08-15,0.0
2010-08-16,1.37
2010-08-17,0.0
2010-08-18,0.82
2010-08-19,0.0
2010-08-20,0.0
2010-08-21,0.0
2010-08-22,0.49
2010-08-23,0.0
2010-08-24,0.53
2010-08-25,0.0
2010-08-26,0.0
2010-08-27,0.41
2010-08-28,0.0
2010-08-29,0.96
2010-08-30,0.0
2010-08-31,0.0
2010-09-01,0.79
2010-09-02,0.32
2010-09-03,0.0
2010-09-04,0.0
2010-09-05,0.0
2010-09-06,0.91
2010-09-07,0.0
2010-09-08,0.39
2010-09-09,0.0
2010-09-10,0.39
2010-09-11,0.0
2010-09-12,0.48
2010-09-13,0.0
2010-09-14,0.0
2010-09-15,0.0
2010-09-16,0.0
2010-09-17,0.39
2010-09-18,0.0
2010-09-19,0.0
2010-09-20,0.0
2010-09-21,0.95
2010-09-22,0.0
2010-09-23,0.0
2010-09-24,0.78
2010-09-25,0.0
2010-09-26,0.0
2010-09-27,0.0
2010-09-28,0.0
2010-09-29,0.0
2010-09-30,0.3
2010-10-01,0.0
2010-10-02,0.0
2010-10-03,0.0
2010-10-04,0.63
2010-10-05,1.49
2010-10-06,0.0
2010-10-07,0.0
2010-10-08,0.0
2010-10-09,0.53
2010-10-10,0.0
2010-10-11,0.0
2010-10-12,0.47
2010-10-13,0.0
2010-10-14,0.0
2010-10-15,0.0
2010-10-16,0.0
2010-10-17,0.46
2010-10-18,1.77
2010-10-19,0.91
2010-10-20,0.0
2010-10-21,0.0
2010-10-22,0.36
2010-10-23,0.53
2010-10-24,0.46
2010-10-25,1.17
2010-10-26,0.44
2010-10-27,0.0
2010-10-28,0.56
2010-10-29,0.0
2010-10-30,0.0
2010-10-31,1.36
2010-11-01,0.59
2010-11-02,0.44
2010-11-03,0.0
2010-11-04,0.3
2010-11-05,0.0
2010-11-06,0.0
2010-11-07,1.38
2010-11-08,1.18
2010-11-09,0.45
2010-11-10,0.35
2010-11-11,0.31
2010-11-12,0.0
2010-11-13,0.54
2010-11-14,0.0
2010-11-15,0.0
2010-11-16,0.93
2010-11-17,0.0
2010-11-18,0.92
2010-11-19,0.0
2010-11-20,0.56
2010-11-21,0.48
2010-11-22,0.0
2010-11-23,0.0
2010-11-24,0.0
2010-11-25,0.88
2010-11-26,0.0
2010-11-27,0.0
2010-11-28,1.55
2010-11-29,0.0
2010-11-30,0.0
2010-12-01,0.37
2010-12-02,0.64
2010-12-03,0.0
2010-12-04,0.0
2010-12-05,0.0
2010-12-06,0.0
2010-12-07,0.0
2010-12-08,0.0
2010-12-09,0.0
2010-12-10,0.0
2010-12-11,0.59
2010-12-12,0.5
2010-12-13,0.63
2010-12-14,0.0
2010-12-15,0.0
2010-12-16,0.0
2010-12-17,0.0
2010-12-18,0.0
2010-12-19,0.51
2010-12-20,0.0
2010-12-21,0.0
2010-12-22,0.0
2010-12-23,0.0
2010-12-24,0.0
2010-12-25,0.0
2010-12-26,0.0
2010-12-27,0.0
2010-12-28,0.54
2010-12-29,0.0
2010-12-30,0.0
2010-12-31,0.0
2011-01-01,1.66
2011-01-02,2.22
2011-01-03,1.29
2011-01-04,0.0
2011-01-05,0.36
2011-01-06,0.0
2011-01-07,2.33
2011-01-08,0.0
2011-01-09,0.49
2011-01-10,0.0
2011-01-11,0.46
2011-01-12,0.0
2011-01-13,0.32
2011-01-14,0.0
2011-01-15,0.0
2011-01-16,0.0
2011-01-17,0.0
2011-01-18,0.0
2011-01-19,1.06
2011-01-20,0.0
2011-01-21,0.0
2011-01-22,0.0
2011-01-23,0.49
2011-01-24,0.62
2011-01-25,0.0
2011-01-26,0.35
2011-01-27,2.11
2011-01-28,0.73
2011-01-29,0.57
2011-01-30,0.47
2011-01-31,0.59
2011-02-01,0.0
2011-02-02,0.0
2011-02-03,0.0
2011-02-04,0.0
2011-02-05,0.56
2011-02-06,0.0
2011-02-07,0.0
2011-02-08,0.45
2011-02-09,0.0
2011-02-10,0.0
2011-02-11,0.0
2011-02-12,0.0
2011-02-13,0.47
2011-02-14,0.59
2011-02-15,0.45
2011-02-16,0.34
2011-02-17,0.87
2011-02-18,0.0
2011-02-19,0.0
2011-02-20,0.0
2011-02-21,0.61
2011-02-22,0.0
2011-02-23,0.0
2011-02-24,0.0
2011-02-25,0.0
2011-02-26,0.0
2011-02-27,0.0
2011-02-28,0.0
2011-03-01,0.0
2011-03-02,0.0
2011-03-03,0.0
2011-03-04,0.0
2011-03-05,0.54
2011-03-06,0.46
2011-03-07,0.59
2011-03-08,0.45
2011-03-09,0.0
2011-03-10,0.0
2011-03-11,0.0
2011-03-12,0.57
2011-03-13,0.0
2011-03-14,0.0
2011-03-15,0.0
2011-03-16,0.0
2011-03-17,0.29
2011-03-18,0.0
2011-03-19,0.58
2011-03-20,0.95
2011-03-21,1.21
2011-03-22,0.0
2011-03-23,0.0
2011-03-24,0.0
2011-03-25,0.0
2011-03-26,0.0
2011-03-27,0.47
2011-03-28,0.0
2011-03-29,0.0
2011-03-30,0.0
2011-03-31,0.29
2011-04-01,0.36
2011-04-02,0.0
2011-04-03,0.0
2011-04-04,0.0
2011-04-05,0.0
2011-04-06,0.32
2011-04-07,0.0
2011-04-08,0.0
2011-04-09,0.0
2011-04-10,0.47
2011-04-11,0.59
2011-04-12,0.0
2011-04-13,0.0
2011-04-14,0.58
2011-04-15,0.0
2011-04-16,0.0
2011-04-17,0.97
2011-04-18,1.15
2011-04-19,0.91
2011-04-20,0.0
2011-04-21,0.0
2011-04-22,0.0
2011-04-23,0.0
2011-04-24,1.95
2011-04-25,0.0
2011-04-26,0.0
2011-04-27,0.0
2011-04-28,0.57
2011-04-29,0.0
2011-04-30,0.0
2011-05-01,0.0
2011-05-02,0.0
2011-05-03,0.44
2011-05-04,0.34
2011-05-05,0.0
2011-05-06,0.36
2011-05-07,0.0
2011-05-08,0.47
2011-05-09,0.59
2011-05-10,0.0
2011-05-11,0.0
2011-05-12,0.0
2011-05-13,0.0
2011-05-14,0.0
2011-05-15,0.47
2011-05-16,0.0
2011-05-17,0.0
2011-05-18,0.0
2011-05-19,0.29
2011-05-20,0.0
2011-05-21,0.56
2011-05-22,0.0
2011-05-23,0.0
2011-05-24,0.0
2011-05-25,0.0
2011-05-26,0.0
2011-05-27,0.0
2011-05-28,0.0
2011-05-29,0.0
2011-05-30,0.0
2011-05-31,0.0
2011-06-01,0.0
2011-06-02,0.0
2011-06-03,0.0
2011-06-04,0.0
2011-06-05,0.49
2011-06-06,0.0
2011-06-07,0.0
2011-06-08,0.0
2011-06-09,0.0
2011-06-10,0.38
2011-06-11,0.0
2011-06-12,0.5
2011-06-13,0.0
2011-06-14,0.0
2011-06-15,2.95
2011-06-16,0.0
2011-06-17,0.0
2011-06-18,0.62
2011-06-19,1.49
2011-06-20,0.63
2011-06-21,0.0
2011-06-22,0.0
2011-06-23,0.0
2011-06-24,0.0
2011-06-25,0.61
2011-06-26,0.51
2011-06-27,0.0
2011-06-28,0.0
2011-06-29,0.0
2011-06-30,0.0
2011-07-01,0.0
2011-07-02,0.0
2011-07-03,0.0
2011-07-04,0.0
2011-07-05,0.0
2011-07-06,0.8
2011-07-07,0.0
2011-07-08,0.0
2011-07-09,0.0
2011-07-10,0.0
2011-07-11,0.65
2011-07-12,0.0
2011-07-13,0.0
2011-07-14,0.33
2011-07-15,0.0
2011-07-16,0.63
2011-07-17,0.0
2011-07-18,0.0
2011-07-19,0.0
2011-07-20,0.0
2011-07-21,0.0
2011-07-22,0.4
2011-07-23,0.61
2011-07-24,0.0
2011-07-25,0.67
2011-07-26,0.0
2011-07-27,0.0
2011-07-28,0.0
2011-07-29,0.0
2011-07-30,0.0
2011-07-31,0.0
2011-08-01,0.0
2011-08-02,0.0
2011-08-03,0.38
2011-08-04,0.0
2011-08-05,0.0
2011-08-06,0.0
2011-08-07,0.52
2011-08-08,2.6
2011-08-09,1.49
2011-08-10,0.0
2011-08-11,0.64
2011-08-12,0.0
2011-08-13,0.62
2011-08-14,1.51
2011-08-15,1.37
2011-08-16,0.0
2011-08-17,0.0
2011-08-18,0.0
2011-08-19,0.0
2011-08-20,1.23
2011-08-21,0.5
2011-08-22,0.0
2011-08-23,0.0
2011-08-24,0.0
2011-08-25,0.0
2011-08-26,0.0
2011-08-27,1.74
2011-08-28,0.97
2011-08-29,1.25
2011-08-30,0.48
2011-08-31,0.36
2011-09-01,0.0
2011-09-02,0.0
2011-09-03,0.56
2011-09-04,1.02
2011-09-05,0.89
2011-09-06,0.55
2011-09-07,0.36
2011-09-08,0.0
2011-09-09,0.0
2011-09-10,0.0
2011-09-11,0.88
2011-09-12,0.0
2011-09-13,0.0
2011-09-14,0.0
2011-09-15,0.0
2011-09-16,0.0
2011-09-17,0.0
2011-09-18,0.49
2011-09-19,0.0
2011-09-20,0.48
2011-09-21,0.0
2011-09-22,0.6
2011-09-23,0.37
2011-09-24,0.0
2011-09-25,0.95
2011-09-26,0.0
2011-09-27,0.46
2011-09-28,0.39
2011-09-29,0.0
2011-09-30,0.0
2011-10-01,0.0
2011-10-02,0.49
2011-10-03,0.61
2011-10-04,0.46
2011-10-05,0.0
2011-10-06,0.0
2011-10-07,0.0
2011-10-08,0.0
2011-10-09,2.98
2011-10-10,0.63
2011-10-11,0.46
2011-10-12,0.0
2011-10-13,0.0
2011-10-14,0.0
2011-10-15,0.0
2011-10-16,0.0
2011-10-17,0.0
2011-10-18,0.87
2011-10-19,0.69
2011-10-20,0.29
2011-10-21,0.34
2011-10-22,1.06
2011-10-23,0.0
2011-10-24,0.0
2011-10-25,0.46
2011-10-26,0.0
2011-10-27,0.0
2011-10-28,0.0
2011-10-29,0.0
2011-10-30,0.94
2011-10-31,0.0
2011-11-01,0.0
2011-11-02,0.0
2011-11-03,0.0
2011-11-04,0.0
2011-11-05,0.51
2011-11-06,0.46
2011-11-07,0.0
2011-11-08,0.43
2011-11-09,0.64
2011-11-10,0.0
2011-11-11,0.0
2011-11-12,0.0
2011-11-13,0.95
2011-11-14,0.56
2011-11-15,0.0
2011-11-16,0.0
2011-11-17,0.31
2011-11-18,1.19
2011-11-19,0.0
2011-11-20,0.0
2011-11-21,0.0
2011-11-22,0.0
2011-11-23,0.0
2011-11-24,0.0
2011-11-25,0.0
2011-11-26,0.0
2011-11-27,0.55
2011-11-28,0.66
2011-11-29,0.52
2011-11-30,0.0
2011-12-01,0.0
2011-12-02,0.39
2011-12-03,0.0
2011-12-04,0.0
2011-12-05,4.42
2011-12-06,0.49
2011-12-07,0.0
2011-12-08,0.32
2011-12-09,0.4
2011-12-10,0.0
2011-12-11,0.0
2011-12-12,0.65
2011-12-13,0.5
2011-12-14,0.0
2011-12-15,0.31
2011-12-16,0.4
2011-12-17,0.63
2011-12-18,0.53
2011-12-19,0.0
2011-12-20,0.51
2011-12-21,0.4
2011-12-22,0.34
2011-12-23,0.0
2011-12-24,0.72
2011-12-25,0.66
2011-12-26,1.92
2011-12-27,0.63
2011-12-28,0.0
2011-12-29,0.0
2011-12-30,0.0
2011-12-31,0.0
2012-01-01,1.25
2012-01-02,0.0
2012-01-03,0.0
2012-01-04,0.0
2012-01-05,0.0
2012-01-06,0.0
2012-01-07,0.62
2012-01-08,0.54
2012-01-09,0.0
2012-01-10,0.0
2012-01-11,0.0
2012-01-12,0.0
2012-01-13,1.19
2012-01-14,0.0
2012-01-15,0.0
2012-01-16,1.36
2012-01-17,0.0
2012-01-18,0.0
2012-01-19,0.0
2012-01-20,0.0
2012-01-21,0.6
2012-01-22,1.06
2012-01-23,0.0
2012-01-24,0.0
2012-01-25,1.91
2012-01-26,0.0
2012-01-27,0.0
2012-01-28,0.0
2012-01-29,0.51
2012-01-30,0.0
2012-01-31,0.0
2012-02-01,0.0
2012-02-02,0.0
2012-02-03,0.0
2012-02-04,0.6
2012-02-05,0.0
2012-02-06,1.39
2012-02-07,0.0
2012-02-08,0.38
2012-02-09,0.29
2012-02-10,0.4
2012-02-11,4.31
2012-02-12,5.77
2012-02-13,1.35
2012-02-14,0.99
2012-02-15,0.0
2012-02-16,0.0
2012-02-17,0.0
2012-02-18,0.0
2012-02-19,0.0
2012-02-20,0.0
2012-02-21,0.0
2012-02-22,0.37
2012-02-23,0.0
2012-02-24,0.0
2012-02-25,0.6
2012-02-26,1.02
2012-02-27,0.67
2012-02-28,0.0
2012-02-29,0.38
2012-03-01,0.0
2012-03-02,0.39
2012-03-03,0.0
2012-03-04,0.0
2012-03-05,0.0
2012-03-06,0.0
2012-03-07,0.39
2012-03-08,0.0
2012-03-09,0.41
2012-03-10,0.62
2012-03-11,0.0
2012-03-12,0.0
2012-03-13,1.01
2012-03-14,0.78
2012-03-15,0.0
2012-03-16,0.41
2012-03-17,0.0
2012-03-18,0.0
2012-03-19,0.0
2012-03-20,0.0
2012-03-21,0.39
2012-03-22,0.0
2012-03-23,0.0
2012-03-24,0.0
2012-03-25,1.05
2012-03-26,0.0
2012-03-27,0.0
2012-03-28,0.0
2012-03-29,0.32
2012-03-30,0.0
2012-03-31,1.27
2012-04-01,0.0
2012-04-02,0.0
2012-04-03,0.0
2012-04-04,0.78
2012-04-05,0.0
2012-04-06,0.0
2012-04-07,0.0
2012-04-08,0.0
2012-04-09,0.7
2012-04-10,0.0
2012-04-11,0.38
2012-04-12,0.63
2012-04-13,0.0
2012-04-14,1.88
2012-04-15,0.52
2012-04-16,0.0
2012-04-17,0.47
2012-04-18,1.1
2012-04-19,0.0
2012-04-20,0.78
2012-04-21,0.0
2012-04-22,1.04
2012-04-23,0.0
2012-04-24,0.0
2012-04-25,0.37
2012-04-26,0.3
2012-04-27,0.79
2012-04-28,0.61
2012-04-29,0.0
2012-04-30,0.66
2012-05-01,0.0
2012-05-02,0.38
2012-05-03,0.0
2012-05-04,0.0
2012-05-05,0.61
2012-05-06,0.0
2012-05-07,0.65
2012-05-08,0.0
2012-05-09,0.38
2012-05-10,0.3
2012-05-11,0.0
2012-05-12,0.0
2012-05-13,1.04
2012-05-14,0.0
2012-05-15,0.48
2012-05-16,0.0
2012-05-17,0.3
2012-05-18,0.0
2012-05-19,0.61
2012-05-20,0.53
2012-05-21,0.67
2012-05-22,0.5
2012-05-23,0.0
2012-05-24,0.0
2012-05-25,0.41
2012-05-26,0.63
2012-05-27,0.0
2012-05-28,0.0
2012-05-29,0.59
2012-05-30,0.0
2012-05-31,0.0
2012-06-01,0.4
2012-06-02,0.0
2012-06-03,0.0
2012-06-04,0.0
2012-06-05,0.0
2012-06-06,0.4
2012-06-07,0.32
2012-06-08,0.42
2012-06-09,0.0
2012-06-10,0.53
2012-06-11,0.0
2012-06-12,0.0
2012-06-13,1.22
2012-06-14,0.33
2012-06-15,0.0
2012-06-16,0.66
2012-06-17,1.65
2012-06-18,0.0
2012-06-19,0.0
2012-06-20,0.4
2012-06-21,0.32
2012-06-22,1.68
2012-06-23,0.0
2012-06-24,0.0
2012-06-25,0.0
2012-06-26,0.52
2012-06-27,1.24
2012-06-28,0.33
2012-06-29,0.0
2012-06-30,0.0
2012-07-01,0.0
2012-07-02,0.0
2012-07-03,0.0
2012-07-04,0.0
2012-07-05,0.38
2012-07-06,0.0
2012-07-07,0.0
2012-07-08,0.58
2012-07-09,0.0
2012-07-10,0.0
2012-07-11,0.41
2012-07-12,0.0
2012-07-13,0.42
2012-07-14,0.67
2012-07-15,0.0
2012-07-16,0.0
2012-07-17,0.0
2012-07-18,0.0
2012-07-19,0.0
2012-07-20,0.44
2012-07-21,0.0
2012-07-22,0.0
2012-07-23,0.0
2012-07-24,0.0
2012-07-25,0.41
2012-07-26,2.87
2012-07-27,0.0
2012-07-28,1.98
2012-07-29,1.12
2012-07-30,0.0
2012-07-31,0.53
2012-08-01,0.4
2012-08-02,0.0
2012-08-03,0.43
2012-08-04,0.67
2012-08-05,0.0
2012-08-06,0.0
2012-08-07,0.53
2012-08-08,0.4
2012-08-09,0.99
2012-08-10,0.0
2012-08-11,0.0
2012-08-12,0.0
2012-08-13,0.0
2012-08-14,0.0
2012-08-15,0.0
2012-08-16,0.34
2012-08-17,0.43
2012-08-18,0.0
2012-08-19,0.0
2012-08-20,0.0
2012-08-21,0.0
2012-08-22,0.0
2012-08-23,0.0
2012-08-24,2.54
2012-08-25,7.23
2012-08-26,0.55
2012-08-27,0.0
2012-08-28,0.52
2012-08-29,0.0
2012-08-30,0.0
2012-08-31,0.0
2012-09-01,0.0
2012-09-02,0.0
2012-09-03,0.0
2012-09-04,0.0
2012-09-05,0.0
2012-09-06,0.0
2012-09-07,0.0
2012-09-08,0.0
2012-09-09,0.0
2012-09-10,0.0
2012-09-11,0.0
2012-09-12,0.4
2012-09-13,0.0
2012-09-14,0.0
2012-09-15,0.0
2012-09-16,0.54
2012-09-17,0.0
2012-09-18,0.52
2012-09-19,0.0
2012-09-20,0.0
2012-09-21,0.0
2012-09-22,1.21
2012-09-23,1.08
2012-09-24,0.0
2012-09-25,0.51
2012-09-26,0.0
2012-09-27,0.65
2012-09-28,0.0
2012-09-29,0.0
2012-09-30,0.0
2012-10-01,0.0
2012-10-02,0.0
2012-10-03,1.19
2012-10-04,0.0
2012-10-05,0.82
2012-10-06,1.76
2012-10-07,1.06
2012-10-08,0.72
2012-10-09,0.51
2012-10-10,0.79
2012-10-11,0.0
2012-10-12,0.0
2012-10-13,0.0
2012-10-14,0.0
2012-10-15,0.0
2012-10-16,0.51
2012-10-17,0.39
2012-10-18,0.0
2012-10-19,0.38
2012-10-20,1.19
2012-10-21,0.0
2012-10-22,0.0
2012-10-23,0.0
2012-10-24,0.0
2012-10-25,1.28
2012-10-26,0.41
2012-10-27,0.0
2012-10-28,0.0
2012-10-29,0.0
2012-10-30,0.0
2012-10-31,0.0
2012-11-01,0.0
2012-11-02,0.41
2012-11-03,0.0
2012-11-04,0.53
2012-11-05,0.0
2012-11-06,0.0
2012-11-07,0.0
2012-11-08,0.0
2012-11-09,0.0
2012-11-10,0.0
2012-11-11,1.61
2012-11-12,0.0
2012-11-13,0.0
2012-11-14,0.4
2012-11-15,0.33
2012-11-16,0.0
2012-11-17,0.0
2012-11-18,0.0
2012-11-19,0.0
2012-11-20,0.0
2012-11-21,0.4
2012-11-22,0.0
2012-11-23,0.0
2012-11-24,0.0
2012-11-25,0.0
2012-11-26,0.0
2012-11-27,0.0
2012-11-28,0.41
2012-11-29,0.34
2012-11-30,0.0
2012-12-01,0.0
2012-12-02,0.0
2012-12-03,0.0
2012-12-04,1.07
2012-12-05,0.0
2012-12-06,0.0
2012-12-07,0.0
2012-12-08,0.0
2012-12-09,1.1
2012-12-10,0.0
2012-12-11,0.0
2012-12-12,0.0
2012-12-13,0.0
2012-12-14,0.44
2012-12-15,0.0
2012-12-16,0.0
2012-12-17,0.0
2012-12-18,0.55
2012-12-19,0.0
2012-12-20,0.0
2012-12-21,0.0
2012-12-22,0.0
2012-12-23,0.62
2012-12-24,1.69
2012-12-25,1.11
2012-12-26,0.0
2012-12-27,0.42
2012-12-28,0.0
2012-12-29,0.73
2012-12-30,1.25
2012-12-31,0.0
2013-01-01,0.94
2013-01-02,0.52
2013-01-03,0.0
2013-01-04,0.0
2013-01-05,0.0
2013-01-06,1.74
2013-01-07,0.0
2013-01-08,0.0
2013-01-09,0.0
2013-01-10,0.34
2013-01-11,0.87
2013-01-12,0.66
2013-01-13,1.11
2013-01-14,0.0
2013-01-15,0.0
2013-01-16,0.0
2013-01-17,0.0
2013-01-18,0.0
2013-01-19,0.0
2013-01-20,0.0
2013-01-21,0.74
2013-01-22,0.55
2013-01-23,0.81
2013-01-24,0.0
2013-01-25,0.0
2013-01-26,1.3
2013-01-27,0.55
2013-01-28,0.0
2013-01-29,0.51
2013-01-30,0.39
2013-01-31,0.33
2013-02-01,0.0
2013-02-02,0.0
2013-02-03,1.1
2013-02-04,0.0
2013-02-05,0.52
2013-02-06,1.58
2013-02-07,0.33
2013-02-08,0.0
2013-02-09,0.64
2013-02-10,0.0
2013-02-11,0.0
2013-02-12,0.51
2013-02-13,0.8
2013-02-14,0.67
2013-02-15,0.0
2013-02-16,0.0
2013-02-17,1.61
2013-02-18,0.0
2013-02-19,0.0
2013-02-20,0.8
2013-02-21,0.32
2013-02-22,0.0
2013-02-23,0.0
2013-02-24,0.0
2013-02-25,0.0
2013-02-26,0.0
2013-02-27,0.79
2013-02-28,0.58
2013-03-01,0.0
2013-03-02,0.0
2013-03-03,0.0
2013-03-04,0.0
2013-03-05,0.5
2013-03-06,1.21
2013-03-07,0.32
2013-03-08,0.42
2013-03-09,0.64
2013-03-10,0.0
2013-03-11,1.39
2013-03-12,0.0
2013-03-13,1.2
2013-03-14,0.64
2013-03-15,2.11
2013-03-16,0.0
2013-03-17,0.0
2013-03-18,0.0
2013-03-19,0.0
2013-03-20,0.81
2013-03-21,0.99
2013-03-22,0.43
2013-03-23,1.35
2013-03-24,1.71
2013-03-25,0.0
2013-03-26,0.53
2013-03-27,0.83
2013-03-28,1.36
2013-03-29,0.45
2013-03-30,0.0
2013-03-31,0.0
2013-04-01,0.0
2013-04-02,1.59
2013-04-03,0.0
2013-04-04,0.0
2013-04-05,0.44
2013-04-06,0.0
2013-04-07,0.0
2013-04-08,0.0
2013-04-09,1.06
2013-04-10,0.41
2013-04-11,0.98
2013-04-12,0.44
2013-04-13,0.68
2013-04-14,0.57
2013-04-15,0.0
2013-04-16,0.0
2013-04-17,0.42
2013-04-18,0.66
2013-04-19,1.77
2013-04-20,0.0
2013-04-21,0.0
2013-04-22,0.0
2013-04-23,0.0
2013-04-24,0.0
2013-04-25,0.0
2013-04-26,0.43
2013-04-27,0.0
2013-04-28,0.0
2013-04-29,0.0
2013-04-30,0.0
2013-05-01,0.41
2013-05-02,0.0
2013-05-03,0.0
2013-05-04,0.0
2013-05-05,0.0
2013-05-06,0.0
2013-05-07,0.51
2013-05-08,0.4
2013-05-09,0.36
2013-05-10,0.0
2013-05-11,0.67
2013-05-12,2.86
2013-05-13,0.0
2013-05-14,0.0
2013-05-15,0.0
2013-05-16,0.0
2013-05-17,0.0
2013-05-18,0.0
2013-05-19,0.0
2013-05-20,2.2
2013-05-21,0.0
2013-05-22,0.41
2013-05-23,0.0
2013-05-24,0.45
2013-05-25,0.0
2013-05-26,0.0
2013-05-27,0.0
2013-05-28,0.0
2013-05-29,0.0
2013-05-30,0.0
2013-05-31,0.0
2013-06-01,0.7
2013-06-02,0.0
2013-06-03,0.73
2013-06-04,0.0
2013-06-05,0.42
2013-06-06,0.0
2013-06-07,0.44
2013-06-08,0.0
2013-06-09,0.0
2013-06-10,0.0
2013-06-11,0.0
2013-06-12,0.0
2013-06-13,0.0
2013-06-14,0.0
2013-06-15,1.46
2013-06-16,0.61
2013-06-17,0.0
2013-06-18,0.0
2013-06-19,0.0
2013-06-20,0.0
2013-06-21,0.46
2013-06-22,0.0
2013-06-23,0.0
2013-06-24,0.0
2013-06-25,0.0
2013-06-26,0.0
2013-06-27,0.0
2013-06-28,0.0
2013-06-29,1.5
2013-06-30,0.0
2013-07-01,0.0
2013-07-02,0.0
2013-07-03,0.0
2013-07-04,0.0
2013-07-05,0.0
2013-07-06,0.0
2013-07-07,0.0
2013-07-08,0.0
2013-07-09,0.0
2013-07-10,0.45
2013-07-11,0.0
2013-07-12,0.48
2013-07-13,0.0
2013-07-14,0.0
2013-07-15,0.0
2013-07-16,0.58
2013-07-17,0.0
2013-07-18,0.0
2013-07-19,0.0
2013-07-20,0.0
2013-07-21,1.25
2013-07-22,0.0
2013-07-23,0.58
2013-07-24,0.0
2013-07-25,0.38
2013-07-26,0.0
2013-07-27,0.0
2013-07-28,0.0
2013-07-29,0.79
2013-07-30,0.0
2013-07-31,0.0
2013-08-01,0.0
2013-08-02,0.0
2013-08-03,0.0
2013-08-04,0.0
2013-08-05,0.0
2013-08-06,0.0
2013-08-07,0.0
2013-08-08,0.0
2013-08-09,0.0
2013-08-10,0.0
2013-08-11,0.62
2013-08-12,1.55
2013-08-13,4.05
2013-08-14,0.0
2013-08-15,0.0
2013-08-16,0.0
2013-08-17,0.0
2013-08-18,0.0
2013-08-19,0.0
2013-08-20,0.0
2013-08-21,0.0
2013-08-22,1.11
2013-08-23,0.0
2013-08-24,0.71
2013-08-25,0.58
2013-08-26,0.0
2013-08-27,0.0
2013-08-28,0.43
2013-08-29,0.73
2013-08-30,0.0
2013-08-31,0.0
2013-09-01,0.0
2013-09-02,0.0
2013-09-03,0.0
2013-09-04,0.43
2013-09-05,0.0
2013-09-06,0.0
2013-09-07,0.63
2013-09-08,0.0
2013-09-09,0.71
2013-09-10,0.0
2013-09-11,0.0
2013-09-12,0.0
2013-09-13,0.0
2013-09-14,0.0
2013-09-15,2.33
2013-09-16,0.0
2013-09-17,0.0
2013-09-18,0.43
2013-09-19,0.0
2013-09-20,0.0
2013-09-21,0.0
2013-09-22,0.0
2013-09-23,0.0
2013-09-24,0.0
2013-09-25,0.0
2013-09-26,0.36
2013-09-27,0.0
2013-09-28,0.64
2013-09-29,0.0
2013-09-30,1.42
2013-10-01,4.29
2013-10-02,0.43
2013-10-03,0.36
2013-10-04,0.43
2013-10-05,0.63
2013-10-06,0.58
2013-10-07,0.0
2013-10-08,0.55
2013-10-09,0.83
2013-10-10,0.35
2013-10-11,0.43
2013-10-12,0.0
2013-10-13,0.58
2013-10-14,1.48
2013-10-15,0.0
2013-10-16,0.0
2013-10-17,0.35
2013-10-18,0.0
2013-10-19,1.3
2013-10-20,0.56
2013-10-21,0.0
2013-10-22,0.0
2013-10-23,0.0
2013-10-24,0.0
2013-10-25,0.44
2013-10-26,0.0
2013-10-27,0.56
2013-10-28,0.71
2013-10-29,0.55
2013-10-30,0.0
2013-10-31,0.0
2013-11-01,0.0
2013-11-02,0.63
2013-11-03,0.0
2013-11-04,0.0
2013-11-05,0.0
2013-11-06,0.0
2013-11-07,0.36
2013-11-08,0.0
2013-11-09,0.0
2013-11-10,0.57
2013-11-11,0.0
2013-11-12,0.0
2013-11-13,0.86
2013-11-14,0.72
2013-11-15,0.0
2013-11-16,0.66
2013-11-17,0.58
2013-11-18,0.0
2013-11-19,0.0
2013-11-20,0.43
2013-11-21,0.73
2013-11-22,0.0
2013-11-23,0.69
2013-11-24,0.0
2013-11-25,0.73
2013-11-26,0.0
2013-11-27,0.0
2013-11-28,0.0
2013-11-29,0.0
2013-11-30,0.0
2013-12-01,0.61
2013-12-02,0.0
2013-12-03,0.0
2013-12-04,0.0
2013-12-05,0.0
2013-12-06,0.46
2013-12-07,0.71
2013-12-08,1.77
2013-12-09,0.0
2013-12-10,0.0
2013-12-11,0.0
2013-12-12,0.0
2013-12-13,0.46
2013-12-14,0.71
2013-12-15,0.6
2013-12-16,1.55
2013-12-17,0.56
2013-12-18,0.0
2013-12-19,0.0
2013-12-20,0.0
2013-12-21,0.0
2013-12-22,0.0
2013-12-23,0.0
2013-12-24,0.0
2013-12-25,0.0
2013-12-26,1.02
2013-12-27,0.55
2013-12-28,1.55
2013-12-29,2.58
2013-12-30,0.78
2013-12-31,1.25
2014-01-01,0.74
2014-01-02,0.0
2014-01-03,0.0
2014-01-04,0.75
2014-01-05,1.24
2014-01-06,0.0
2014-01-07,0.58
2014-01-08,0.44
2014-01-09,0.37
2014-01-10,0.0
2014-01-11,0.65
2014-01-12,0.59
2014-01-13,0.0
2014-01-14,0.0
2014-01-15,0.0
2014-01-16,0.0
2014-01-17,1.34
2014-01-18,0.63
2014-01-19,0.56
2014-01-20,0.0
2014-01-21,0.0
2014-01-22,0.0
2014-01-23,0.36
2014-01-24,0.89
2014-01-25,1.28
2014-01-26,0.0
2014-01-27,0.0
2014-01-28,0.0
2014-01-29,0.42
2014-01-30,0.35
2014-01-31,2.12
2014-02-01,2.49
2014-02-02,0.55
2014-02-03,1.33
2014-02-04,0.0
2014-02-05,0.0
2014-02-06,1.02
2014-02-07,1.28
2014-02-08,0.64
2014-02-09,0.57
2014-02-10,0.0
2014-02-11,0.0
2014-02-12,0.0
2014-02-13,0.0
2014-02-14,0.4
2014-02-15,1.23
2014-02-16,0.54
2014-02-17,0.0
2014-02-18,0.55
2014-02-19,0.0
2014-02-20,0.0
2014-02-21,0.44
2014-02-22,0.0
2014-02-23,0.0
2014-02-24,0.0
2014-02-25,0.0
2014-02-26,0.42
2014-02-27,0.0
2014-02-28,0.0
2014-03-01,0.0
2014-03-02,0.0
2014-03-03,0.0
2014-03-04,1.07
2014-03-05,0.85
2014-03-06,0.7
2014-03-07,0.87
2014-03-08,0.0
2014-03-09,0.55
2014-03-10,0.0
2014-03-11,2.05
2014-03-12,0.83
2014-03-13,0.0
2014-03-14,0.44
2014-03-15,0.0
2014-03-16,0.0
2014-03-17,0.0
2014-03-18,0.0
2014-03-19,0.42
2014-03-20,0.0
2014-03-21,0.0
2014-03-22,1.22
2014-03-23,1.1
2014-03-24,0.71
2014-03-25,1.06
2014-03-26,0.0
2014-03-27,0.36
2014-03-28,0.0
2014-03-29,0.0
2014-03-30,2.76
2014-03-31,0.69
2014-04-01,1.05
2014-04-02,0.83
2014-04-03,0.0
2014-04-04,0.0
2014-04-05,0.0
2014-04-06,0.54
2014-04-07,0.0
2014-04-08,0.0
2014-04-09,0.41
2014-04-10,0.69
2014-04-11,0.43
2014-04-12,0.0
2014-04-13,0.0
2014-04-14,0.0
2014-04-15,0.0
2014-04-16,0.42
2014-04-17,0.35
2014-04-18,0.0
2014-04-19,0.0
2014-04-20,0.0
2014-04-21,0.73
2014-04-22,0.0
2014-04-23,0.0
2014-04-24,0.0
2014-04-25,0.0
2014-04-26,0.0
2014-04-27,0.55
2014-04-28,0.7
2014-04-29,0.52
2014-04-30,0.42
2014-05-01,0.0
2014-05-02,0.0
2014-05-03,0.0
2014-05-04,0.0
2014-05-05,0.7
2014-05-06,0.0
2014-05-07,0.41
2014-05-08,0.0
2014-05-09,0.85
2014-05-10,0.0
2014-05-11,0.52
2014-05-12,0.0
2014-05-13,1.56
2014-05-14,0.42
2014-05-15,0.36
2014-05-16,0.0
2014-05-17,1.41
2014-05-18,0.54
2014-05-19,0.0
2014-05-20,0.0
2014-05-21,0.82
2014-05-22,0.0
2014-05-23,1.76
2014-05-24,0.66
2014-05-25,0.56
2014-05-26,0.0
2014-05-27,0.0
2014-05-28,0.0
2014-05-29,0.0
2014-05-30,0.0
2014-05-31,0.0
2014-06-01,0.0
2014-06-02,0.0
2014-06-03,0.0
2014-06-04,0.42
2014-06-05,0.36
2014-06-06,0.0
2014-06-07,0.0
2014-06-08,0.0
2014-06-09,0.0
2014-06-10,0.0
2014-06-11,0.0
2014-06-12,0.0
2014-06-13,0.0
2014-06-14,0.0
2014-06-15,0.58
2014-06-16,0.72
2014-06-17,0.0
2014-06-18,0.0
2014-06-19,0.0
2014-06-20,0.0
2014-06-21,0.0
2014-06-22,0.0
2014-06-23,0.0
2014-06-24,0.0
2014-06-25,0.0
2014-06-26,0.76
2014-06-27,0.0
2014-06-28,0.0
2014-06-29,0.0
2014-06-30,0.0
2014-07-01,0.0
2014-07-02,0.0
2014-07-03,0.0
2014-07-04,0.0
2014-07-05,0.0
2014-07-06,0.0
2014-07-07,0.0
2014-07-08,0.0
2014-07-09,2.26
2014-07-10,0.0
2014-07-11,0.0
2014-07-12,0.0
2014-07-13,1.89
2014-07-14,0.74
2014-07-15,0.0
2014-07-16,0.0
2014-07-17,0.0
2014-07-18,0.0
2014-07-19,5.27
2014-07-20,1.24
2014-07-21,0.0
2014-07-22,0.0
2014-07-23,0.0
2014-07-24,0.0
2014-07-25,0.48
2014-07-26,0.0
2014-07-27,0.61
2014-07-28,0.0
2014-07-29,0.57
2014-07-30,0.0
2014-07-31,0.39
2014-08-01,0.0
2014-08-02,0.0
2014-08-03,0.0
2014-08-04,0.0
2014-08-05,0.56
2014-08-06,0.0
2014-08-07,0.0
2014-08-08,0.0
2014-08-09,0.0
2014-08-10,0.0
2014-08-11,1.54
2014-08-12,0.0
2014-08-13,1.39
2014-08-14,0.0
2014-08-15,0.0
2014-08-16,1.47
2014-08-17,1.22
2014-08-18,0.0
2014-08-19,0.0
2014-08-20,0.46
2014-08-21,0.75
2014-08-22,0.92
2014-08-23,0.0
2014-08-24,1.72
2014-08-25,0.0
2014-08-26,0.56
2014-08-27,0.0
2014-08-28,0.76
2014-08-29,0.46
2014-08-30,0.0
2014-08-31,0.61
2014-09-01,1.05
2014-09-02,0.0
2014-09-03,0.0
2014-09-04,0.0
2014-09-05,0.0
2014-09-06,0.66
2014-09-07,1.17
2014-09-08,0.0
2014-09-09,0.0
2014-09-10,0.0
2014-09-11,0.0
2014-09-12,0.0
2014-09-13,0.0
2014-09-14,0.57
2014-09-15,0.73
2014-09-16,1.06
2014-09-17,0.0
2014-09-18,0.0
2014-09-19,0.89
2014-09-20,1.93
2014-09-21,0.57
2014-09-22,0.71
2014-09-23,0.0
2014-09-24,0.0
2014-09-25,0.74
2014-09-26,0.45
2014-09-27,1.9
2014-09-28,1.75
2014-09-29,0.0
2014-09-30,0.53
2014-10-01,1.29
2014-10-02,3.87
2014-10-03,0.44
2014-10-04,0.0
2014-10-05,1.69
2014-10-06,0.0
2014-10-07,0.0
2014-10-08,1.27
2014-10-09,0.75
2014-10-10,1.78
2014-10-11,1.28
2014-10-12,2.86
2014-10-13,2.88
2014-10-14,7.99
2014-10-15,5.49
2014-10-16,9.86
2014-10-17,8.49
2014-10-18,10.22
2014-10-19,15.91
2014-10-20,6.31
2014-10-21,2.09
2014-10-22,9.84
2014-10-23,2.32
2014-10-24,3.12
2014-10-25,7.59
2014-10-26,6.87
2014-10-27,3.95
2014-10-28,3.17
2014-10-29,6.75
2014-10-30,0.0
2014-10-31,0.88
2014-11-01,11.45
2014-11-02,2.24
2014-11-03,2.83
2014-11-04,0.53
2014-11-05,1.23
2014-11-06,0.36
2014-11-07,0.46
2014-11-08,2.03
2014-11-09,1.16
2014-11-10,6.34
2014-11-11,1.69
2014-11-12,0.45
2014-11-13,0.73
2014-11-14,0.0
2014-11-15,0.0
2014-11-16,0.59
2014-11-17,0.0
2014-11-18,0.55
2014-11-19,0.44
2014-11-20,1.13
2014-11-21,0.0
2014-11-22,0.0
2014-11-23,0.59
2014-11-24,0.0
2014-11-25,1.1
2014-11-26,0.0
2014-11-27,2.11
2014-11-28,0.0
2014-11-29,0.0
2014-11-30,1.28
2014-12-01,0.0
2014-12-02,0.0
2014-12-03,0.0
2014-12-04,0.38
2014-12-05,0.0
2014-12-06,1.39
2014-12-07,0.0
2014-12-08,0.0
2014-12-09,0.53
2014-12-10,0.0
2014-12-11,0.0
2014-12-12,0.47
2014-12-13,0.0
2014-12-14,0.61
2014-12-15,0.71
2014-12-16,0.54
2014-12-17,1.35
2014-12-18,0.39
2014-12-19,0.94
2014-12-20,0.0
2014-12-21,0.0
2014-12-22,0.74
2014-12-23,5.8
2014-12-24,0.51
2014-12-25,0.68
2014-12-26,2.55
2014-12-27,0.0
2014-12-28,1.3
2014-12-29,0.0
2014-12-30,1.19
2014-12-31,12.55
2015-01-01,8.96
2015-01-02,0.6
2015-01-03,0.0
2015-01-04,3.14
2015-01-05,0.0
2015-01-06,1.1
2015-01-07,0.0
2015-01-08,0.38
2015-01-09,0.91
2015-01-10,0.0
2015-01-11,1.17
2015-01-12,2.79
2015-01-13,0.0
2015-01-14,1.27
2015-01-15,0.38
2015-01-16,0.0
2015-01-17,1.35
2015-01-18,0.0
2015-01-19,0.0
2015-01-20,8.68
2015-01-21,0.42
2015-01-22,0.36
2015-01-23,0.0
2015-01-24,0.68
2015-01-25,1.17
2015-01-26,0.0
2015-01-27,0.0
2015-01-28,0.0
2015-01-29,0.76
2015-01-30,0.0
2015-01-31,0.67
2015-02-01,1.71
2015-02-02,0.72
2015-02-03,0.53
2015-02-04,0.86
2015-02-05,1.13
2015-02-06,0.91
2015-02-07,2.01
2015-02-08,0.58
2015-02-09,0.0
2015-02-10,1.61
2015-02-11,0.43
2015-02-12,0.75
2015-02-13,0.93
2015-02-14,2.68
2015-02-15,0.0
2015-02-16,0.0
2015-02-17,0.56
2015-02-18,0.44
2015-02-19,0.77
2015-02-20,0.46
2015-02-21,0.65
2015-02-22,1.69
2015-02-23,0.0
2015-02-24,4.29
2015-02-25,3.41
2015-02-26,1.15
2015-02-27,0.46
2015-02-28,0.67
2015-03-01,0.58
2015-03-02,2.82
2015-03-03,3.69
2015-03-04,2.6
2015-03-05,0.0
2015-03-06,1.36
2015-03-07,0.0
2015-03-08,0.0
2015-03-09,0.0
2015-03-10,0.0
2015-03-11,0.43
2015-03-12,0.37
2015-03-13,0.89
2015-03-14,0.0
2015-03-15,0.56
2015-03-16,0.0
2015-03-17,0.0
2015-03-18,0.0
2015-03-19,0.0
2015-03-20,0.46
2015-03-21,0.0
2015-03-22,0.0
2015-03-23,0.69
2015-03-24,0.53
2015-03-25,0.0
2015-03-26,0.0
2015-03-27,0.0
2015-03-28,0.0
2015-03-29,0.0
2015-03-30,1.43
2015-03-31,1.63
2015-04-01,0.0
2015-04-02,0.0
2015-04-03,0.0
2015-04-04,5.63
2015-04-05,1.13
2015-04-06,0.0
2015-04-07,0.52
2015-04-08,0.42
2015-04-09,0.37
2015-04-10,0.0
2015-04-11,0.0
2015-04-12,0.56
2015-04-13,0.0
2015-04-14,0.0
2015-04-15,0.42
2015-04-16,0.0
2015-04-17,0.0
2015-04-18,0.66
2015-04-19,0.0
2015-04-20,0.0
2015-04-21,0.51
2015-04-22,0.0
2015-04-23,0.0
2015-04-24,0.0
2015-04-25,0.0
2015-04-26,0.0
2015-04-27,0.0
2015-04-28,0.0
2015-04-29,0.43
2015-04-30,0.0
2015-05-01,0.45
2015-05-02,0.67
2015-05-03,0.0
2015-05-04,1.39
2015-05-05,2.62
2015-05-06,0.43
2015-05-07,1.14
2015-05-08,0.92
2015-05-09,1.37
2015-05-10,0.59
2015-05-11,0.0
2015-05-12,0.53
2015-05-13,0.85
2015-05-14,0.38
2015-05-15,0.46
2015-05-16,0.7
2015-05-17,0.0
2015-05-18,0.72
2015-05-19,0.54
2015-05-20,0.86
2015-05-21,0.39
2015-05-22,0.46
2015-05-23,0.0
2015-05-24,0.0
2015-05-25,0.0
2015-05-26,1.86
2015-05-27,0.45
2015-05-28,1.16
2015-05-29,2.34
2015-05-30,1.38
2015-05-31,1.2
2015-06-01,0.0
2015-06-02,0.0
2015-06-03,0.0
2015-06-04,0.0
2015-06-05,0.0
2015-06-06,0.0
2015-06-07,0.59
2015-06-08,0.75
2015-06-09,0.0
2015-06-10,0.0
2015-06-11,0.0
2015-06-12,0.0
2015-06-13,0.0
2015-06-14,0.0
2015-06-15,0.0
2015-06-16,0.56
2015-06-17,0.92
2015-06-18,0.4
2015-06-19,0.0
2015-06-20,0.0
2015-06-21,0.0
2015-06-22,0.0
2015-06-23,0.0
2015-06-24,0.47
2015-06-25,0.41
2015-06-26,0.0
2015-06-27,0.0
2015-06-28,0.0
2015-06-29,0.0
2015-06-30,0.0
2015-07-01,0.0
2015-07-02,0.0
2015-07-03,0.58
2015-07-04,0.0
2015-07-05,0.0
2015-07-06,0.0
2015-07-07,0.6
2015-07-08,0.0
2015-07-09,0.0
2015-07-10,0.0
2015-07-11,0.0
2015-07-12,0.0
2015-07-13,0.0
2015-07-14,0.0
2015-07-15,0.0
2015-07-16,0.43
2015-07-17,0.5
2015-07-18,0.79
2015-07-19,0.0
2015-07-20,1.59
2015-07-21,0.58
2015-07-22,0.0
2015-07-23,0.87
2015-07-24,0.0
2015-07-25,0.78
2015-07-26,1.85
2015-07-27,0.0
2015-07-28,0.59
2015-07-29,0.49
2015-07-30,0.0
2015-07-31,0.0
2015-08-01,0.0
2015-08-02,0.0
2015-08-03,0.75
2015-08-04,0.59
2015-08-05,0.0
2015-08-06,0.0
2015-08-07,0.0
2015-08-08,0.0
2015-08-09,0.0
2015-08-10,0.8
2015-08-11,0.59
2015-08-12,0.49
2015-08-13,0.0
2015-08-14,0.0
2015-08-15,0.0
2015-08-16,1.3
2015-08-17,0.0
2015-08-18,1.17
2015-08-19,0.0
2015-08-20,0.4
2015-08-21,0.0
2015-08-22,2.97
2015-08-23,2.47
2015-08-24,0.78
2015-08-25,1.7
2015-08-26,0.46
2015-08-27,0.39
2015-08-28,0.48
2015-08-29,1.41
2015-08-30,2.41
2015-08-31,5.11
2015-09-01,0.55
2015-09-02,0.45
2015-09-03,0.0
2015-09-04,0.47
2015-09-05,0.0
2015-09-06,1.22
2015-09-07,0.0
2015-09-08,0.0
2015-09-09,0.0
2015-09-10,0.0
2015-09-11,0.46
2015-09-12,0.0
2015-09-13,0.0
2015-09-14,0.76
2015-09-15,0.62
2015-09-16,0.0
2015-09-17,0.41
2015-09-18,0.46
2015-09-19,0.0
2015-09-20,0.0
2015-09-21,0.0
2015-09-22,0.0
2015-09-23,0.45
2015-09-24,0.0
2015-09-25,0.0
2015-09-26,0.0
2015-09-27,0.58
2015-09-28,0.0
2015-09-29,0.56
2015-09-30,0.44
2015-10-01,0.0
2015-10-02,0.0
2015-10-03,0.0
2015-10-04,1.76
2015-10-05,0.0
2015-10-06,1.1
2015-10-07,0.0
2015-10-08,0.0
2015-10-09,0.0
2015-10-10,0.0
2015-10-11,0.0
2015-10-12,0.0
2015-10-13,1.7
2015-10-14,0.0
2015-10-15,0.0
2015-10-16,0.93
2015-10-17,0.0
2015-10-18,0.6
2015-10-19,0.0
2015-10-20,0.0
2015-10-21,0.0
2015-10-22,0.39
2015-10-23,0.0
2015-10-24,0.0
2015-10-25,0.0
2015-10-26,0.0
2015-10-27,0.0
2015-10-28,0.0
2015-10-29,0.0
2015-10-30,0.45
2015-10-31,0.64
2015-11-01,0.0
2015-11-02,0.0
2015-11-03,0.0
2015-11-04,0.44
2015-11-05,0.0
2015-11-06,0.0
2015-11-07,1.32
2015-11-08,1.72
2015-11-09,1.43
2015-11-10,0.0
2015-11-11,0.46
2015-11-12,0.0
2015-11-13,0.47
2015-11-14,0.0
2015-11-15,0.0
2015-11-16,1.48
2015-11-17,0.0
2015-11-18,0.46
2015-11-19,0.78
2015-11-20,1.41
2015-11-21,0.67
2015-11-22,0.0
2015-11-23,0.0
2015-11-24,0.0
2015-11-25,0.0
2015-11-26,0.0
2015-11-27,0.0
2015-11-28,0.76
2015-11-29,0.0
2015-11-30,0.0
2015-12-01,0.57
2015-12-02,0.46
2015-12-03,0.0
2015-12-04,0.0
2015-12-05,1.37
2015-12-06,0.0
2015-12-07,0.0
2015-12-08,0.0
2015-12-09,0.0
2015-12-10,0.0
2015-12-11,0.0
2015-12-12,0.73
2015-12-13,0.0
2015-12-14,0.79
2015-12-15,0.0
2015-12-16,0.0
2015-12-17,0.0
2015-12-18,0.0
2015-12-19,0.0
2015-12-20,0.0
2015-12-21,0.0
2015-12-22,0.62
2015-12-23,0.0
2015-12-24,0.0
2015-12-25,0.9
2015-12-26,0.0
2015-12-27,0.0
2015-12-28,6.03
2015-12-29,0.0
2015-12-30,0.0
2015-12-31,0.0
2016-01-01,1.58
2016-01-02,0.92
2016-01-03,2.04
2016-01-04,0.0
2016-01-05,0.0
2016-01-06,0.0
2016-01-07,2.89
2016-01-08,1.51
2016-01-09,0.71
2016-01-10,0.0
2016-01-11,0.0
2016-01-12,0.58
2016-01-13,0.93
2016-01-14,1.6
2016-01-15,0.0
2016-01-16,0.0
2016-01-17,0.63
2016-01-18,0.84
2016-01-19,0.6
2016-01-20,0.0
2016-01-21,4.85
2016-01-22,1.0
2016-01-23,1.47
2016-01-24,1.91
2016-01-25,0.78
2016-01-26,0.0
2016-01-27,0.0
2016-01-28,0.0
2016-01-29,0.49
2016-01-30,0.72
2016-01-31,1.21
2016-02-01,1.48
2016-02-02,1.13
2016-02-03,0.45
2016-02-04,0.39
2016-02-05,0.49
2016-02-06,1.43
2016-02-07,0.62
2016-02-08,2.4
2016-02-09,0.59
2016-02-10,0.48
2016-02-11,0.41
2016-02-12,0.0
2016-02-13,0.0
2016-02-14,0.0
2016-02-15,1.73
2016-02-16,0.0
2016-02-17,0.0
2016-02-18,0.86
2016-02-19,2.94
2016-02-20,0.0
2016-02-21,0.0
2016-02-22,0.0
2016-02-23,2.21
2016-02-24,0.44
2016-02-25,0.0
2016-02-26,0.0
2016-02-27,1.39
2016-02-28,1.0
2016-02-29,0.56
2016-03-01,2.95
2016-03-02,0.32
2016-03-03,0.3
2016-03-04,0.36
2016-03-05,0.0
2016-03-06,0.51
2016-03-07,1.15
2016-03-08,0.44
2016-03-09,0.33
2016-03-10,0.0
2016-03-11,0.38
2016-03-12,0.0
2016-03-13,0.0
2016-03-14,0.59
2016-03-15,0.88
2016-03-16,0.33
2016-03-17,0.29
2016-03-18,0.0
2016-03-19,0.63
2016-03-20,1.03
2016-03-21,1.2
2016-03-22,0.89
2016-03-23,0.97
2016-03-24,0.59
2016-03-25,0.75
2016-03-26,1.26
2016-03-27,1.54
2016-03-28,1.16
2016-03-29,0.86
2016-03-30,1.63
2016-03-31,0.59
2016-04-01,0.72
2016-04-02,1.25
2016-04-03,1.03
2016-04-04,1.09
2016-04-05,0.4
2016-04-06,0.0
2016-04-07,0.0
2016-04-08,1.43
2016-04-09,0.61
2016-04-10,0.0
2016-04-11,0.0
2016-04-12,0.41
2016-04-13,0.0
2016-04-14,0.27
2016-04-15,1.05
2016-04-16,0.61
2016-04-17,0.52
2016-04-18,0.51
2016-04-19,0.0
2016-04-20,0.32
2016-04-21,0.29
2016-04-22,2.88
2016-04-23,1.19
2016-04-24,0.49
2016-04-25,0.0
2016-04-26,0.42
2016-04-27,0.93
2016-04-28,0.57
2016-04-29,0.34
2016-04-30,0.58
2016-05-01,1.0
2016-05-02,1.6
2016-05-03,0.41
2016-05-04,0.62
2016-05-05,0.29
2016-05-06,1.11
2016-05-07,0.6
2016-05-08,0.0
2016-05-09,0.0
2016-05-10,0.4
2016-05-11,0.0
2016-05-12,0.28
2016-05-13,0.71
2016-05-14,0.6
2016-05-15,1.02
2016-05-16,0.49
2016-05-17,0.4
2016-05-18,0.31
2016-05-19,0.28
2016-05-20,0.0
2016-05-21,1.2
2016-05-22,1.53
2016-05-23,0.59
2016-05-24,0.0
2016-05-25,0.33
2016-05-26,0.0
2016-05-27,0.37
2016-05-28,0.0
2016-05-29,0.52
2016-05-30,0.0
2016-05-31,0.0
2016-06-01,0.34
2016-06-02,0.3
2016-06-03,0.0
2016-06-04,0.0
2016-06-05,2.12
2016-06-06,0.55
2016-06-07,0.0
2016-06-08,0.68
2016-06-09,0.31
2016-06-10,0.39
2016-06-11,1.3
2016-06-12,1.05
2016-06-13,4.94
2016-06-14,1.72
2016-06-15,0.7
2016-06-16,1.2
2016-06-17,0.4
2016-06-18,0.67
2016-06-19,0.0
2016-06-20,0.0
2016-06-21,0.45
2016-06-22,0.0
2016-06-23,0.0
2016-06-24,0.0
2016-06-25,0.0
2016-06-26,0.53
2016-06-27,0.0
2016-06-28,1.34
2016-06-29,1.79
2016-06-30,0.64
2016-07-01,1.25
2016-07-02,0.68
2016-07-03,0.57
2016-07-04,0.0
2016-07-05,0.53
2016-07-06,0.73
2016-07-07,0.0
2016-07-08,0.43
2016-07-09,0.0
2016-07-10,2.82
2016-07-11,1.87
2016-07-12,4.38
2016-07-13,0.0
2016-07-14,0.0
2016-07-15,0.41
2016-07-16,0.68
2016-07-17,1.11
2016-07-18,0.0
2016-07-19,3.78
2016-07-20,0.35
2016-07-21,0.32
2016-07-22,0.0
2016-07-23,0.0
2016-07-24,0.0
2016-07-25,0.0
2016-07-26,0.0
2016-07-27,0.0
2016-07-28,0.0
2016-07-29,1.24
2016-07-30,0.0
2016-07-31,0.0
2016-08-01,0.61
2016-08-02,0.0
2016-08-03,1.74
2016-08-04,0.0
2016-08-05,0.0
2016-08-06,0.0
2016-08-07,1.1
2016-08-08,0.62
2016-08-09,0.0
2016-08-10,0.0
2016-08-11,0.63
2016-08-12,0.4
2016-08-13,0.65
2016-08-14,0.0
2016-08-15,0.0
2016-08-16,0.46
2016-08-17,0.0
2016-08-18,0.0
2016-08-19,0.0
2016-08-20,0.0
2016-08-21,0.0
2016-08-22,0.0
2016-08-23,0.44
2016-08-24,0.0
2016-08-25,0.3
2016-08-26,0.0
2016-08-27,0.6
2016-08-28,2.12
2016-08-29,0.0
2016-08-30,0.42
2016-08-31,0.0
2016-09-01,0.0
2016-09-02,0.0
2016-09-03,0.0
2016-09-04,0.53
2016-09-05,0.89
2016-09-06,0.0
2016-09-07,0.0
2016-09-08,0.3
2016-09-09,0.0
2016-09-10,0.0
2016-09-11,0.51
2016-09-12,0.0
2016-09-13,0.0
2016-09-14,0.32
2016-09-15,0.29
2016-09-16,0.38
2016-09-17,0.58
2016-09-18,1.04
2016-09-19,0.0
2016-09-20,0.43
2016-09-21,0.3
2016-09-22,0.0
2016-09-23,0.36
2016-09-24,0.59
2016-09-25,0.52
2016-09-26,0.59
2016-09-27,0.0
2016-09-28,0.35
2016-09-29,0.0
2016-09-30,0.38
2016-10-01,0.58
2016-10-02,1.05
2016-10-03,1.01
2016-10-04,1.65
2016-10-05,0.33
2016-10-06,0.0
2016-10-07,0.0
2016-10-08,0.62
2016-10-09,4.88
2016-10-10,0.58
2016-10-11,3.36
2016-10-12,0.35
2016-10-13,0.3
2016-10-14,0.36
2016-10-15,0.59
2016-10-16,0.0
2016-10-17,0.0
2016-10-18,0.0
2016-10-19,0.0
2016-10-20,0.0
2016-10-21,0.37
2016-10-22,0.58
2016-10-23,1.02
2016-10-24,0.6
2016-10-25,1.76
2016-10-26,0.33
2016-10-27,0.3
2016-10-28,0.0
2016-10-29,1.13
2016-10-30,1.49
2016-10-31,1.18
2016-11-01,0.0
2016-11-02,1.25
2016-11-03,0.29
2016-11-04,0.0
2016-11-05,0.0
2016-11-06,0.0
2016-11-07,0.0
2016-11-08,0.0
2016-11-09,0.0
2016-11-10,0.0
2016-11-11,0.0
2016-11-12,0.58
2016-11-13,0.0
2016-11-14,0.0
2016-11-15,0.42
2016-11-16,0.0
2016-11-17,0.0
2016-11-18,0.0
2016-11-19,0.0
2016-11-20,1.6
2016-11-21,0.0
2016-11-22,0.0
2016-11-23,0.0
2016-11-24,0.46
2016-11-25,0.0
2016-11-26,0.0
2016-11-27,0.0
2016-11-28,0.0
2016-11-29,0.0
2016-11-30,0.0
2016-12-01,0.0
2016-12-02,0.0
2016-12-03,0.0
2016-12-04,0.0
2016-12-05,0.0
2016-12-06,0.0
2016-12-07,0.0
2016-12-08,0.0
2016-12-09,0.0
2016-12-10,0.61
2016-12-11,0.55
2016-12-12,0.0
2016-12-13,0.42
2016-12-14,0.0
2016-12-15,0.31
2016-12-16,0.37
2016-12-17,0.0
2016-12-18,0.0
2016-12-19,0.0
2016-12-20,0.43
2016-12-21,0.64
2016-12-22,0.32
2016-12-23,0.0
2016-12-24,0.0
2016-12-25,0.0
2016-12-26,0.0
2016-12-27,0.0
2016-12-28,0.78
2016-12-29,0.0
2016-12-30,0.0
2016-12-31,1.35
2017-01-01,0.62
2017-01-02,0.0
2017-01-03,0.48
2017-01-04,0.0
2017-01-05,0.0
2017-01-06,0.0
2017-01-07,0.63
2017-01-08,0.0
2017-01-09,0.0
2017-01-10,1.67
2017-01-11,0.66
2017-01-12,0.0
2017-01-13,0.37
2017-01-14,0.0
2017-01-15,0.56
2017-01-16,0.0
2017-01-17,0.45
2017-01-18,0.63
2017-01-19,0.31
2017-01-20,0.0
2017-01-21,0.0
2017-01-22,3.36
2017-01-23,0.0
2017-01-24,0.0
2017-01-25,0.31
2017-01-26,0.0
2017-01-27,0.0
2017-01-28,1.85
2017-01-29,0.0
2017-01-30,0.0
2017-01-31,0.0
2017-02-01,0.64
2017-02-02,0.0
2017-02-03,0.37
2017-02-04,1.14
2017-02-05,0.54
2017-02-06,0.0
2017-02-07,0.0
2017-02-08,0.0
2017-02-09,0.0
2017-02-10,0.0
2017-02-11,0.59
2017-02-12,0.54
2017-02-13,0.0
2017-02-14,0.0
2017-02-15,0.32
2017-02-16,0.3
2017-02-17,0.37
2017-02-18,0.0
2017-02-19,0.0
2017-02-20,0.97
2017-02-21,1.22
2017-02-22,0.63
2017-02-23,0.0
2017-02-24,0.73
2017-02-25,0.0
2017-02-26,0.0
2017-02-27,0.0
2017-02-28,0.0
2017-03-01,0.0
2017-03-02,0.0
2017-03-03,0.0
2017-03-04,0.0
2017-03-05,1.04
2017-03-06,0.55
2017-03-07,0.0
2017-03-08,0.0
2017-03-09,0.0
2017-03-10,0.35
2017-03-11,0.0
2017-03-12,0.54
2017-03-13,0.48
2017-03-14,0.0
2017-03-15,0.0
2017-03-16,0.31
2017-03-17,0.0
2017-03-18,0.0
2017-03-19,0.52
2017-03-20,1.18
2017-03-21,0.0
2017-03-22,0.63
2017-03-23,0.0
2017-03-24,0.0
2017-03-25,0.64
2017-03-26,2.61
2017-03-27,0.51
2017-03-28,0.39
2017-03-29,1.21
2017-03-30,0.0
2017-03-31,0.0
2017-04-01,0.0
2017-04-02,0.54
2017-04-03,0.59
2017-04-04,2.67
2017-04-05,0.0
2017-04-06,0.0
2017-04-07,0.0
2017-04-08,0.0
2017-04-09,0.53
2017-04-10,3.21
2017-04-11,0.0
2017-04-12,0.0
2017-04-13,0.0
2017-04-14,0.0
2017-04-15,1.27
2017-04-16,0.56
2017-04-17,0.0
2017-04-18,0.78
2017-04-19,0.9
2017-04-20,0.29
2017-04-21,0.0
2017-04-22,1.81
2017-04-23,0.0
2017-04-24,1.17
2017-04-25,1.23
2017-04-26,5.7
2017-04-27,0.0
2017-04-28,0.36
2017-04-29,0.0
2017-04-30,0.53
2017-05-01,0.5
2017-05-02,0.0
2017-05-03,0.0
2017-05-04,0.0
2017-05-05,0.0
2017-05-06,0.64
2017-05-07,0.0
2017-05-08,0.56
2017-05-09,0.0
2017-05-10,0.33
2017-05-11,0.0
2017-05-12,0.78
2017-05-13,0.0
2017-05-14,0.54
2017-05-15,0.0
2017-05-16,0.45
2017-05-17,0.0
2017-05-18,0.96
2017-05-19,0.39
2017-05-20,0.0
2017-05-21,0.0
2017-05-22,0.0
2017-05-23,0.0
2017-05-24,0.0
2017-05-25,0.0
2017-05-26,0.0
2017-05-27,0.0
2017-05-28,0.0
2017-05-29,0.0
2017-05-30,0.0
2017-05-31,0.0
2017-06-01,0.0
2017-06-02,0.0
2017-06-03,0.7
2017-06-04,1.17
2017-06-05,0.0
2017-06-06,0.0
2017-06-07,0.0
2017-06-08,0.0
2017-06-09,0.0
2017-06-10,0.69
2017-06-11,1.69
2017-06-12,1.32
2017-06-13,0.48
2017-06-14,0.71
2017-06-15,0.0
2017-06-16,0.0
2017-06-17,0.0
2017-06-18,0.0
2017-06-19,0.0
2017-06-20,0.0
2017-06-21,0.0
2017-06-22,0.0
2017-06-23,0.42
2017-06-24,0.69
2017-06-25,0.57
2017-06-26,0.0
2017-06-27,0.0
2017-06-28,2.26
2017-06-29,0.36
2017-06-30,0.0
2017-07-01,0.0
2017-07-02,0.0
2017-07-03,1.42
2017-07-04,0.0
2017-07-05,0.0
2017-07-06,0.0
2017-07-07,0.0
2017-07-08,0.72
2017-07-09,0.6
2017-07-10,0.0
2017-07-11,0.0
2017-07-12,0.0
2017-07-13,0.0
2017-07-14,0.0
2017-07-15,0.0
2017-07-16,0.0
2017-07-17,0.0
2017-07-18,0.0
2017-07-19,0.0
2017-07-20,0.0
2017-07-21,0.0
2017-07-22,0.0
2017-07-23,0.0
2017-07-24,0.0
2017-07-25,0.0
2017-07-26,0.37
2017-07-27,0.0
2017-07-28,0.0
2017-07-29,0.72
2017-07-30,0.59
2017-07-31,0.0
2017-08-01,2.97
2017-08-02,0.0
2017-08-03,0.0
2017-08-04,0.43
2017-08-05,0.0
2017-08-06,0.58
2017-08-07,0.0
2017-08-08,0.0
2017-08-09,0.0
2017-08-10,0.0
2017-08-11,0.0
2017-08-12,0.0
2017-08-13,0.0
2017-08-14,0.0
2017-08-15,0.0
2017-08-16,0.37
2017-08-17,0.0
2017-08-18,0.0
2017-08-19,2.0
2017-08-20,2.86
2017-08-21,0.0
2017-08-22,0.0
2017-08-23,0.35
2017-08-24,0.0
2017-08-25,0.0
2017-08-26,0.0
2017-08-27,1.12
2017-08-28,0.0
2017-08-29,3.71
2017-08-30,0.0
2017-08-31,0.32
2017-09-01,0.37
2017-09-02,0.0
2017-09-03,0.0
2017-09-04,0.0
2017-09-05,0.0
2017-09-06,0.0
2017-09-07,0.0
2017-09-08,1.14
2017-09-09,2.64
2017-09-10,0.52
2017-09-11,0.0
2017-09-12,0.0
2017-09-13,0.0
2017-09-14,0.32
2017-09-15,0.0
2017-09-16,0.0
2017-09-17,0.52
2017-09-18,0.0
2017-09-19,0.0
2017-09-20,0.34
2017-09-21,0.0
2017-09-22,0.0
2017-09-23,0.0
2017-09-24,0.0
2017-09-25,0.0
2017-09-26,0.0
2017-09-27,0.34
2017-09-28,0.32
2017-09-29,0.0
2017-09-30,0.0
2017-10-01,0.0
2017-10-02,0.58
2017-10-03,0.45
2017-10-04,0.0
2017-10-05,0.0
2017-10-06,0.38
2017-10-07,0.0
2017-10-08,0.0
2017-10-09,0.0
2017-10-10,0.0
2017-10-11,0.0
2017-10-12,0.0
2017-10-13,0.0
2017-10-14,0.0
2017-10-15,0.51
2017-10-16,0.0
2017-10-17,0.0
2017-10-18,0.0
2017-10-19,0.32
2017-10-20,0.37
2017-10-21,1.14
2017-10-22,1.01
2017-10-23,1.13
2017-10-24,0.44
2017-10-25,0.33
2017-10-26,0.31
2017-10-27,0.0
2017-10-28,0.0
2017-10-29,0.0
2017-10-30,0.0
2017-10-31,0.0
2017-11-01,0.0
2017-11-02,0.0
2017-11-03,0.0
2017-11-04,0.0
2017-11-05,0.98
2017-11-06,0.59
2017-11-07,0.0
2017-11-08,0.0
2017-11-09,0.0
2017-11-10,0.0
2017-11-11,0.0
2017-11-12,0.5
2017-11-13,0.0
2017-11-14,0.45
2017-11-15,0.0
2017-11-16,0.0
2017-11-17,0.0
2017-11-18,1.16
2017-11-19,0.0
2017-11-20,0.0
2017-11-21,0.0
2017-11-22,0.34
2017-11-23,0.48
2017-11-24,0.0
2017-11-25,0.0
2017-11-26,0.0
2017-11-27,0.6
2017-11-28,0.0
2017-11-29,0.0
2017-11-30,0.0
2017-12-01,0.0
2017-12-02,0.0
2017-12-03,1.5
2017-12-04,0.0
2017-12-05,0.45
2017-12-06,0.0
2017-12-07,0.0
2017-12-08,0.0
2017-12-09,0.0
2017-12-10,0.0
2017-12-11,0.0
2017-12-12,0.46
2017-12-13,0.0
2017-12-14,0.0
2017-12-15,0.0
2017-12-16,0.0
2017-12-17,2.23
2017-12-18,0.0
2017-12-19,1.41
2017-12-20,0.65
2017-12-21,0.33
2017-12-22,0.0
2017-12-23,0.0
2017-12-24,3.22
2017-12-25,0.0
2017-12-26,0.0
2017-12-27,0.41
2017-12-28,0.0
2017-12-29,0.45
2017-12-30,0.0
2017-12-31,1.76
2018-01-01,0.0
2018-01-02,0.0
2018-01-03,0.73
2018-01-04,0.0
2018-01-05,1.22
2018-01-06,0.61
2018-01-07,0.0
2018-01-08,0.0
2018-01-09,0.0
2018-01-10,0.0
2018-01-11,0.0
2018-01-12,0.38
2018-01-13,0.0
2018-01-14,0.56
2018-01-15,1.33
2018-01-16,0.47
2018-01-17,0.34
2018-01-18,0.0
2018-01-19,0.0
2018-01-20,1.25
2018-01-21,1.65
2018-01-22,0.59
2018-01-23,0.0
2018-01-24,0.31
2018-01-25,0.31
2018-01-26,0.0
2018-01-27,0.0
2018-01-28,1.05
2018-01-29,0.0
2018-01-30,0.0
2018-01-31,0.98
2018-02-01,0.64
2018-02-02,0.0
2018-02-03,0.62
2018-02-04,0.0
2018-02-05,0.61
2018-02-06,1.34
2018-02-07,0.96
2018-02-08,0.32
2018-02-09,0.75
2018-02-10,1.25
2018-02-11,1.09
2018-02-12,0.0
2018-02-13,0.41
2018-02-14,0.31
2018-02-15,0.0
2018-02-16,0.36
2018-02-17,0.61
2018-02-18,1.59
2018-02-19,0.63
2018-02-20,0.88
2018-02-21,0.0
2018-02-22,0.0
2018-02-23,0.0
2018-02-24,0.0
2018-02-25,0.54
2018-02-26,0.0
2018-02-27,0.0
2018-02-28,0.31
2018-03-01,0.0
2018-03-02,0.0
2018-03-03,0.0
2018-03-04,1.57
2018-03-05,0.0
2018-03-06,0.0
2018-03-07,0.0
2018-03-08,0.0
2018-03-09,0.38
2018-03-10,1.22
2018-03-11,1.1
2018-03-12,0.0
2018-03-13,0.0
2018-03-14,0.0
2018-03-15,0.64
2018-03-16,0.0
2018-03-17,0.0
2018-03-18,0.0
2018-03-19,0.0
2018-03-20,0.0
2018-03-21,0.0
2018-03-22,0.0
2018-03-23,0.0
2018-03-24,0.0
2018-03-25,1.67
2018-03-26,1.2
2018-03-27,2.16
2018-03-28,0.0
2018-03-29,0.32
2018-03-30,0.0
2018-03-31,0.0
2018-04-01,0.57
2018-04-02,0.0
2018-04-03,0.0
2018-04-04,0.0
2018-04-05,0.66
2018-04-06,0.37
2018-04-07,0.63
2018-04-08,3.4
2018-04-09,0.6
2018-04-10,0.0
2018-04-11,0.31
2018-04-12,0.31
2018-04-13,0.36
2018-04-14,0.0
2018-04-15,0.0
2018-04-16,0.59
2018-04-17,3.36
2018-04-18,0.0
2018-04-19,0.0
2018-04-20,0.0
2018-04-21,1.81
2018-04-22,0.0
2018-04-23,0.0
2018-04-24,0.42
2018-04-25,0.0
2018-04-26,0.3
2018-04-27,0.0
2018-04-28,0.0
2018-04-29,1.05
2018-04-30,0.0
2018-05-01,0.0
2018-05-02,0.0
2018-05-03,0.0
2018-05-04,0.0
2018-05-05,0.0
2018-05-06,1.11
2018-05-07,0.0
2018-05-08,0.0
2018-05-09,0.0
2018-05-10,0.0
2018-05-11,0.0
2018-05-12,0.0
2018-05-13,0.55
2018-05-14,0.0
2018-05-15,1.32
2018-05-16,0.0
2018-05-17,0.0
2018-05-18,0.0
2018-05-19,0.63
2018-05-20,4.39
2018-05-21,0.0
2018-05-22,0.0
2018-05-23,0.0
2018-05-24,0.0
2018-05-25,0.37
2018-05-26,0.0
2018-05-27,0.0
2018-05-28,0.95
2018-05-29,0.0
2018-05-30,0.0
2018-05-31,0.61
2018-06-01,0.0
2018-06-02,0.0
2018-06-03,0.0
2018-06-04,0.0
2018-06-05,0.0
2018-06-06,0.0
2018-06-07,0.32
2018-06-08,0.0
2018-06-09,0.0
2018-06-10,0.58
2018-06-11,0.63
2018-06-12,0.0
2018-06-13,0.0
2018-06-14,0.32
2018-06-15,0.0
2018-06-16,0.67
2018-06-17,0.0
2018-06-18,0.0
2018-06-19,0.44
2018-06-20,0.0
2018-06-21,0.33
2018-06-22,0.0
2018-06-23,0.0
2018-06-24,0.0
2018-06-25,1.3
2018-06-26,0.0
2018-06-27,0.0
2018-06-28,0.35
2018-06-29,0.0
2018-06-30,0.0
2018-07-01,0.0
2018-07-02,0.0
2018-07-03,0.0
2018-07-04,0.0
2018-07-05,0.0
2018-07-06,0.0
2018-07-07,0.0
2018-07-08,0.0
2018-07-09,0.0
2018-07-10,0.0
2018-07-11,0.39
2018-07-12,0.77
2018-07-13,0.0
2018-07-14,0.76
2018-07-15,1.33
2018-07-16,2.17
2018-07-17,0.0
2018-07-18,0.0
2018-07-19,0.0
2018-07-20,0.0
2018-07-21,0.0
2018-07-22,1.34
2018-07-23,0.0
2018-07-24,0.0
2018-07-25,0.0
2018-07-26,0.0
2018-07-27,0.0
2018-07-28,0.0
2018-07-29,0.67
2018-07-30,0.0
2018-07-31,1.08
2018-08-01,0.0
2018-08-02,0.0
2018-08-03,0.0
2018-08-04,0.0
2018-08-05,0.64
2018-08-06,0.0
2018-08-07,0.0
2018-08-08,0.0
2018-08-09,0.0
2018-08-10,0.46
2018-08-11,0.0
2018-08-12,0.0
2018-08-13,1.43
2018-08-14,0.0
2018-08-15,0.0
2018-08-16,0.0
2018-08-17,0.0
2018-08-18,0.71
2018-08-19,0.65
2018-08-20,0.0
2018-08-21,0.0
2018-08-22,0.0
2018-08-23,0.0
2018-08-24,0.0
2018-08-25,0.0
2018-08-26,1.23
2018-08-27,0.0
2018-08-28,0.49
2018-08-29,0.0
2018-08-30,0.36
2018-08-31,0.0
2018-09-01,0.0
2018-09-02,0.0
2018-09-03,0.0
2018-09-04,0.0
2018-09-05,0.0
2018-09-06,2.54
2018-09-07,0.4
2018-09-08,0.0
2018-09-09,0.0
2018-09-10,0.0
2018-09-11,0.0
2018-09-12,0.0
2018-09-13,0.35
2018-09-14,0.79
2018-09-15,0.0
2018-09-16,0.61
2018-09-17,0.0
2018-09-18,0.0
2018-09-19,0.37
2018-09-20,0.0
2018-09-21,0.0
2018-09-22,0.0
2018-09-23,2.47
2018-09-24,0.0
2018-09-25,0.0
2018-09-26,0.0
2018-09-27,0.0
2018-09-28,1.27
2018-09-29,0.0
2018-09-30,0.61
2018-10-01,0.0
2018-10-02,0.0
2018-10-03,0.36
2018-10-04,0.0
2018-10-05,0.82
2018-10-06,0.0
2018-10-07,1.9
2018-10-08,0.69
2018-10-09,0.0
2018-10-10,0.36
2018-10-11,0.0
2018-10-12,0.84
2018-10-13,0.64
2018-10-14,0.62
2018-10-15,0.0
2018-10-16,0.0
2018-10-17,0.73
2018-10-18,0.35
2018-10-19,0.83
2018-10-20,0.0
2018-10-21,0.0
2018-10-22,0.0
2018-10-23,0.5
2018-10-24,0.0
2018-10-25,0.71
2018-10-26,0.42
2018-10-27,1.28
2018-10-28,0.0
2018-10-29,1.32
2018-10-30,0.0
2018-10-31,0.0
2018-11-01,0.35
2018-11-02,0.0
2018-11-03,1.25
2018-11-04,1.21
2018-11-05,1.33
2018-11-06,0.0
2018-11-07,0.35
2018-11-08,0.0
2018-11-09,0.0
2018-11-10,0.0
2018-11-11,0.0
2018-11-12,0.0
2018-11-13,0.0
2018-11-14,0.75
2018-11-15,0.0
2018-11-16,0.0
2018-11-17,0.67
2018-11-18,0.63
2018-11-19,1.68
2018-11-20,0.0
2018-11-21,0.0
2018-11-22,0.0
2018-11-23,0.53
2018-11-24,0.0
2018-11-25,0.0
2018-11-26,0.0
2018-11-27,0.51
2018-11-28,0.38
2018-11-29,0.38
2018-11-30,0.44
2018-12-01,0.0
2018-12-02,0.63
2018-12-03,0.0
2018-12-04,0.0
2018-12-05,0.36
2018-12-06,0.37
2018-12-07,0.0
2018-12-08,0.0
2018-12-09,0.0
2018-12-10,0.0
2018-12-11,1.01
2018-12-12,0.0
2018-12-13,0.0
2018-12-14,0.0
2018-12-15,0.0
2018-12-16,1.34
2018-12-17,0.68
2018-12-18,0.51
2018-12-19,0.0
2018-12-20,0.38
2018-12-21,0.0
2018-12-22,0.0
2018-12-23,0.0
2018-12-24,0.0
2018-12-25,0.0
2018-12-26,0.0
2018-12-27,0.0
2018-12-28,0.5
2018-12-29,0.0
2018-12-30,0.0
2018-12-31,1.65
2019-01-01,0.0
2019-01-02,0.0
2019-01-03,0.4
2019-01-04,0.46
2019-01-05,2.17
2019-01-06,0.0
2019-01-07,0.0
2019-01-08,1.55
2019-01-09,5.67
2019-01-10,0.0
2019-01-11,0.43
2019-01-12,0.0
2019-01-13,2.66
2019-01-14,0.0
2019-01-15,0.0
2019-01-16,0.0
2019-01-17,0.0
2019-01-18,0.88
2019-01-19,0.0
2019-01-20,0.67
2019-01-21,0.0
2019-01-22,0.0
2019-01-23,0.38
2019-01-24,0.0
2019-01-25,0.0
2019-01-26,0.0
2019-01-27,1.25
2019-01-28,0.0
2019-01-29,0.51
2019-01-30,0.75
2019-01-31,0.38
2019-02-01,0.0
2019-02-02,0.0
2019-02-03,0.65
2019-02-04,0.0
2019-02-05,0.0
2019-02-06,0.0
2019-02-07,0.0
2019-02-08,0.0
2019-02-09,0.0
2019-02-10,0.0
2019-02-11,0.0
2019-02-12,0.0
2019-02-13,0.0
2019-02-14,0.37
2019-02-15,0.43
2019-02-16,0.0
2019-02-17,1.68
2019-02-18,0.0
2019-02-19,0.0
2019-02-20,0.0
2019-02-21,0.0
2019-02-22,0.0
2019-02-23,0.0
2019-02-24,0.0
2019-02-25,0.0
2019-02-26,0.0
2019-02-27,0.0
2019-02-28,0.0
2019-03-01,0.0
2019-03-02,0.0
2019-03-03,0.0
2019-03-04,0.0
2019-03-05,1.56
2019-03-06,0.0
2019-03-07,0.0
2019-03-08,0.0
2019-03-09,0.0
2019-03-10,0.0
2019-03-11,0.0
2019-03-12,0.0
2019-03-13,0.0
2019-03-14,1.08
2019-03-15,0.44
2019-03-16,0.0
2019-03-17,1.3
2019-03-18,0.7
2019-03-19,0.51
2019-03-20,0.36
2019-03-21,0.38
2019-03-22,0.45
2019-03-23,0.0
2019-03-24,1.9
2019-03-25,0.0
2019-03-26,1.45
2019-03-27,0.0
2019-03-28,0.38
2019-03-29,0.0
2019-03-30,0.0
2019-03-31,1.3
2019-04-01,0.0
2019-04-02,0.0
2019-04-03,0.0
2019-04-04,0.0
2019-04-05,1.65
2019-04-06,1.59
2019-04-07,0.0
2019-04-08,1.62
2019-04-09,0.0
2019-04-10,0.0
2019-04-11,0.49
2019-04-12,0.0
2019-04-13,0.0
2019-04-14,0.0
2019-04-15,0.0
2019-04-16,0.0
2019-04-17,0.0
2019-04-18,0.49
2019-04-19,1.14
2019-04-20,0.0
2019-04-21,1.51
2019-04-22,1.73
2019-04-23,0.63
2019-04-24,0.0
2019-04-25,0.0
2019-04-26,0.0
2019-04-27,1.57
2019-04-28,2.16
2019-04-29,0.83
2019-04-30,1.83
2019-05-01,0.48
2019-05-02,0.0
2019-05-03,0.55
2019-05-04,0.78
2019-05-05,0.0
2019-05-06,0.85
2019-05-07,0.61
2019-05-08,0.0
2019-05-09,0.0
2019-05-10,0.0
2019-05-11,0.0
2019-05-12,1.45
2019-05-13,0.0
2019-05-14,0.0
2019-05-15,0.0
2019-05-16,0.94
2019-05-17,1.13
2019-05-18,0.0
2019-05-19,0.0
2019-05-20,1.72
2019-05-21,0.0
2019-05-22,0.0
2019-05-23,2.08
2019-05-24,0.58
2019-05-25,0.0
2019-05-26,2.2
2019-05-27,0.0
2019-05-28,0.71
2019-05-29,0.0
2019-05-30,2.09
2019-05-31,1.74
2019-06-01,1.67
2019-06-02,0.0
2019-06-03,0.0
2019-06-04,0.0
2019-06-05,0.0
2019-06-06,0.54
2019-06-07,1.22
2019-06-08,0.0
2019-06-09,2.37
2019-06-10,0.0
2019-06-11,0.0
2019-06-12,0.0
2019-06-13,0.58
2019-06-14,0.0
2019-06-15,0.0
2019-06-16,0.0
2019-06-17,0.0
2019-06-18,0.0
2019-06-19,1.09
2019-06-20,0.54
2019-06-21,0.0
2019-06-22,0.0
2019-06-23,1.51
2019-06-24,1.78
2019-06-25,0.0
2019-06-26,0.0
2019-06-27,0.55
2019-06-28,0.0
2019-06-29,0.0
2019-06-30,0.73
2019-07-01,0.0
2019-07-02,0.0
2019-07-03,0.57
2019-07-04,0.0
2019-07-05,0.7
2019-07-06,0.0
2019-07-07,0.0
2019-07-08,0.92
2019-07-09,0.69
2019-07-10,0.0
2019-07-11,0.57
2019-07-12,0.0
2019-07-13,0.0
2019-07-14,0.0
2019-07-15,3.7
2019-07-16,0.0
2019-07-17,0.0
2019-07-18,0.0
2019-07-19,1.9
2019-07-20,0.89
2019-07-21,0.0
2019-07-22,0.0
2019-07-23,0.7
2019-07-24,0.0
2019-07-25,0.0
2019-07-26,0.62
2019-07-27,0.0
2019-07-28,0.0
2019-07-29,0.0
2019-07-30,0.71
2019-07-31,0.0
2019-08-01,0.58
2019-08-02,0.0
2019-08-03,1.75
2019-08-04,3.16
2019-08-05,0.0
2019-08-06,0.0
2019-08-07,0.57
2019-08-08,0.0
2019-08-09,0.65
2019-08-10,0.0
2019-08-11,0.0
2019-08-12,0.0
2019-08-13,0.0
2019-08-14,1.14
2019-08-15,1.14
2019-08-16,0.6
2019-08-17,0.0
2019-08-18,0.82
2019-08-19,1.78
2019-08-20,0.0
2019-08-21,0.0
2019-08-22,0.55
2019-08-23,1.8
2019-08-24,0.0
2019-08-25,1.52
2019-08-26,0.0
2019-08-27,1.3
2019-08-28,0.0
2019-08-29,0.55
2019-08-30,0.0
2019-08-31,0.8
2019-09-01,0.75
2019-09-02,1.26
2019-09-03,0.0
2019-09-04,0.0
2019-09-05,0.0
2019-09-06,0.57
2019-09-07,0.0
2019-09-08,0.76
2019-09-09,1.69
2019-09-10,1.33
2019-09-11,0.0
2019-09-12,1.1
2019-09-13,1.18
2019-09-14,0.0
2019-09-15,1.53
2019-09-16,0.0
2019-09-17,0.61
2019-09-18,0.0
2019-09-19,1.64
2019-09-20,1.16
2019-09-21,0.0
2019-09-22,2.29
2019-09-23,0.0
2019-09-24,0.56
2019-09-25,0.53
2019-09-26,1.09
2019-09-27,0.0
2019-09-28,0.0
2019-09-29,0.75
2019-09-30,0.0
2019-10-01,0.0
2019-10-02,1.06
2019-10-03,0.51
2019-10-04,0.58
2019-10-05,0.77
2019-10-06,1.52
2019-10-07,0.0
2019-10-08,0.64
2019-10-09,0.51
2019-10-10,0.0
2019-10-11,2.25
2019-10-12,1.51
2019-10-13,1.55
2019-10-14,1.86
2019-10-15,1.31
2019-10-16,0.52
2019-10-17,0.54
2019-10-18,0.58
2019-10-19,0.0
2019-10-20,2.36
2019-10-21,0.81
2019-10-22,0.65
2019-10-23,0.0
2019-10-24,2.04
2019-10-25,4.08
2019-10-26,0.0
2019-10-27,2.26
2019-10-28,1.77
2019-10-29,0.0
2019-10-30,0.0
2019-10-31,0.83
2019-11-01,0.0
2019-11-02,0.77
2019-11-03,0.0
2019-11-04,0.83
2019-11-05,0.62
2019-11-06,1.59
2019-11-07,0.54
2019-11-08,0.59
2019-11-09,1.53
2019-11-10,0.0
2019-11-11,0.82
2019-11-12,0.69
2019-11-13,0.53
2019-11-14,1.1
2019-11-15,0.58
2019-11-16,0.0
2019-11-17,0.0
2019-11-18,1.52
2019-11-19,0.0
2019-11-20,0.54
2019-11-21,0.56
2019-11-22,0.58
2019-11-23,0.0
2019-11-24,0.0
2019-11-25,0.0
2019-11-26,0.0
2019-11-27,0.0
2019-11-28,2.62
2019-11-29,1.49
2019-11-30,0.0
2019-12-01,0.0
2019-12-02,0.0
2019-12-03,0.0
2019-12-04,0.0
2019-12-05,0.0
2019-12-06,0.0
2019-12-07,0.81
2019-12-08,1.57
2019-12-09,0.0
2019-12-10,0.0
2019-12-11,0.55
2019-12-12,0.0
2019-12-13,0.0
2019-12-14,0.0
2019-12-15,1.61
2019-12-16,3.76
2019-12-17,0.0
2019-12-18,1.65
2019-12-19,3.42
2019-12-20,1.28
2019-12-21,0.0
2019-12-22,0.0
2019-12-23,0.0
2019-12-24,0.83
2019-12-25,0.0
2019-12-26,1.49
2019-12-27,0.0
2019-12-28,0.0
2019-12-29,4.26
2019-12-30,0.97
2019-12-31,1.54
2020-01-01,1.89
2020-01-02,2.84
2020-01-03,1.33
2020-01-04,0.0
2020-01-05,0.86
2020-01-06,0.99
2020-01-07,0.0
2020-01-08,0.56
2020-01-09,1.16
2020-01-10,0.0
2020-01-11,0.85
2020-01-12,0.0
2020-01-13,0.91
2020-01-14,0.0
2020-01-15,0.0
2020-01-16,0.0
2020-01-17,0.0
2020-01-18,0.0
2020-01-19,0.0
2020-01-20,0.0
2020-01-21,0.0
2020-01-22,0.56
2020-01-23,0.0
2020-01-24,1.24
2020-01-25,0.86
2020-01-26,2.43
2020-01-27,0.0
2020-01-28,6.23
2020-01-29,0.0
2020-01-30,2.29
2020-01-31,9.68
2020-02-01,8.36
2020-02-02,3.2
2020-02-03,8.18
2020-02-04,5.5
2020-02-05,2.71
2020-02-06,1.71
2020-02-07,4.37
2020-02-08,1.68
2020-02-09,3.98
2020-02-10,0.9
2020-02-11,1.34
2020-02-12,1.06
2020-02-13,2.3
2020-02-14,1.23
2020-02-15,0.0
2020-02-16,4.67
2020-02-17,2.93
2020-02-18,2.1
2020-02-19,2.72
2020-02-20,5.7
2020-02-21,6.68
2020-02-22,4.13
2020-02-23,6.13
2020-02-24,6.37
2020-02-25,30.78
2020-02-26,17.15
2020-02-27,26.01
2020-02-28,40.41
2020-02-29,54.49
2020-03-01,34.35
2020-03-02,24.53
2020-03-03,23.03
2020-03-04,25.47
2020-03-05,19.81
2020-03-06,25.19
2020-03-07,27.88
2020-03-08,41.65
2020-03-09,52.46
2020-03-10,68.02
2020-03-11,37.69
2020-03-12,34.25
2020-03-13,50.91
2020-03-14,47.57
2020-03-15,112.93
2020-03-16,56.46
2020-03-17,54.47
2020-03-18,47.95
2020-03-19,56.65
2020-03-20,55.71
2020-03-21,77.35
2020-03-22,92.74
2020-03-23,68.37
2020-03-24,53.28
2020-03-25,55.04
2020-03-26,54.42
2020-03-27,39.22
2020-03-28,49.69
2020-03-29,89.5
2020-03-30,30.5
2020-03-31,49.59
2020-04-01,38.65
2020-04-02,33.07
2020-04-03,35.16
2020-04-04,46.53
2020-04-05,84.08
2020-04-06,42.7
2020-04-07,40.43
2020-04-08,25.44
2020-04-09,28.48
2020-04-10,26.56
2020-04-11,39.11
2020-04-12,63.01
2020-04-13,20.27
2020-04-14,26.87
2020-04-15,21.72
2020-04-16,26.38
2020-04-17,33.9
2020-04-18,20.1
2020-04-19,64.8
2020-04-20,41.52
2020-04-21,32.5
2020-04-22,44.62
2020-04-23,30.03
2020-04-24,26.41
2020-04-25,41.76
2020-04-26,82.57
2020-04-27,38.12
2020-04-28,26.19
2020-04-29,31.58
2020-04-30,22.07
2020-05-01,26.26
2020-05-02,33.41
2020-05-03,79.59
2020-05-04,34.62
2020-05-05,32.99
2020-05-06,23.86
2020-05-07,29.69
2020-05-08,18.07
2020-05-09,26.76
2020-05-10,30.93
2020-05-11,33.73
2020-05-12,19.11
2020-05-13,18.7
2020-05-14,12.8
2020-05-15,14.24
2020-05-16,18.09
2020-05-17,42.59
2020-05-18,27.29
2020-05-19,34.61
2020-05-20,35.31
2020-05-21,12.75
2020-05-22,17.65
2020-05-23,25.26
2020-05-24,46.47
2020-05-25,22.9
2020-05-26,16.8
2020-05-27,22.75
2020-05-28,24.44
2020-05-29,15.32
2020-05-30,28.29
2020-05-31,65.21
2020-06-01,16.42
2020-06-02,10.06
2020-06-03,8.09
2020-06-04,17.16
2020-06-05,19.86
2020-06-06,32.28
2020-06-07,45.15
2020-06-08,21.79
2020-06-09,23.72
2020-06-10,18.96
2020-06-11,23.76
2020-06-12,22.56
2020-06-13,21.27
2020-06-14,41.75
2020-06-15,52.82
2020-06-16,29.36
2020-06-17,26.15
2020-06-18,13.49
2020-06-19,19.05
2020-06-20,33.4
2020-06-21,54.14
2020-06-22,23.3
2020-06-23,19.69
2020-06-24,16.6
2020-06-25,24.81
2020-06-26,21.92
2020-06-27,30.82
2020-06-28,34.93
2020-06-29,25.41
2020-06-30,26.55
2020-07-01,26.67
2020-07-02,9.96
2020-07-03,8.93
2020-07-04,12.67
2020-07-05,32.0
2020-07-06,38.42
2020-07-07,21.03
2020-07-08,16.37
2020-07-09,14.19
2020-07-10,13.81
2020-07-11,12.57
2020-07-12,36.79
2020-07-13,29.44
2020-07-14,18.49
2020-07-15,20.65
2020-07-16,16.09
2020-07-17,18.14
2020-07-18,23.94
2020-07-19,45.3
2020-07-20,13.24
2020-07-21,14.85
2020-07-22,9.55
2020-07-23,9.1
2020-07-24,20.87
2020-07-25,35.97
2020-07-26,24.82
2020-07-27,35.38
2020-07-28,10.04
2020-07-29,11.32
2020-07-30,13.04
2020-07-31,17.21
2020-08-01,21.88
2020-08-02,45.02
2020-08-03,26.08
2020-08-04,22.87
2020-08-05,9.78
2020-08-06,15.58
2020-08-07,11.21
2020-08-08,14.64
2020-08-09,31.65
2020-08-10,13.88
2020-08-11,9.47
2020-08-12,18.8
2020-08-13,11.74
2020-08-14,12.92
2020-08-15,34.34
2020-08-16,39.95
2020-08-17,31.12
2020-08-18,27.47
2020-08-19,16.96
2020-08-20,13.51
2020-08-21,19.1
2020-08-22,22.38
2020-08-23,26.51
2020-08-24,9.24
2020-08-25,10.96
2020-08-26,14.76
2020-08-27,14.92
2020-08-28,13.97
2020-08-29,14.35
2020-08-30,35.49
2020-08-31,21.86
2020-09-01,18.44
2020-09-02,12.62
2020-09-03,22.79
2020-09-04,18.67
2020-09-05,16.89
2020-09-06,34.96
2020-09-07,39.32
2020-09-08,16.06
2020-09-09,16.44
2020-09-10,14.77
2020-09-11,11.22
2020-09-12,17.32
2020-09-13,55.46
2020-09-14,25.39
2020-09-15,11.3
2020-09-16,10.49
2020-09-17,8.44
2020-09-18,6.39
2020-09-19,13.46
2020-09-20,35.38
2020-09-21,18.22
2020-09-22,14.18
2020-09-23,10.56
2020-09-24,3.99
2020-09-25,12.71
2020-09-26,8.49
2020-09-27,32.53
2020-09-28,22.95
2020-09-29,9.02
2020-09-30,19.06
2020-10-01,10.31
2020-10-02,31.43
2020-10-03,21.53
2020-10-04,17.96
2020-10-05,19.06
2020-10-06,23.45
2020-10-07,33.15
2020-10-08,26.31
2020-10-09,24.99
2020-10-10,21.61
2020-10-11,54.75
2020-10-12,32.91
2020-10-13,15.11
2020-10-14,27.25
2020-10-15,13.44
2020-10-16,15.43
2020-10-17,18.12
2020-10-18,48.44
2020-10-19,24.89
2020-10-20,19.52
2020-10-21,15.2
2020-10-22,8.39
2020-10-23,10.99
2020-10-24,15.39
2020-10-25,31.13
2020-10-26,20.36
2020-10-27,16.45
2020-10-28,16.81
2020-10-29,26.15
2020-10-30,18.59
2020-10-31,37.37
2020-11-01,25.26
2020-11-02,39.67
2020-11-03,13.07
2020-11-04,17.41
2020-11-05,13.99
2020-11-06,8.79
2020-11-07,20.02
2020-11-08,17.67
2020-11-09,19.04
2020-11-10,15.91
2020-11-11,15.38
2020-11-12,9.45
2020-11-13,8.79
2020-11-14,11.26
2020-11-15,47.16
2020-11-16,17.98
2020-11-17,10.87
2020-11-18,11.59
2020-11-19,8.02
2020-11-20,13.74
2020-11-21,6.81
2020-11-22,23.83
2020-11-23,19.52
2020-11-24,26.93
2020-11-25,35.04
2020-11-26,13.7
2020-11-27,11.09
2020-11-28,15.64
2020-11-29,22.1
2020-11-30,26.37
2020-12-01,13.15
2020-12-02,7.08
2020-12-03,16.0
2020-12-04,18.59
2020-12-05,10.64
2020-12-06,28.94
2020-12-07,18.51
2020-12-08,14.12
2020-12-09,23.46
2020-12-10,12.43
2020-12-11,10.69
2020-12-12,8.62
2020-12-13,37.76
2020-12-14,15.75
2020-12-15,11.61
2020-12-16,16.89
2020-12-17,11.08
2020-12-18,12.87
2020-12-19,25.08
2020-12-20,42.0
2020-12-21,17.61
2020-12-22,10.72
2020-12-23,16.49
2020-12-24,15.62
2020-12-25,27.07
2020-12-26,17.26
2020-12-27,20.05
2020-12-28,0.99
2020-12-29,18.78
2020-12-30,28.34
2020-12-31,23.03
2021-01-01,37.39
2021-01-02,17.02
2021-01-03,38.87
2021-01-04,24.66
2021-01-05,19.65
2021-01-06,15.09
2021-01-07,10.69
2021-01-08,6.61
2021-01-09,15.91
2021-01-10,54.22
2021-01-11,34.23
2021-01-12,19.2
2021-01-13,14.58
2021-01-14,11.57
2021-01-15,11.27
2021-01-16,10.14
2021-01-17,25.78
2021-01-18,14.07
2021-01-19,7.97
2021-01-20,23.24
2021-01-21,19.94
2021-01-22,13.81
2021-01-23,14.06
2021-01-24,23.59
2021-01-25,24.96
2021-01-26,16.37
2021-01-27,22.12
2021-01-28,33.18
2021-01-29,24.37
2021-01-30,26.65
2021-01-31,29.13
2021-02-01,21.36
2021-02-02,18.95
2021-02-03,20.1
2021-02-04,14.98
2021-02-05,13.11
2021-02-06,6.8
2021-02-07,13.67
2021-02-08,13.64
2021-02-09,12.39
2021-02-10,11.68
2021-02-11,17.65
2021-02-12,12.43
2021-02-13,10.65
2021-02-14,23.79
2021-02-15,23.69
2021-02-16,15.03
2021-02-17,15.83
2021-02-18,27.9
2021-02-19,22.33
2021-02-20,23.59
2021-02-21,11.5
2021-02-22,18.56
2021-02-23,17.66
2021-02-24,24.26
2021-02-25,15.38
2021-02-26,25.95
2021-02-27,6.65
2021-02-28,41.39
2021-03-01,30.9
2021-03-02,9.11
2021-03-03,18.64
2021-03-04,17.17
2021-03-05,29.98
2021-03-06,26.31
2021-03-07,31.6
2021-03-08,28.51
2021-03-09,19.23
2021-03-10,24.5
2021-03-11,18.31
2021-03-12,13.69
2021-03-13,11.89
2021-03-14,43.37
2021-03-15,15.5
2021-03-16,13.62
2021-03-17,15.94
2021-03-18,13.62
2021-03-19,13.15
2021-03-20,26.89
2021-03-21,10.39
2021-03-22,25.38
2021-03-23,10.29
2021-03-24,28.09
2021-03-25,11.72
2021-03-26,15.38
2021-03-27,12.82
2021-03-28,27.87
2021-03-29,8.14
2021-03-30,14.16
2021-03-31,13.9
2021-04-01,13.2
2021-04-02,6.02
2021-04-03,18.83
2021-04-04,19.94
2021-04-05,12.98
2021-04-06,19.58
2021-04-07,17.0
2021-04-08,23.33
2021-04-09,17.06
2021-04-10,27.76
2021-04-11,33.19
2021-04-12,8.6
2021-04-13,20.74
2021-04-14,8.82
2021-04-15,13.36
2021-04-16,9.71
2021-04-17,10.86
2021-04-18,14.92
2021-04-19,8.14
2021-04-20,7.0
2021-04-21,7.23
2021-04-22,7.57
2021-04-23,14.5
2021-04-24,7.96
2021-04-25,24.4
2021-04-26,15.22
2021-04-27,10.15
2021-04-28,47.59
2021-04-29,15.31
2021-04-30,10.29
2021-05-01,16.8
2021-05-02,20.77
2021-05-03,16.42
2021-05-04,16.15
2021-05-05,8.02
2021-05-06,7.66
2021-05-07,14.3
2021-05-08,16.77
2021-05-09,14.96
2021-05-10,13.65
2021-05-11,12.07
2021-05-12,17.35
2021-05-13,16.79
2021-05-14,10.38
2021-05-15,10.46
2021-05-16,19.13
2021-05-17,13.7
2021-05-18,14.98
2021-05-19,16.35
2021-05-20,6.32
2021-05-21,3.11
2021-05-22,5.25
2021-05-23,28.15
2021-05-24,13.69
2021-05-25,16.97
2021-05-26,11.1
2021-05-27,7.51
2021-05-28,6.85
2021-05-29,4.29
2021-05-30,24.3
2021-05-31,6.62
2021-06-01,6.41
2021-06-02,6.14
2021-06-03,6.38
2021-06-04,9.81
2021-06-05,6.48
2021-06-06,18.99
2021-06-07,9.74
2021-06-08,13.68
2021-06-09,4.09
2021-06-10,8.89
2021-06-11,9.11
2021-06-12,7.7
2021-06-13,16.72
2021-06-14,18.2
2021-06-15,18.7
2021-06-16,9.2
2021-06-17,14.01
2021-06-18,14.22
2021-06-19,8.89
2021-06-20,29.02
2021-06-21,13.53
2021-06-22,1.73
2021-06-23,2.88
2021-06-24,13.18
2021-06-25,6.43
2021-06-26,7.95
2021-06-27,10.8
2021-06-28,29.52
2021-06-29,7.14
2021-06-30,12.95
2021-07-01,12.16
2021-07-02,4.16
2021-07-03,1.16
2021-07-04,16.2
2021-07-05,12.82
2021-07-06,5.01
2021-07-07,7.43
2021-07-08,3.77
2021-07-09,15.6
2021-07-10,16.56
2021-07-11,31.69
2021-07-12,18.83
2021-07-13,11.79
2021-07-14,12.45
2021-07-15,8.51
2021-07-16,14.6
2021-07-17,19.73
2021-07-18,33.51
2021-07-19,12.67
2021-07-20,12.9
2021-07-21,10.06
2021-07-22,5.23
2021-07-23,10.35
2021-07-24,10.4
2021-07-25,26.34
2021-07-26,10.28
2021-07-27,11.12
2021-07-28,12.93
2021-07-29,10.47
2021-07-30,21.45
2021-07-31,10.26
2021-08-01,17.54
2021-08-02,15.93
2021-08-03,3.46
2021-08-04,11.84
2021-08-05,10.26
2021-08-06,17.39
2021-08-07,17.97
2021-08-08,6.23
2021-08-09,10.46
2021-08-10,3.37
2021-08-11,6.38
2021-08-12,8.93
2021-08-13,6.29
2021-08-14,3.43
2021-08-15,20.4
2021-08-16,7.95
2021-08-17,17.73
2021-08-18,6.12
2021-08-19,8.64
2021-08-20,6.26
2021-08-21,5.5
2021-08-22,17.14
2021-08-23,10.03
2021-08-24,2.54
2021-08-25,6.12
2021-08-26,5.7
2021-08-27,2.88
2021-08-28,2.99
2021-08-29,11.5
2021-08-30,6.61
2021-08-31,4.19
2021-09-01,6.57
2021-09-02,7.82
2021-09-03,6.51
2021-09-04,10.23
2021-09-05,17.27
2021-09-06,3.45
2021-09-07,12.01
2021-09-08,6.14
2021-09-09,6.81
2021-09-10,2.8
2021-09-11,5.62
2021-09-12,11.77
2021-09-13,8.37
2021-09-14,2.44
2021-09-15,9.33
2021-09-16,6.98
2021-09-17,12.96
2021-09-18,11.88
2021-09-19,13.27
2021-09-20,17.23
2021-09-21,19.0
2021-09-22,3.36
2021-09-23,15.87
2021-09-24,10.68
2021-09-25,9.91
2021-09-26,18.84
2021-09-27,17.89
2021-09-28,4.92
2021-09-29,22.28
2021-09-30,10.11
2021-10-01,13.15
2021-10-02,5.86
2021-10-03,8.3
2021-10-04,38.72
2021-10-05,3.99
2021-10-06,4.02
2021-10-07,8.29
2021-10-08,7.15
2021-10-09,9.95
2021-10-10,24.62
2021-10-11,11.07
2021-10-12,5.0
2021-10-13,5.98
2021-10-14,7.37
2021-10-15,6.52
2021-10-16,7.71
2021-10-17,29.04
2021-10-18,11.89
2021-10-19,9.88
2021-10-20,5.31
2021-10-21,4.07
2021-10-22,7.9
2021-10-23,10.78
2021-10-24,22.05
2021-10-25,5.31
2021-10-26,9.79
2021-10-27,8.57
2021-10-28,8.7
2021-10-29,6.36
2021-10-30,9.55
2021-10-31,13.25
2021-11-01,7.45
2021-11-02,4.7
2021-11-03,16.71
2021-11-04,12.35
2021-11-05,16.87
2021-11-06,22.61
2021-11-07,29.29
2021-11-08,39.98
2021-11-09,21.42
2021-11-10,3.31
2021-11-11,5.76
2021-11-12,3.7
2021-11-13,4.04
2021-11-14,14.04
2021-11-15,1.95
2021-11-16,2.47
2021-11-17,3.39
2021-11-18,4.19
2021-11-19,3.69
2021-11-20,5.06
2021-11-21,4.71
2021-11-22,5.44
2021-11-23,7.6
2021-11-24,2.24
2021-11-25,6.74
2021-11-26,5.33
2021-11-27,7.97
2021-11-28,12.09
2021-11-29,5.31
2021-11-30,9.01
2021-12-01,13.96
2021-12-02,8.36
2021-12-03,9.09
2021-12-04,15.87
2021-12-05,16.9
2021-12-06,4.31
2021-12-07,9.05
2021-12-08,4.17
2021-12-09,6.39
2021-12-10,6.88
2021-12-11,2.18
2021-12-12,14.28
2021-12-13,1.11
2021-12-14,5.06
2021-12-15,6.28
2021-12-16,2.21
2021-12-17,14.81
2021-12-18,5.4
2021-12-19,12.91
2021-12-20,2.3
2021-12-21,3.51
2021-12-22,7.95
2021-12-23,8.6
2021-12-24,4.76
2021-12-25,23.46
2021-12-26,33.26
2021-12-27,20.71
2021-12-28,8.03
2021-12-29,9.01
2021-12-30,9.0
2021-12-31,24.75
2022-01-01,20.3
2022-01-02,30.2
2022-01-03,18.8
2022-01-04,9.85
2022-01-05,12.07
2022-01-06,14.78
2022-01-07,29.45
2022-01-08,12.52
2022-01-09,22.17
2022-01-10,15.98
2022-01-11,8.17
2022-01-12,7.55
2022-01-13,21.55
2022-01-14,9.63
2022-01-15,17.13
2022-01-16,17.06
2022-01-17,4.99
2022-01-18,21.72
2022-01-19,10.49
2022-01-20,14.64
2022-01-21,15.97
2022-01-22,13.47
2022-01-23,19.78
2022-01-24,16.32
2022-01-25,18.12
2022-01-26,19.3
2022-01-27,19.92
2022-01-28,13.08
2022-01-29,10.2
2022-01-30,45.88
2022-01-31,32.64
2022-02-01,13.54
2022-02-02,9.16
2022-02-03,14.46
2022-02-04,12.67
2022-02-05,12.67
2022-02-06,29.45
2022-02-07,13.33
2022-02-08,8.01
2022-02-09,18.85
2022-02-10,9.22
2022-02-11,7.53
2022-02-12,12.28
2022-02-13,17.13
2022-02-14,10.1
2022-02-15,6.26
2022-02-16,8.67
2022-02-17,17.07
2022-02-18,15.04
2022-02-19,13.45
2022-02-20,17.03
2022-02-21,7.41
2022-02-22,8.66
2022-02-23,12.44
2022-02-24,16.99
2022-02-25,12.8
2022-02-26,7.26
2022-02-27,18.63
2022-02-28,16.42
2022-03-01,10.58
2022-03-02,9.02
2022-03-03,12.56
2022-03-04,12.6
2022-03-05,6.34
2022-03-06,33.97
2022-03-07,19.18
2022-03-08,9.69
2022-03-09,8.25
2022-03-10,18.16
2022-03-11,16.25
2022-03-12,7.55
2022-03-13,40.03
2022-03-14,13.59
2022-03-15,12.76
2022-03-16,11.99
2022-03-17,20.08
2022-03-18,5.97
2022-03-19,9.89
2022-03-20,26.59
2022-03-21,13.87
2022-03-22,11.49
2022-03-23,8.37
2022-03-24,13.47
2022-03-25,5.99
2022-03-26,14.08
2022-03-27,23.65
2022-03-28,20.96
2022-03-29,9.49
2022-03-30,5.5
2022-03-31,10.27
2022-04-01,16.25
2022-04-02,18.4
2022-04-03,18.51
2022-04-04,19.6
2022-04-05,13.9
2022-04-06,17.58
2022-04-07,9.72
2022-04-08,6.04
2022-04-09,5.75
2022-04-10,19.16
2022-04-11,28.75
2022-04-12,10.68
2022-04-13,7.05
2022-04-14,9.57
2022-04-15,5.49
2022-04-16,12.25
2022-04-17,16.29
2022-04-18,10.83
2022-04-19,5.36
2022-04-20,7.9
2022-04-21,11.79
2022-04-22,13.56
2022-04-23,5.8
2022-04-24,10.67
2022-04-25,9.43
2022-04-26,5.86
2022-04-27,10.31
2022-04-28,14.1
2022-04-29,11.27
2022-04-30,41.13
2022-05-01,25.88
2022-05-02,13.72
2022-05-03,9.04
2022-05-04,41.2
2022-05-05,12.26
2022-05-06,15.32
2022-05-07,26.75
2022-05-08,33.41
2022-05-09,20.26
2022-05-10,20.42
2022-05-11,8.41
2022-05-12,14.08
2022-05-13,12.32
2022-05-14,4.63
2022-05-15,34.12
2022-05-16,14.28
2022-05-17,9.18
2022-05-18,13.71
2022-05-19,12.33
2022-05-20,25.71
2022-05-21,14.7
2022-05-22,18.7
2022-05-23,35.91
2022-05-24,19.02
2022-05-25,13.62
2022-05-26,11.32
2022-05-27,14.18
2022-05-28,12.49
2022-05-29,19.42
2022-05-30,7.15
2022-05-31,14.32
2022-06-01,8.7
2022-06-02,13.61
2022-06-03,13.8
2022-06-04,6.82
2022-06-05,8.83
2022-06-06,10.69
2022-06-07,7.47
2022-06-08,5.68
2022-06-09,8.68
2022-06-10,8.39
2022-06-11,10.3
2022-06-12,16.87
2022-06-13,22.01
2022-06-14,6.88
2022-06-15,12.09
2022-06-16,16.78
2022-06-17,10.68
2022-06-18,26.13
2022-06-19,34.91
2022-06-20,15.62
2022-06-21,25.17
2022-06-22,8.57
2022-06-23,9.14
2022-06-24,9.85
2022-06-25,8.03
2022-06-26,31.43
2022-06-27,10.35
2022-06-28,16.39
2022-06-29,15.01
2022-06-30,11.19
2022-07-01,12.22
2022-07-02,11.11
2022-07-03,23.06
2022-07-04,15.98
2022-07-05,18.9
2022-07-06,2.27
