Fecha,Vol. Futuros,TRM,Precio Interno,VIX,EMV-ID,EPU
2020-01-01,1.2899457760904345,3277.14,975000.0,12.548402507235787,1.89,186.06
2020-01-02,0.7350455366085377,3277.14,945000.0,12.47,2.84,139.13
2020-01-03,0.5918344361205096,3258.84,940000.0,14.02,1.33,108.1
2020-01-04,1.367154258393283,3262.05,930000.0,14.646666087948024,0.0,212.82
2020-01-05,1.505321285893915,3262.05,920000.0,14.31196955238363,0.86,173.76
2020-01-06,0.5081280687581757,3262.05,910000.0,13.85,0.99,147.96
2020-01-07,0.2044572374476228,3262.05,918000.0,13.79,0.0,103.98
2020-01-08,2.6911166533474598,3264.26,890000.0,13.45,0.56,91.15
2020-01-09,1.5222281247718752,3254.42,880000.0,12.54,1.16,71.92
2020-01-10,1.3542314451934303,3253.89,895000.0,12.56,0.0,74.58
2020-01-11,0.4681859701626271,3272.62,895000.0,12.581624160385378,0.85,127.36
2020-01-12,1.9493140031636056,3272.62,895000.0,12.425932385700944,0.0,159.24
2020-01-13,1.3516828116199882,3272.62,867000.0,12.32,0.91,124.82
2020-01-14,0.3050775955205447,3288.05,875000.0,12.39,0.0,109.27
2020-01-15,0.5235614053945052,3278.83,874000.0,12.42,0.0,98.77
2020-01-16,1.1881327886752675,3296.74,872000.0,12.32,0.0,88.05
2020-01-17,0.7107981947794908,3313.4,870000.0,12.1,0.0,77.76
2020-01-18,0.2995874402042159,3320.77,870000.0,12.096758825337263,0.0,89.29
2020-01-19,0.1299080621834803,3320.77,870000.0,12.302493805438342,0.0,162.21
2020-01-20,0.1611754499106269,3320.77,870000.0,12.594481882820254,0.0,96.05
2020-01-21,0.3950001102797744,3320.77,872000.0,12.85,0.0,87.56
2020-01-22,0.0450349028102233,3347.91,866000.0,12.91,0.56,77.19
2020-01-23,1.4311514393255726,3337.77,890000.0,12.98,0.0,70.67
2020-01-24,2.1998642457237776,3353.76,875000.0,14.56,1.24,48.48
2020-01-25,1.904046571174338,3366.01,875000.0,16.860500452878444,0.86,78.77
2020-01-26,0.797569047456087,3366.01,875000.0,18.52443252790403,2.43,137.56
2020-01-27,0.5743405330303827,3366.01,863000.0,18.23,0.0,22.25
2020-01-28,1.4647084440734763,3398.4,849000.0,16.28,6.23,94.68
2020-01-29,2.897353803515561,3392.6,830000.0,16.39,0.0,88.62
2020-01-30,0.5404090774011734,3395.1,835000.0,15.49,2.29,142.05
2020-01-31,1.1266344983100531,3411.45,850000.0,18.84,9.68,122.2
2020-02-01,0.949190543424825,3423.24,850000.0,20.654462533750095,8.36,147.37
2020-02-02,2.2841217784914933,3423.24,850000.0,19.937738118902345,3.2,104.49
2020-02-03,1.5045470709314714,3423.24,820000.0,17.97,8.18,124.15
2020-02-04,0.2550371186005288,3401.56,815000.0,16.05,5.5,111.96
2020-02-05,0.4083721856994941,3368.87,813000.0,15.15,2.71,84.94
2020-02-06,0.4083721856995077,3355.44,825000.0,14.96,1.71,81.75
2020-02-07,0.2035624112597794,3378.43,845000.0,15.47,4.37,130.27
2020-02-08,0.4964518092232793,3408.35,845000.0,15.43012866313934,1.68,87.8
2020-02-09,0.7667193305619916,3408.35,845000.0,15.052052974896327,3.98,113.95
2020-02-10,0.7001438734968917,3408.35,865000.0,15.04,0.9,111.39
2020-02-11,0.1992032531240576,3440.96,870000.0,15.18,1.34,152.71
2020-02-12,0.1491424586670119,3432.89,863000.0,13.74,1.06,79.26
2020-02-13,3.7059335916774248,3394.8,890000.0,14.15,2.3,82.23
2020-02-14,4.35564048364502,3385.11,942000.0,13.68,1.23,71.98
2020-02-15,1.1724009371212356,3378.29,942000.0,13.664064666962172,0.0,82.1
2020-02-16,1.2240897412521297,3378.29,942000.0,14.253373867169415,4.67,131.52
2020-02-17,1.8066111016514084,3378.29,942000.0,14.84349613379195,2.93,82.54
2020-02-18,0.5067535236575924,3378.29,930000.0,14.83,2.1,77.38
2020-02-19,0.2343567981468269,3410.24,930000.0,14.38,2.72,56.47
2020-02-20,3.0420596700711853,3400.98,907000.0,15.56,5.7,103.7
2020-02-21,4.943345785517375,3403.5,965000.0,17.08,6.68,106.59
2020-02-22,1.571832626950776,3398.05,965000.0,18.898101301429524,4.13,177.27
2020-02-23,2.24620381678938,3398.05,965000.0,21.42505678007973,6.13,144.34
2020-02-24,2.073182317480946,3398.05,955000.0,25.03,6.37,88.73
2020-02-25,1.1267724846342289,3431.6,968000.0,27.85,30.78,147.84
2020-02-26,1.8501915385321988,3425.22,990000.0,27.56,17.15,97.49
2020-02-27,0.8283526426643875,3441.88,997000.0,39.16,26.01,106.55
2020-02-28,1.7407677316253023,3507.11,1014000.0,40.11,40.41,172.45
2020-02-29,0.4069836621173391,3539.86,1014000.0,35.826963097582414,54.49,225.32
2020-03-01,0.2639822201410393,3539.86,1014000.0,32.432850926004335,34.35,175.73
2020-03-02,3.3785306752695474,3539.86,1020000.0,33.42,24.53,153.53
2020-03-03,5.431967408015392,3512.17,1065000.0,36.82,23.03,132.55
2020-03-04,3.274851843026279,3455.56,1043000.0,31.99,25.47,197.2
2020-03-05,6.43393661231856,3458.45,1010000.0,39.62,19.81,118.02
2020-03-06,3.945742755845812,3522.41,995000.0,41.94,25.19,132.5
2020-03-07,1.7091587710159044,3584.58,995000.0,47.34125256081201,27.88,122.57
2020-03-08,0.8233164760327127,3584.58,995000.0,53.9752283307765,41.65,250.63
2020-03-09,4.008911306829982,3584.58,1075000.0,54.46,52.46,276.24
2020-03-10,4.749996838368508,3803.6,1100000.0,47.3,68.02,296.12
2020-03-11,2.3916108895772603,3780.39,1120000.0,53.9,37.69,234.73
2020-03-12,2.17498378825885,3835.15,1145000.0,75.47,34.25,187.08
2020-03-13,1.9427067960261155,4034.66,1130000.0,57.83,50.91,330.85
2020-03-14,1.1161971158534345,3941.92,1130000.0,56.72005369707631,47.57,236.03
2020-03-15,0.6741892823474449,3941.92,1130000.0,72.69291372009451,112.93,468.43
2020-03-16,1.1963252948501308,3941.92,1120000.0,82.69,56.46,323.71
2020-03-17,0.967125526517775,4099.93,1085000.0,75.91,54.47,378.92
2020-03-18,4.883644011289098,4044.55,1177000.0,76.45,47.95,455.45
2020-03-19,7.658391551454409,4128.38,1200000.0,72.0,56.65,514.67
2020-03-20,2.581061409648843,4153.91,1250000.0,66.04,55.71,633.51
2020-03-21,0.1341637271150786,4079.96,1250000.0,62.95636112935331,77.35,538.95
2020-03-22,0.0565309975216359,4079.96,1250000.0,62.01737983443085,92.74,651.07
2020-03-23,1.20895899577306,4079.96,1260000.0,61.59,68.37,572.94
2020-03-24,3.524772421650577,4079.96,1300000.0,61.67,53.28,596.78
2020-03-25,3.4047507053401,4104.9,1315000.0,63.95,55.04,449.86
2020-03-26,4.163995111793222,4086.34,1245000.0,61.0,54.42,670.3
2020-03-27,7.321355909118174,3995.83,1186000.0,65.54,39.22,557.18
2020-03-28,2.254793138616029,4042.8,1186000.0,66.84107715747251,49.69,515.39
2020-03-29,2.1659056793209683,4042.8,1186000.0,63.11285509131356,89.5,743.13
2020-03-30,3.0233952818435723,4042.8,1230000.0,57.08,30.5,361.46
2020-03-31,0.2093364800463322,4064.81,1232000.0,53.54,49.59,516.55
2020-04-01,3.0144502797969013,4054.54,1210000.0,57.06,38.65,474.81
2020-04-02,2.8470161678474364,4081.06,1223000.0,50.91,33.07,738.02
2020-04-03,3.7998167930129023,4065.5,1195000.0,46.8,35.16,540.5
2020-04-04,2.489985335026472,4008.78,1195000.0,44.79990099412174,46.53,636.21
2020-04-05,1.0450388660914405,4008.78,1195000.0,44.12191952622992,84.08,739.55
2020-04-06,2.956527830207942,4008.78,1200000.0,45.24,42.7,605.38
2020-04-07,2.748006356602968,3978.38,1203000.0,46.7,40.43,468.08
2020-04-08,0.0834376352119672,3910.15,1200000.0,43.35,25.44,524.13
2020-04-09,1.0067199117723968,3886.79,1190000.0,41.67,28.48,417.54
2020-04-10,0.4094553113787866,3886.79,1190000.0,42.231367978658454,26.56,461.87
2020-04-11,1.195154981536982,3886.79,1190000.0,43.38677792460109,39.11,547.4
2020-04-12,0.6287110822764721,3886.79,1190000.0,43.5587989082432,63.01,558.22
2020-04-13,1.2683464024522668,3886.79,1192000.0,41.17,20.27,638.81
2020-04-14,2.1524359148112318,3870.31,1165000.0,37.76,26.87,441.32
2020-04-15,2.527514495819501,3858.21,1210000.0,40.84,21.72,455.68
2020-04-16,1.3400535537482228,3920.83,1215000.0,40.11,26.38,505.52
2020-04-17,2.1735353843179044,3942.92,1180000.0,38.15,33.9,573.7
2020-04-18,0.3634800837719493,3973.06,1180000.0,38.44110795729932,20.1,529.03
2020-04-19,0.0388147020045831,3973.06,1180000.0,40.67969274599374,64.8,594.11
2020-04-20,1.765092860422011,3973.06,1172000.0,43.83,41.52,618.66
2020-04-21,3.583007543465498,3967.76,1185000.0,45.41,32.5,599.13
2020-04-22,0.8626614224337044,4045.01,1171000.0,41.98,44.62,511.42
2020-04-23,0.4060461252201952,4037.95,1172000.0,41.38,30.03,505.54
2020-04-24,5.411725003682691,4020.94,1132000.0,35.93,26.41,562.5
2020-04-25,3.106590554108553,4039.87,1132000.0,32.427728327096894,41.76,555.71
2020-04-26,0.4682361659512219,4039.87,1132000.0,32.10141744445616,82.57,855.17
2020-04-27,2.0663795208786357,4039.87,1133000.0,33.29,38.12,642.66
2020-04-28,1.046134124536955,4039.83,1140000.0,33.57,26.19,479.89
2020-04-29,1.958505399440336,4046.04,1090000.0,31.23,31.58,439.11
2020-04-30,0.960161001022007,3983.29,1105000.0,34.15,22.07,440.07
2020-05-01,0.1912960889433992,3932.72,1102000.0,37.19,26.26,516.72
2020-05-02,0.7256541503481568,3932.72,1102000.0,38.46651202891345,33.41,387.24
2020-05-03,0.046421713359991,3932.72,1102000.0,38.042495835486434,79.59,541.24
2020-05-04,1.726861066163664,3932.72,1118000.0,35.97,34.62,449.38
2020-05-05,3.0786013386226707,3990.1,1130000.0,33.61,32.99,807.66
2020-05-06,0.4582959442220386,3926.07,1139000.0,34.12,23.86,498.71
2020-05-07,1.7528124034257349,3961.66,1115000.0,31.44,29.69,504.24
2020-05-08,2.436342064011467,3924.54,1127000.0,27.98,18.07,488.53
2020-05-09,1.6048701893034436,3882.27,1127000.0,25.43516455924314,26.76,621.96
2020-05-10,0.5101508549501993,3882.27,1127000.0,24.899567551444203,30.93,536.09
2020-05-11,2.144717568153759,3882.27,1121000.0,27.57,33.73,527.36
2020-05-12,3.123069011846781,3901.34,1090000.0,33.04,19.11,442.15
2020-05-13,1.9603783430567927,3880.48,1080000.0,35.28,18.7,553.21
2020-05-14,1.2952927560658456,3901.3,1101000.0,32.61,12.8,508.02
2020-05-15,0.0953743515309779,3947.79,1094000.0,31.89,14.24,374.22
2020-05-16,0.4157195243621409,3926.06,1094000.0,30.635633956739255,18.09,385.27
2020-05-17,0.175441756717522,3926.06,1094000.0,29.152650580595807,42.59,861.1
2020-05-18,1.0953898665696638,3926.06,1084000.0,29.3,27.29,511.62
2020-05-19,1.2691122159499717,3851.07,1074000.0,30.53,34.61,363.66
2020-05-20,1.3164270973625969,3824.3,1056000.0,27.99,35.31,420.68
2020-05-21,0.8555185259818665,3804.12,1038000.0,29.53,12.75,361.11
2020-05-22,1.103922897686448,3774.25,1030000.0,28.16,17.65,418.96
2020-05-23,0.1422673733033917,3782.66,1030000.0,27.157605615296756,25.26,441.45
2020-05-24,1.0296226309939194,3782.66,1030000.0,27.384438017225605,46.47,458.16
2020-05-25,0.7963874936654175,3782.66,1030000.0,27.961551410541652,22.9,462.96
2020-05-26,0.5307826922104625,3782.66,1029000.0,28.01,16.8,389.21
2020-05-27,2.504947930444253,3725.56,1010000.0,27.62,22.75,355.1
2020-05-28,3.373335724252059,3743.79,975000.0,28.59,24.44,421.99
2020-05-29,2.866112253186237,3723.42,962000.0,27.51,15.32,426.28
2020-05-30,0.2399621655782306,3718.82,962000.0,27.386454268082776,28.29,418.18
2020-05-31,1.3419664701185163,3718.82,962000.0,28.124515974193354,65.21,557.19
2020-06-01,0.9535665303638144,3718.82,975000.0,28.23,16.42,226.8
2020-06-02,0.1017811792700603,3716.35,951000.0,26.84,10.06,257.49
2020-06-03,0.9123225975521972,3651.42,950000.0,25.66,8.09,287.17
2020-06-04,0.963252061347217,3588.89,939000.0,25.81,17.16,231.24
2020-06-05,0.7612317906196397,3597.47,940000.0,24.52,19.86,235.07
2020-06-06,0.7096608095053457,3565.06,940000.0,23.53658735658842,32.28,277.42
2020-06-07,0.0386625070637545,3565.06,940000.0,23.839448610524524,45.15,391.21
2020-06-08,0.670998302441591,3565.06,950000.0,25.81,21.79,318.64
2020-06-09,1.1184661587894815,3599.0,955000.0,27.57,23.72,191.32
2020-06-10,1.0794245130880402,3643.02,950000.0,27.57,18.96,237.88
2020-06-11,0.7782140442054963,3674.81,971000.0,40.79,23.76,317.86
2020-06-12,0.8368249670516579,3746.46,968000.0,36.09,22.56,293.12
2020-06-13,0.34810787231702,3758.15,968000.0,32.137250204612364,21.27,373.28
2020-06-14,0.2010167862218936,3758.15,968000.0,33.02634939670402,41.75,397.45
2020-06-15,0.7193912941926641,3758.15,960000.0,34.4,52.82,300.34
2020-06-16,0.3730353379906367,3758.15,952000.0,33.67,29.36,319.69
2020-06-17,2.738454427779605,3741.88,974000.0,33.47,26.15,348.4
2020-06-18,1.729149711006111,3749.03,966000.0,32.94,13.49,322.96
2020-06-19,0.9025811207312332,3760.22,960000.0,35.12,19.05,450.64
2020-06-20,0.552212160417347,3733.27,960000.0,35.51688533755906,33.4,515.46
2020-06-21,1.022935370234095,3733.27,960000.0,33.88798998072939,54.14,413.51
2020-06-22,0.7444082296674301,3733.27,976000.0,31.77,23.3,259.55
2020-06-23,0.3121750714184585,3733.27,968000.0,31.37,19.69,309.15
2020-06-24,0.4147232486446389,3706.06,972000.0,33.84,16.6,224.4
2020-06-25,1.8799509273316783,3722.27,958000.0,32.22,24.81,225.72
2020-06-26,0.8398999505238683,3735.93,970000.0,34.73,21.92,260.33
2020-06-27,1.3368582843108796,3758.91,970000.0,35.51396830791532,30.82,276.22
2020-06-28,0.97077287599299,3758.91,970000.0,33.86063035332307,34.93,561.21
2020-06-29,0.7806224979323902,3758.91,997000.0,31.78,25.41,301.58
2020-06-30,1.409182856111807,3758.91,1006000.0,30.43,26.55,292.37
2020-07-01,2.954424630672552,3756.28,1020000.0,28.62,26.67,329.62
2020-07-02,0.7793512413556868,3723.67,994000.0,27.68,9.96,249.7
2020-07-03,2.304224712610933,3660.18,995000.0,26.932323929038436,8.93,412.01
2020-07-04,2.207136362714829,3645.9,995000.0,26.427204581446297,12.67,347.74
2020-07-05,1.2234897140103504,3645.9,995000.0,26.61348294313101,32.0,415.94
2020-07-06,0.6698424436843388,3645.9,954000.0,27.94,38.42,389.2
2020-07-07,2.0871208100906458,3633.32,967000.0,29.43,21.03,278.61
2020-07-08,0.3027247518724999,3631.54,969000.0,28.08,16.37,319.33
2020-07-09,1.2713112999837726,3625.61,955000.0,29.26,14.19,267.49
2020-07-10,1.5992087013948306,3633.42,942000.0,27.29,13.81,259.27
2020-07-11,0.0806220584778462,3615.75,942000.0,28.19438751190746,12.57,237.89
2020-07-12,0.8788478225145714,3615.75,942000.0,31.10067223650105,36.79,496.99
2020-07-13,0.4934480973333447,3615.75,954000.0,32.19,29.44,212.54
2020-07-14,0.7212808189240798,3617.22,950000.0,29.52,18.49,308.28
2020-07-15,0.7786180005539735,3638.22,945000.0,27.76,20.65,352.74
2020-07-16,1.1914152843570252,3611.61,958000.0,28.0,16.09,313.71
2020-07-17,3.9874068552350734,3627.86,990000.0,25.68,18.14,555.06
2020-07-18,0.901258613632955,3651.93,990000.0,24.06893751665565,23.94,388.97
2020-07-19,1.6831915769216597,3651.93,990000.0,23.871174777165933,45.3,640.0
2020-07-20,1.773956603869982,3651.93,970000.0,24.46,13.24,430.14
2020-07-21,2.0101179321087304,3651.93,977000.0,24.84,14.85,423.52
2020-07-22,7.520900048323763,3628.2,1030000.0,24.32,9.55,297.02
2020-07-23,0.7875880414650491,3627.28,1033000.0,26.08,9.1,282.1
2020-07-24,0.8337241437828343,3660.15,1047000.0,25.84,20.87,290.25
2020-07-25,1.4532559397682223,3690.8,1047000.0,24.896180031868326,35.97,279.85
2020-07-26,0.6809830918086858,3690.8,1047000.0,24.36230567686121,24.82,465.25
2020-07-27,0.3060345478319902,3690.8,1057000.0,24.74,35.38,521.96
2020-07-28,0.6816658979097681,3679.17,1065000.0,25.44,10.04,315.73
2020-07-29,1.7627575083313238,3718.69,1075000.0,24.1,11.32,370.27
2020-07-30,3.304993467255219,3716.89,1110000.0,24.76,13.04,307.77
2020-07-31,3.073225212920414,3739.49,1140000.0,24.46,17.21,384.08
2020-08-01,0.1664637721459027,3733.08,1140000.0,24.237577457356668,21.88,304.7
2020-08-02,1.2029062408784643,3733.08,1140000.0,24.324525039884165,45.02,405.97
2020-08-03,0.1497995481684192,3733.08,1143000.0,24.28,26.08,271.04
2020-08-04,2.636687584074213,3768.39,1170000.0,23.76,22.87,391.33
2020-08-05,0.412201737806486,3792.98,1168000.0,22.99,9.78,253.99
2020-08-06,3.815176596437617,3775.95,1123000.0,22.65,15.58,285.63
2020-08-07,1.3336398997251708,3769.67,1115000.0,22.21,11.21,276.7
2020-08-08,0.5870225032774898,3769.67,1115000.0,21.38668669030531,14.64,353.43
2020-08-09,0.8351353108472437,3769.67,1115000.0,21.001660216654525,31.65,398.91
2020-08-10,1.077424195366705,3769.67,1105000.0,22.13,13.88,388.62
2020-08-11,1.1163322002213376,3770.22,1082000.0,24.03,9.47,359.14
2020-08-12,0.6266806543559487,3749.3,1091000.0,22.28,18.8,202.2
2020-08-13,3.636764417087479,3755.61,1125000.0,22.13,11.74,282.72
2020-08-14,1.2992820282485815,3767.05,1120000.0,22.05,12.92,345.8
2020-08-15,1.7002377428534146,3783.15,1120000.0,21.788995688762533,34.34,324.57
2020-08-16,0.0982265378326265,3783.15,1120000.0,21.542700682735884,39.95,531.9
2020-08-17,2.340342463527248,3783.15,1128000.0,21.35,31.12,350.55
2020-08-18,3.193799238348068,3783.15,1153000.0,21.51,27.47,341.68
2020-08-19,0.7150398499075876,3784.15,1130000.0,22.54,16.96,216.18
2020-08-20,0.0843881906620056,3766.73,1141000.0,22.72,13.51,250.25
2020-08-21,1.298991657452344,3792.13,1158000.0,22.54,19.1,286.03
2020-08-22,0.1077101662365514,3827.27,1158000.0,22.569104066519007,22.38,217.76
2020-08-23,0.6037726501179205,3827.27,1158000.0,22.624388846024946,26.51,380.2
2020-08-24,0.8363008063477586,3827.27,1167000.0,22.37,9.24,186.9
2020-08-25,2.4236142113548897,3843.69,1192000.0,22.03,10.96,213.68
2020-08-26,0.3252035386377343,3867.32,1176000.0,23.27,14.76,154.27
2020-08-27,0.1220752949159428,3846.64,1170000.0,24.47,14.92,180.61
2020-08-28,3.3196409533206706,3820.17,1180000.0,22.96,13.97,296.28
2020-08-29,1.5519376679876329,3760.38,1180000.0,23.140349251217486,14.35,339.77
2020-08-30,0.0364400364405488,3760.38,1180000.0,24.90000661895029,35.49,296.28
2020-08-31,0.513684903029952,3760.38,1200000.0,26.41,21.86,169.1
2020-09-01,1.6049255453279232,3745.41,1197000.0,26.12,18.44,204.69
2020-09-02,0.3037208105449671,3683.28,1188000.0,26.57,12.62,237.83
2020-09-03,0.0760167273397525,3653.7,1198000.0,33.6,22.79,243.52
2020-09-04,2.402517958699005,3653.23,1225000.0,30.75,18.67,224.01
2020-09-05,1.7582809300030866,3702.62,1225000.0,28.918661954576688,16.89,258.22
2020-09-06,0.3250724220450234,3702.62,1225000.0,30.203519124609482,34.96,484.25
2020-09-07,1.0753899988156652,3702.62,1225000.0,31.93911673233754,39.32,491.37
2020-09-08,2.50275949681977,3702.62,1217000.0,31.46,16.06,208.78
2020-09-09,2.4005725057660103,3757.21,1184000.0,28.81,16.44,209.54
2020-09-10,2.174413344160351,3717.25,1204000.0,29.71,14.77,218.1
2020-09-11,0.6394605201746353,3700.28,1208000.0,26.87,11.22,237.03
2020-09-12,1.9507809761442367,3709.0,1208000.0,25.22262868699579,17.32,218.84
2020-09-13,3.100508352219829,3709.0,1208000.0,25.42845876115541,55.46,318.66
2020-09-14,2.581842490976357,3709.0,1132000.0,25.85,25.39,270.62
2020-09-15,1.0986885697124038,3697.0,1125000.0,25.59,11.3,245.27
2020-09-16,1.3594442110314993,3683.49,1105000.0,26.04,10.49,244.64
2020-09-17,2.0532881423863465,3703.86,1100000.0,26.46,8.44,248.91
2020-09-18,3.8848216916265694,3714.65,1070000.0,25.83,6.39,244.41
2020-09-19,1.6537165313746631,3725.37,1070000.0,26.434095770350545,13.46,187.42
2020-09-20,0.2283661936803517,3725.37,1070000.0,27.634084311743916,35.38,437.15
2020-09-21,0.0068868384986555,3725.37,1075000.0,27.78,18.22,177.56
2020-09-22,1.2126804798035775,3790.54,1075000.0,26.86,14.18,126.1
2020-09-23,0.1356545539251232,3813.3,1070000.0,28.58,10.56,161.46
2020-09-24,0.5865119452398058,3863.6,1078000.0,28.51,3.99,246.25
2020-09-25,2.2242909888346616,3873.8,1115000.0,26.38,12.71,252.32
2020-09-26,0.0407471177466863,3867.81,1115000.0,25.43532176142791,8.49,134.92
2020-09-27,1.8170663078358045,3867.81,1115000.0,25.695539631540985,32.53,317.07
2020-09-28,1.897920107367025,3867.81,1080000.0,26.19,22.95,189.79
2020-09-29,9.128251527171026e-06,3859.9,1083000.0,26.27,9.02,185.6
2020-09-30,1.2698583337127345,3878.94,1077000.0,26.37,19.06,207.77
2020-10-01,3.578363434291121,3865.47,1051000.0,26.7,10.31,259.5
2020-10-02,1.7593046354937074,3842.34,1074000.0,27.63,31.43,390.29
2020-10-03,0.7865107578291946,3881.8,1074000.0,27.623837358949537,21.53,340.62
2020-10-04,1.1734960621435058,3881.8,1074000.0,27.291382024439088,17.96,332.63
2020-10-05,1.23229597107841,3881.8,1048000.0,27.96,19.06,273.84
2020-10-06,0.4188975173670387,3843.75,1053000.0,29.48,23.45,334.28
2020-10-07,1.7952150703543095,3826.77,1071000.0,28.06,33.15,426.88
2020-10-08,0.5913139813040367,3837.79,1075000.0,26.36,26.31,294.91
2020-10-09,1.1722406551586042,3839.73,1082000.0,25.0,24.99,306.7
2020-10-10,0.3835601446697049,3824.25,1082000.0,24.311306398853752,21.61,396.92
2020-10-11,1.3117183888135422,3824.25,1082000.0,24.35652342242405,54.75,492.14
2020-10-12,0.4797052547756029,3824.25,1064000.0,25.07,32.91,289.7
2020-10-13,0.8665960732681199,3824.25,1080000.0,26.07,15.11,220.87
2020-10-14,0.4551669214719075,3856.32,1070000.0,26.4,27.25,341.81
2020-10-15,0.0912825257359577,3843.59,1073000.0,26.97,13.44,141.19
2020-10-16,2.0761991448429127,3854.47,1055000.0,27.41,15.43,200.48
2020-10-17,1.0838029795529842,3846.48,1055000.0,27.959178009175922,18.12,161.13
2020-10-18,0.0264663906676429,3846.48,1055000.0,28.602932036079533,48.44,285.62
2020-10-19,0.0678510908581406,3846.48,1046000.0,29.18,24.89,249.35
2020-10-20,1.0903165608439855,3842.76,1032000.0,29.35,19.52,234.01
2020-10-21,0.7175347695270455,3830.79,1010000.0,28.65,15.2,158.05
2020-10-22,2.4188990600726745,3784.51,1033000.0,28.11,8.39,167.77
2020-10-23,1.036278703554666,3776.73,1025000.0,27.55,10.99,138.34
2020-10-24,0.6799773726328711,3782.66,1025000.0,29.057940902371733,15.39,129.44
2020-10-25,0.5998398622521253,3782.66,1025000.0,31.44723970750818,31.13,369.86
2020-10-26,1.0695448749005985,3782.66,1039000.0,32.46,20.36,294.62
2020-10-27,0.2808990611054952,3812.82,1039000.0,33.35,16.45,187.07
2020-10-28,1.840108537089129,3810.23,1030000.0,40.28,16.81,234.14
2020-10-29,0.3816798526700853,3841.46,1035000.0,37.59,26.15,298.36
2020-10-30,0.1913876182284053,3849.53,1035000.0,38.02,18.59,277.43
2020-10-31,0.7859499009242498,3858.56,1035000.0,38.509513209089334,37.37,186.36
2020-11-01,0.7889041013650951,3858.56,1035000.0,37.85049191282772,25.26,271.71
2020-11-02,0.030421759541966,3858.56,1023000.0,37.13,39.67,418.93
2020-11-03,0.6303051170487282,3858.56,1013000.0,35.55,13.07,335.3
2020-11-04,0.4359415961916282,3823.45,1010000.0,29.57,17.41,370.7
2020-11-05,2.823829648467227,3807.13,1015000.0,27.58,13.99,303.07
2020-11-06,0.9394150814106452,3763.82,1015000.0,24.86,8.79,390.29
2020-11-07,0.027110468190713,3738.19,1015000.0,24.07649984390227,20.02,452.23
2020-11-08,0.0776665865669314,3738.19,1015000.0,24.99346396885461,17.67,416.76
2020-11-09,0.0429892579495941,3738.19,997000.0,25.75,19.04,254.34
2020-11-10,0.4202667871496199,3646.15,996000.0,24.8,15.91,192.03
2020-11-11,1.6636243202372292,3650.5,1012000.0,23.45,15.38,252.06
2020-11-12,0.9124150889609192,3650.5,1025000.0,25.35,9.45,184.25
2020-11-13,0.7750209752934694,3646.22,1020000.0,23.1,8.79,123.79
2020-11-14,1.324186832762031,3639.95,1020000.0,21.683449586372124,11.26,225.66
2020-11-15,2.636155283206452,3639.95,1020000.0,21.930850798189372,47.16,218.9
2020-11-16,1.7326133542063953,3639.95,1069000.0,22.45,17.98,254.24
2020-11-17,0.4744455740362649,3639.95,1075000.0,22.71,10.87,196.81
2020-11-18,3.0093391873213826,3635.19,1100000.0,23.84,11.59,154.81
2020-11-19,0.7487555780016064,3647.73,1105000.0,23.11,8.02,224.65
2020-11-20,4.362326210919261,3647.1,1058000.0,23.7,13.74,230.2
2020-11-21,1.91517309451818,3649.9,1058000.0,24.03144042346902,6.81,196.02
2020-11-22,0.644617794143361,3649.9,1058000.0,23.598497866136537,23.83,359.33
2020-11-23,0.3573069440475507,3649.9,1054000.0,22.66,19.52,415.59
2020-11-24,1.1423674319029344,3632.92,1045000.0,21.64,26.93,262.51
2020-11-25,1.1860450914747842,3643.24,1049000.0,21.25,35.04,276.82
2020-11-26,2.97809586888492,3620.39,1049000.0,21.03813934431011,13.7,157.55
2020-11-27,3.120321831033816,3620.39,1100000.0,20.84,11.09,238.32
2020-11-28,1.964289045451832,3611.44,1100000.0,20.665055679150235,15.64,149.05
2020-11-29,0.0073215931374394,3611.44,1100000.0,20.55745139827573,22.1,258.52
2020-11-30,2.78205464131397,3611.44,1090000.0,20.57,26.37,156.15
2020-12-01,4.273973942603764,3591.84,1040000.0,20.77,13.15,248.2
2020-12-02,1.032267230741874,3558.57,1037000.0,21.17,7.08,156.7
2020-12-03,0.6823054188504716,3533.21,1027000.0,21.28,16.0,189.91
2020-12-04,1.974313055360886,3481.44,1010000.0,20.79,18.59,215.13
2020-12-05,0.7374513500124452,3467.49,1010000.0,20.991829147086833,10.64,141.89
2020-12-06,0.8048603796258484,3467.49,1010000.0,21.483468477943795,28.94,363.84
2020-12-07,1.3101418114291377,3467.49,1029000.0,21.3,18.51,269.89
2020-12-08,0.1281777573483601,3487.65,1030000.0,20.68,14.12,259.64
2020-12-09,1.8966085748961603,3487.65,1010000.0,22.27,23.46,144.77
2020-12-10,3.1272627656704515,3465.76,1022000.0,22.52,12.43,256.04
2020-12-11,0.4628663849840002,3448.89,1030000.0,23.31,10.69,122.3
2020-12-12,1.0585802578357169,3433.45,1030000.0,24.555357326975894,8.62,141.22
2020-12-13,1.7906685375964584,3433.45,1030000.0,25.319987066562376,37.76,379.17
2020-12-14,0.8189968119042876,3433.45,1060000.0,24.72,15.75,186.91
2020-12-15,0.3648899244211221,3426.97,1047000.0,22.89,11.61,139.29
2020-12-16,1.571670410122981,3422.44,1061000.0,22.5,16.89,136.12
2020-12-17,7.99680096363875e-06,3416.21,1059000.0,21.93,11.08,195.87
2020-12-18,1.0854377925185816,3410.82,1052000.0,21.57,12.87,146.67
2020-12-19,0.2713064319186639,3420.26,1052000.0,22.71683228716944,25.08,154.77
2020-12-20,0.3941925329579669,3420.26,1052000.0,24.42805168017832,42.0,196.41
2020-12-21,0.3609858107830235,3420.26,1048000.0,25.16,17.61,246.79
2020-12-22,0.0804829017287039,3442.41,1058000.0,24.23,10.72,147.55
2020-12-23,0.281407220881105,3444.9,1071000.0,23.31,16.49,291.07
2020-12-24,1.1177761090429714,3482.51,1086000.0,21.53,15.62,256.16
2020-12-25,0.225729459972935,3493.77,1086000.0,20.266384457223484,27.07,174.42
2020-12-26,1.2276991596925624,3493.77,1086000.0,19.924317306690924,17.26,699.78
2020-12-27,1.032187374147404,3493.77,1086000.0,20.42759150281289,20.05,358.97
2020-12-28,0.3997000114875456,3493.77,1063000.0,21.7,0.99,217.47
2020-12-29,1.648286496826824,3495.39,1070000.0,23.08,18.78,286.36
2020-12-30,7.974481337929537e-06,3482.1,1053000.0,22.77,28.34,368.46
2020-12-31,2.2472855852058577,3432.5,1073000.0,22.75,23.03,307.12
2021-01-01,1.036149251833146,3432.5,1073000.0,24.04317897863701,37.39,429.48
2021-01-02,0.5862810293291678,3432.5,1073000.0,25.898004138036494,17.02,190.39
2021-01-03,1.2274537163828605,3432.5,1073000.0,27.233827228417727,38.87,324.05
2021-01-04,0.8733954025023426,3432.5,1066000.0,26.97,24.66,233.3
2021-01-05,0.8358257614201359,3420.78,1058000.0,25.34,19.65,208.61
2021-01-06,3.4149659852118366,3450.74,1020000.0,25.07,15.09,139.81
2021-01-07,0.1652892938299594,3428.04,1043000.0,22.37,10.69,124.29
2021-01-08,2.124262883939581,3459.39,1055000.0,21.56,6.61,104.8
2021-01-09,0.4912127947270844,3478.11,1055000.0,22.351653864366646,15.91,115.22
2021-01-10,0.9674038884658388,3478.11,1055000.0,23.512375471895542,54.22,283.14
2021-01-11,1.3594713012873068,3478.11,1039000.0,24.08,34.23,308.7
2021-01-12,0.0411776822783592,3478.11,1042000.0,23.33,19.2,229.15
2021-01-13,3.1220861339576143,3487.65,1070000.0,22.21,14.58,223.57
2021-01-14,1.6627461460491832,3478.36,1075000.0,23.25,11.57,157.94
2021-01-15,0.6262251384614294,3469.76,1085000.0,24.34,11.27,149.93
2021-01-16,0.5570959860640303,3466.8,1085000.0,24.964539385094564,10.14,228.3
2021-01-17,0.3167389165471437,3466.8,1085000.0,25.07673000615282,25.78,209.94
2021-01-18,0.3126510489137863,3466.8,1085000.0,24.54555562413467,14.07,159.6
2021-01-19,1.3445799478925478,3466.8,1088000.0,23.24,7.97,170.18
2021-01-20,1.5455033202130486,3482.03,1067000.0,21.58,23.24,309.33
2021-01-21,0.9934514449976062,3476.19,1080000.0,21.32,19.94,280.95
2021-01-22,1.916226297816419,3477.48,1078000.0,21.91,13.81,192.0
2021-01-23,1.4038011029026043,3525.25,1078000.0,23.723275372839982,14.06,147.81
2021-01-24,0.0048358151145005,3525.25,1078000.0,24.97609015320983,23.59,291.37
2021-01-25,0.75197556628705,3525.25,1092000.0,23.19,24.96,241.85
2021-01-26,1.009090298196272,3582.41,1110000.0,23.02,16.37,254.93
2021-01-27,0.800004266707637,3591.48,1115000.0,37.21,22.12,251.13
2021-01-28,1.20241929668017,3636.91,1091000.0,30.21,33.18,150.0
2021-01-29,0.8503796942835252,3585.44,1085000.0,33.09,24.37,248.96
2021-01-30,0.7930235766740932,3559.46,1085000.0,35.903206067683314,26.65,139.41
2021-01-31,1.2083048523913535,3559.46,1085000.0,34.37626604235034,29.13,199.79
2021-02-01,0.0681228348553591,3559.46,1104000.0,30.24,21.36,144.04
2021-02-02,1.5678713133014912,3561.37,1076000.0,25.56,18.95,282.75
2021-02-03,0.4447147009912066,3534.99,1082000.0,22.91,20.1,145.65
2021-02-04,0.080645165661051,3522.57,1090000.0,21.77,14.98,129.36
2021-02-05,0.3621005766952362,3558.63,1095000.0,20.87,13.11,111.2
2021-02-06,0.2227437818736067,3543.28,1095000.0,20.58959468559828,6.8,99.84
2021-02-07,0.1159314414097698,3543.28,1095000.0,20.82814614311346,13.67,200.27
2021-02-08,0.4286147098839108,3543.28,1098000.0,21.24,13.64,232.61
2021-02-09,0.9309923548359876,3554.65,1091000.0,21.63,12.39,84.45
2021-02-10,1.516111810315513,3583.23,1072000.0,21.99,11.68,113.01
2021-02-11,0.0825423076167643,3557.16,1062000.0,21.25,17.65,121.93
2021-02-12,0.0412626372679301,3525.45,1053000.0,19.97,12.43,211.29
2021-02-13,0.2246278817870075,3515.65,1053000.0,19.69092282539886,10.65,180.0
2021-02-14,0.6249443265192054,3515.65,1053000.0,20.26698367474324,23.79,153.61
2021-02-15,0.8511285777471033,3515.65,1053000.0,21.067052686715996,23.69,152.79
2021-02-16,0.9063715126345606,3515.65,1088000.0,21.46,15.03,150.29
2021-02-17,1.079794534678813,3518.19,1096000.0,21.5,15.83,84.88
2021-02-18,1.500225531448775,3545.84,1120000.0,22.49,27.9,148.02
2021-02-19,0.0784006312208645,3537.86,1128000.0,22.05,22.33,106.51
2021-02-20,0.3171663847027518,3555.4,1128000.0,21.95651963935575,23.59,107.05
2021-02-21,1.4898220961723396,3555.4,1128000.0,22.5590632104699,11.5,135.8
2021-02-22,2.754062644330132,3555.4,1180000.0,23.45,18.56,132.3
2021-02-23,2.5158559636154934,3602.41,1205000.0,23.11,17.66,145.25
2021-02-24,0.8807396381747277,3590.37,1188000.0,21.34,24.26,186.94
2021-02-25,2.5833708795378483,3578.29,1092000.0,28.89,15.38,124.74
2021-02-26,1.702631241363118,3588.23,1218000.0,27.95,25.95,223.25
2021-02-27,1.1664903233595554,3624.39,1218000.0,25.19588251043693,6.65,220.62
2021-02-28,0.128357249632123,3624.39,1218000.0,23.733389406488136,41.39,194.65
2021-03-01,0.2118832026957116,3624.39,1195000.0,23.35,30.9,257.79
2021-03-02,1.453351461616802,3622.36,1190000.0,24.1,9.11,122.0
2021-03-03,1.551005179340594,3646.61,1191000.0,26.67,18.64,103.44
2021-03-04,2.119131505702192,3676.94,1175000.0,28.57,17.17,76.48
2021-03-05,0.272214828798463,3647.99,1147000.0,24.66,29.98,231.03
2021-03-06,0.4246814181820856,3640.2,1147000.0,23.290564170135642,26.31,206.96
2021-03-07,0.0203514003958032,3640.2,1147000.0,24.58740906841011,31.6,229.1
2021-03-08,0.1715913557085326,3640.2,1140000.0,25.47,28.51,328.48
2021-03-09,0.1163016219481259,3623.61,1145000.0,24.03,19.23,167.78
2021-03-10,0.3484998686896385,3598.77,1137000.0,22.56,24.5,195.33
2021-03-11,1.876371343636888,3561.91,1150000.0,21.91,18.31,275.24
2021-03-12,0.4919593649671585,3534.62,1160000.0,20.69,13.69,106.71
2021-03-13,0.6430167466759421,3575.3,1160000.0,19.981136052825562,11.89,108.34
2021-03-14,0.6246943202233841,3575.3,1160000.0,19.88429522220523,43.37,216.17
2021-03-15,0.5098446126804762,3575.3,1150000.0,20.03,15.5,206.85
2021-03-16,1.7719596518238103,3575.63,1168000.0,19.79,13.62,87.46
2021-03-17,0.7125475488305716,3553.51,1167000.0,19.23,15.94,187.89
2021-03-18,4.976919049306535,3578.02,1134000.0,21.58,13.62,180.02
2021-03-19,0.7544208900325737,3569.45,1132000.0,20.95,13.15,211.66
2021-03-20,1.7532585953061277,3553.34,1132000.0,19.49134664011883,26.89,301.26
2021-03-21,1.7585238860130774,3553.34,1132000.0,18.64183139214987,10.39,152.98
2021-03-22,0.1278287892836164,3553.34,1140000.0,18.88,25.38,275.36
2021-03-23,1.9403014607770128,3553.34,1142000.0,20.3,10.29,193.53
2021-03-24,0.8658062743114542,3589.82,1143000.0,21.2,28.09,126.24
2021-03-25,0.0790201542500882,3635.12,1153000.0,19.81,11.72,142.05
2021-03-26,1.489639462519874,3658.22,1178000.0,18.86,15.38,108.99
2021-03-27,1.291579986695489,3665.41,1178000.0,19.47743429970959,12.82,87.78
2021-03-28,0.0718153720209743,3665.41,1178000.0,20.59102650119523,27.87,155.99
2021-03-29,2.3545840715846524,3665.41,1178000.0,20.74,8.14,177.66
2021-03-30,3.565368626406208,3705.85,1150000.0,19.61,14.16,121.16
2021-03-31,0.7314132565920994,3736.91,1138000.0,19.4,13.9,136.03
2021-04-01,1.5504186535965312,3678.62,1126000.0,17.33,13.2,76.09
2021-04-02,2.094020224151404,3678.62,1126000.0,16.106045637894276,6.02,130.61
2021-04-03,1.0612796265319198,3678.62,1126000.0,16.20719415963077,18.83,120.78
2021-04-04,0.6399118847695404,3678.62,1126000.0,17.01474560155188,19.94,210.38
2021-04-05,2.925729124373015,3678.62,1136000.0,17.91,12.98,181.6
2021-04-06,3.81649049286318,3645.79,1160000.0,18.12,19.58,125.46
2021-04-07,0.0788643573998235,3645.14,1168000.0,17.16,17.0,205.44
2021-04-08,0.8641059265902948,3639.62,1169000.0,16.95,23.33,115.07
2021-04-09,0.4704046306563473,3634.07,1175000.0,16.69,17.06,115.04
2021-04-10,0.4630515248437872,3650.23,1175000.0,16.731612628840942,27.76,138.65
2021-04-11,0.2125098170900305,3650.23,1175000.0,16.941633024498206,33.19,300.55
2021-04-12,0.9162970549593976,3650.23,1185000.0,16.91,8.6,69.6
2021-04-13,1.5107782991972114,3653.57,1200000.0,16.65,20.74,112.82
2021-04-14,1.5640219633619057,3666.17,1215000.0,16.99,8.82,65.13
2021-04-15,0.4531729809882099,3665.49,1205000.0,16.57,13.36,111.93
2021-04-16,2.711642179631215,3620.4,1178000.0,16.25,9.71,86.85
2021-04-17,1.6637748310163425,3595.57,1178000.0,15.987306480755613,10.86,108.04
2021-04-18,0.3501480278495216,3595.57,1178000.0,16.139222938521304,14.92,128.86
2021-04-19,1.8541686598576157,3595.57,1192000.0,17.29,8.14,92.0
2021-04-20,1.9825277609321168,3606.42,1220000.0,18.68,7.0,89.99
2021-04-21,0.188928830049276,3636.26,1209000.0,17.5,7.23,100.71
2021-04-22,1.5760176111606132,3639.12,1233000.0,18.71,7.57,70.82
2021-04-23,1.8809331957496076,3630.81,1250000.0,17.33,14.5,102.84
2021-04-24,1.1732686248288338,3640.07,1250000.0,16.615547318540038,7.96,76.35
2021-04-25,0.9446415466424812,3640.07,1250000.0,17.07131755359944,24.4,106.95
2021-04-26,1.400040540646035,3640.07,1310000.0,17.64,15.22,84.99
2021-04-27,1.817596350108256,3659.62,1340000.0,17.56,10.15,165.42
2021-04-28,0.0346440329118824,3717.46,1332000.0,17.28,47.59,102.3
2021-04-29,2.030171231735279,3699.74,1317000.0,17.61,15.31,153.32
2021-04-30,1.0307537501009962,3712.89,1319000.0,18.61,10.29,125.83
2021-05-01,0.0847657150166819,3740.14,1319000.0,18.593835543285696,16.8,107.85
2021-05-02,0.0130308294724553,3740.14,1319000.0,18.08506958254676,20.77,184.5
2021-05-03,0.7633497890027204,3740.14,1330000.0,18.31,16.42,297.27
2021-05-04,0.1080497133754178,3816.65,1340000.0,19.48,16.15,119.21
2021-05-05,6.6830708482456185,3831.35,1422000.0,19.15,8.02,176.89
2021-05-06,3.3115608784497605,3846.28,1440000.0,18.39,7.66,142.39
2021-05-07,0.7848307126135698,3800.33,1409000.0,16.69,14.3,170.41
2021-05-08,1.5920883608280418,3765.33,1409000.0,16.75206135032177,16.77,134.18
2021-05-09,1.231224404262876,3765.33,1409000.0,18.22568115503454,14.96,114.95
2021-05-10,0.3113220083834817,3765.33,1355000.0,19.66,13.65,168.8
2021-05-11,0.2030457550382143,3714.94,1372000.0,21.84,12.07,175.89
2021-05-12,1.4643544486152449,3703.2,1360000.0,27.59,17.35,78.7
2021-05-13,0.0686341825158139,3734.09,1350000.0,23.13,16.79,94.65
2021-05-14,0.965857801723472,3728.09,1328000.0,18.81,10.38,100.11
2021-05-15,1.630195862342295,3682.84,1328000.0,17.50793027760276,10.46,53.8
2021-05-16,0.4684310387270091,3682.84,1328000.0,18.156602852115512,19.13,129.76
2021-05-17,2.6172106043058583,3682.84,1334000.0,19.72,13.7,128.94
2021-05-18,4.58301225409552,3682.84,1378000.0,21.34,14.98,96.41
2021-05-19,0.5615142561582331,3655.74,1374000.0,22.18,16.35,147.69
2021-05-20,6.624709955769793e-06,3682.66,1387000.0,20.67,6.32,189.22
2021-05-21,0.5646917513431539,3721.57,1390000.0,20.15,3.11,108.94
2021-05-22,0.5075315886839461,3738.19,1390000.0,19.403368815594387,5.25,80.84
2021-05-23,0.1886283823897944,3738.19,1390000.0,18.528148372794018,28.15,181.82
2021-05-24,0.0393832983219712,3738.19,1378000.0,18.4,13.69,183.43
2021-05-25,1.001677824347121,3750.66,1391000.0,18.84,16.97,145.6
2021-05-26,3.396799465102219,3735.41,1432000.0,17.36,11.1,71.66
2021-05-27,0.2250443000896182,3747.48,1422000.0,16.74,7.51,70.25
2021-05-28,4.40738627097985,3729.02,1470000.0,16.76,6.85,171.86
2021-05-29,2.29069788100424,3715.28,1470000.0,17.17903735577512,4.29,20.63
2021-05-30,0.6083865909179648,3715.28,1470000.0,17.74024494073234,24.3,91.45
2021-05-31,1.654822952000131,3715.28,1470000.0,18.096330055323392,6.62,74.69
2021-06-01,0.8314506152508406,3715.28,1443000.0,17.9,6.41,176.43
2021-06-02,0.0620732484238898,3671.38,1440000.0,17.48,6.14,83.31
2021-06-03,2.2275430837668173,3642.29,1417000.0,18.04,6.38,109.44
2021-06-04,2.537332674766331,3657.41,1425000.0,16.42,9.81,68.0
2021-06-05,1.461053758057067,3609.2,1425000.0,15.54088683348312,6.48,48.51
2021-06-06,0.7018743532045301,3609.2,1425000.0,15.806001846287492,18.99,122.76
2021-06-07,1.6914422164800305,3609.2,1415000.0,16.42,9.74,111.43
2021-06-08,1.5416382086174614,3609.2,1392000.0,17.07,13.68,109.81
2021-06-09,0.3175613973886551,3597.18,1390000.0,17.89,4.09,131.85
2021-06-10,0.9496747537257209,3588.41,1405000.0,16.1,8.89,122.88
2021-06-11,0.7907679985329737,3589.86,1415000.0,15.65,9.11,97.74
2021-06-12,0.4450817668010047,3626.02,1415000.0,15.831119391311594,7.7,63.44
2021-06-13,0.2981277651573857,3626.02,1415000.0,16.088973979070296,16.72,127.53
2021-06-14,1.4074109901379668,3626.02,1390000.0,16.39,18.2,117.23
2021-06-15,1.899827858063752,3626.02,1387000.0,17.02,18.7,109.37
2021-06-16,1.411942681482794,3693.35,1396000.0,18.15,9.2,104.83
2021-06-17,2.509210548430343,3690.56,1390000.0,17.75,14.01,94.44
2021-06-18,0.2337620032594893,3730.45,1408000.0,20.7,14.22,142.32
2021-06-19,1.2315247303271313,3753.77,1408000.0,21.590152425347867,8.89,64.25
2021-06-20,0.70705947756137,3753.77,1408000.0,20.03777710618191,29.02,95.85
2021-06-21,0.317374175571901,3753.77,1420000.0,17.89,13.53,174.11
2021-06-22,0.7246408520767198,3758.08,1415000.0,16.66,1.73,100.0
2021-06-23,1.248373636783343,3784.45,1430000.0,16.32,2.88,60.28
2021-06-24,0.4909190026238408,3773.11,1420000.0,15.97,13.18,113.04
2021-06-25,3.1328252328003883,3770.35,1445000.0,15.62,6.43,92.88
2021-06-26,2.7856569814459786,3739.03,1445000.0,15.464011008537332,7.95,73.15
2021-06-27,1.0326616871980192,3739.03,1445000.0,15.518699730848342,10.8,302.87
2021-06-28,0.6881726682790604,3739.03,1465000.0,15.76,29.52,168.47
2021-06-29,1.584130036323264,3713.17,1470000.0,16.02,7.14,74.51
2021-06-30,0.2194014357621272,3756.67,1460000.0,15.83,12.95,133.65
2021-07-01,2.124703361380837,3748.5,1445000.0,15.48,12.16,82.66
2021-07-02,2.236359608685832,3775.53,1402000.0,15.07,4.16,133.09
2021-07-03,1.7353582023040677,3777.17,1402000.0,15.417249330829206,1.16,82.15
2021-07-04,1.1764121410481654,3777.17,1402000.0,16.210247512816956,16.2,160.07
2021-07-05,0.4918386514769173,3777.17,1402000.0,16.775621938396224,12.82,144.78
2021-07-06,0.308004850236699,3777.17,1380000.0,16.44,5.01,199.58
2021-07-07,1.2430867278804527,3782.27,1415000.0,16.2,7.43,57.23
2021-07-08,1.524217712781499,3815.22,1437000.0,19.0,3.77,67.69
2021-07-09,0.494479332906342,3850.46,1430000.0,16.18,15.6,84.3
2021-07-10,0.6361824906016906,3829.46,1430000.0,14.27285604689824,16.56,113.6
2021-07-11,1.202709417414856,3829.46,1430000.0,14.694965639041168,31.69,118.92
2021-07-12,0.1675438106425117,3829.46,1446000.0,16.17,18.83,144.11
2021-07-13,1.14399025028037,3824.08,1434000.0,17.12,11.79,192.35
2021-07-14,2.819827084964401,3826.85,1457000.0,16.33,12.45,98.68
2021-07-15,0.2872189624095807,3796.07,1470000.0,17.01,8.51,153.82
2021-07-16,2.7037170333540987,3809.07,1513000.0,18.45,14.6,140.71
2021-07-17,1.2985849253246993,3808.46,1513000.0,20.74521675156255,19.73,126.48
2021-07-18,3.163672434394824,3808.46,1513000.0,22.672494625644926,33.51,216.59
2021-07-19,0.7013464338255436,3808.46,1483000.0,22.5,12.67,103.99
2021-07-20,6.484040793231667,3842.97,1565000.0,19.73,12.9,130.37
2021-07-21,6.060686629224696,3842.97,1645000.0,17.91,10.06,185.19
2021-07-22,9.556841092260946,3855.68,1790000.0,17.69,5.23,91.1
2021-07-23,2.430539090111886,3866.86,1760000.0,17.2,10.35,138.66
2021-07-24,1.5647138739562008,3874.44,1760000.0,16.548700508840955,10.4,89.31
2021-07-25,5.38828340542635,3874.44,1760000.0,16.44309221253091,26.34,170.04
2021-07-26,2.5299090811659286,3874.44,1905000.0,17.58,10.28,125.45
2021-07-27,2.9546771515068926,3904.17,1870000.0,19.36,11.12,132.55
2021-07-28,0.6464468061542319,3918.49,1830000.0,18.31,12.93,152.66
2021-07-29,1.9902407779199944,3902.18,1786000.0,17.7,10.47,144.4
2021-07-30,9.020871063722398,3836.95,1685000.0,18.24,21.45,133.44
2021-07-31,5.426121227210468,3867.88,1685000.0,19.234849015357806,10.26,116.35
2021-08-01,0.2345874202884716,3867.88,1685000.0,19.904606413567166,17.54,125.09
2021-08-02,1.8288222172852728,3867.88,1638000.0,19.46,15.93,124.58
2021-08-03,1.1793607139429496,3865.46,1663000.0,18.04,3.46,77.81
2021-08-04,0.456491520245129,3913.59,1667000.0,17.97,11.84,67.39
2021-08-05,0.7091222453903453,3911.36,1683000.0,17.28,10.26,179.01
2021-08-06,0.5100606127587797,3910.81,1698000.0,16.15,17.39,107.12
2021-08-07,0.1219970338523831,3949.33,1698000.0,15.840358857885876,17.97,57.9
2021-08-08,0.6885402160968336,3949.33,1698000.0,16.207435133203152,6.23,241.48
2021-08-09,1.3189777117695372,3949.33,1740000.0,16.72,10.46,134.96
2021-08-10,1.466748309850386,3988.27,1748000.0,16.79,3.37,399.87
2021-08-11,1.0113520670485627,3979.8,1752000.0,16.06,6.38,96.07
2021-08-12,1.4579091919885994,3950.43,1735000.0,15.59,8.93,90.39
2021-08-13,2.058020103727908,3887.07,1697000.0,15.45,6.29,101.4
2021-08-14,0.3445288491617849,3830.25,1697000.0,15.382731486605628,3.43,95.63
2021-08-15,0.9826077340974372,3830.25,1697000.0,15.525776198730641,20.4,91.76
2021-08-16,0.3921435239214634,3830.25,1700000.0,16.12,7.95,131.18
2021-08-17,2.34720150279951,3830.25,1684000.0,17.91,17.73,113.72
2021-08-18,0.4182356577478573,3868.41,1678000.0,21.57,6.12,113.23
2021-08-19,0.8382278752804388,3861.33,1674000.0,21.67,8.64,78.58
2021-08-20,0.0280544257696464,3876.08,1675000.0,18.56,6.26,85.35
2021-08-21,0.0595928953286461,3874.95,1675000.0,16.768339988126016,5.5,70.76
2021-08-22,0.0275064476078183,3874.95,1675000.0,16.618580322001026,17.14,304.68
2021-08-23,0.9812839707842652,3874.95,1683000.0,17.15,10.03,177.96
2021-08-24,1.8445120320619828,3867.73,1708000.0,17.22,2.54,86.77
2021-08-25,0.4083304979370781,3861.88,1712000.0,16.79,6.12,74.18
2021-08-26,0.8655720798058845,3865.04,1726000.0,18.84,5.7,54.9
2021-08-27,2.0525843899392004,3870.57,1742000.0,16.39,2.88,69.52
2021-08-28,2.5153241738553724,3834.13,1742000.0,14.879478288444846,2.99,147.47
2021-08-29,1.769919174869165,3834.13,1742000.0,15.261560025774273,11.5,105.19
2021-08-30,0.2009331010345153,3834.13,1797000.0,16.19,6.61,77.75
2021-08-31,2.021304585285927,3806.87,1740000.0,16.48,4.19,166.77
2021-09-01,0.1293159368104388,3774.0,1734000.0,16.11,6.57,88.74
2021-09-02,0.6751518764763362,3753.3,1735000.0,16.41,7.82,72.75
2021-09-03,0.7059775693784941,3780.85,1725000.0,16.41,6.51,88.32
2021-09-04,0.1932381985206049,3790.04,1725000.0,16.731244459900328,10.23,78.8
2021-09-05,0.6443754688006476,3790.04,1725000.0,17.35919706056513,17.27,229.72
2021-09-06,0.3482386055461303,3790.04,1729000.0,17.94505113094737,3.45,222.33
2021-09-07,0.6885341427842387,3790.04,1733000.0,18.14,12.01,165.86
2021-09-08,1.97765179764566,3812.76,1703000.0,17.96,6.14,118.66
2021-09-09,1.4755465565919323,3816.14,1697000.0,18.8,6.81,56.89
2021-09-10,0.3237995273775347,3829.72,1698000.0,20.95,2.8,72.22
2021-09-11,0.4051416673936895,3836.85,1698000.0,21.22898722430637,5.62,96.32
2021-09-12,0.1655415324619122,3836.85,1698000.0,20.134245194957852,11.77,152.3
2021-09-13,0.9153697021264532,3836.85,1687000.0,19.37,8.37,209.02
2021-09-14,0.7349971838732549,3835.27,1678000.0,19.46,2.44,135.76
2021-09-15,2.1622464013165708,3830.83,1686000.0,18.18,9.33,106.93
2021-09-16,0.4268949919576014,3825.36,1694000.0,18.69,6.98,44.76
2021-09-17,0.266595732411972,3818.16,1685000.0,20.81,12.96,83.45
2021-09-18,0.6499622502902311,3828.18,1685000.0,23.200203764900387,11.88,63.85
2021-09-19,0.8160752498056991,3828.18,1685000.0,25.057386708429053,13.27,91.65
2021-09-20,0.5836566954458597,3828.18,1660000.0,25.71,17.23,159.31
2021-09-21,0.0817772977290011,3851.22,1665000.0,24.36,19.0,196.08
2021-09-22,0.814779086530592,3843.77,1675000.0,20.87,3.36,98.64
2021-09-23,3.0632305837460736,3834.66,1720000.0,18.63,15.87,79.1
2021-09-24,1.9483666078130344,3835.67,1750000.0,17.75,10.68,86.86
2021-09-25,0.4239299310693918,3844.88,1750000.0,16.555991798275134,9.91,82.85
2021-09-26,0.9470497908032376,3844.88,1750000.0,16.228340399486804,18.84,108.75
2021-09-27,1.0101545881255398,3844.88,1748000.0,18.76,17.89,243.51
2021-09-28,2.524034565031103,3837.91,1783000.0,23.25,4.92,126.3
2021-09-29,2.653216859187823,3841.94,1745000.0,22.56,22.28,104.63
2021-09-30,0.3097576044134184,3834.68,1735000.0,23.14,10.11,142.53
2021-10-01,5.050690278848659,3812.77,1805000.0,21.15,13.15,88.83
2021-10-02,2.6167655976445903,3781.35,1805000.0,21.104386285089753,5.86,100.28
2021-10-03,0.8279579310831557,3781.35,1805000.0,22.581099763267567,8.3,166.17
2021-10-04,3.618730143527562,3781.35,1776000.0,22.96,38.72,148.03
2021-10-05,4.309143406849934,3786.05,1705000.0,21.3,3.99,97.14
2021-10-06,0.8044678132867645,3796.3,1720000.0,21.0,4.02,145.53
2021-10-07,2.274277146199811,3788.03,1750000.0,19.54,8.29,100.93
2021-10-08,1.7282834688943065,3772.44,1773000.0,18.77,7.15,96.69
2021-10-09,0.3865269996295724,3765.8,1773000.0,18.943587714415184,9.95,248.61
2021-10-10,0.5180836226614973,3765.8,1773000.0,19.52463957841468,24.62,122.3
2021-10-11,2.3346152665559807,3765.8,1795000.0,20.0,11.07,85.57
2021-10-12,4.265140947110719,3765.8,1840000.0,19.85,5.0,90.52
2021-10-13,2.133793617365769,3738.48,1817000.0,18.64,5.98,111.12
2021-10-14,0.2871502332023162,3725.75,1834000.0,16.86,7.37,94.34
2021-10-15,2.8355225755125124,3755.29,1785000.0,16.3,6.52,65.19
2021-10-16,1.9725367657717612,3772.49,1785000.0,16.387423412277553,7.71,86.82
2021-10-17,0.0018049277663551,3772.49,1785000.0,16.527616936654677,29.04,238.11
2021-10-18,1.0854469518135177,3772.49,1770000.0,16.31,11.89,159.77
2021-10-19,1.3059197542898833,3772.49,1795000.0,15.7,9.88,73.95
2021-10-20,0.6344579603775157,3766.94,1805000.0,15.49,5.31,59.85
2021-10-21,1.1006592709586478,3770.58,1794000.0,15.01,4.07,69.73
2021-10-22,1.7115635476968505,3783.3,1765000.0,15.43,7.9,101.73
2021-10-23,1.1953429600440924,3780.38,1765000.0,15.499017446463464,10.78,69.32
2021-10-24,0.1858146268608063,3780.38,1765000.0,15.241171139614115,22.05,185.92
2021-10-25,2.351496782319992,3780.38,1785000.0,15.24,5.31,102.62
2021-10-26,2.703196375088915,3769.98,1830000.0,15.98,9.79,99.45
2021-10-27,3.29740461021256,3774.46,1775000.0,16.98,8.57,63.73
2021-10-28,0.6977352004635783,3761.21,1773000.0,16.53,8.7,90.49
2021-10-29,1.980753047074009,3766.1,1795000.0,16.26,6.36,77.35
2021-10-30,1.6072043035295325,3784.44,1795000.0,16.29514845146914,9.55,61.28
2021-10-31,0.7312473056545415,3784.44,1795000.0,16.397698264721082,13.25,97.73
2021-11-01,0.0361567772253144,3784.44,1835000.0,16.41,7.45,136.17
2021-11-02,0.3119378654204622,3784.44,1846000.0,16.03,4.7,110.75
2021-11-03,0.5990194023003815,3778.69,1873000.0,15.1,16.71,188.57
2021-11-04,0.3350086885282085,3837.84,1888000.0,15.44,12.35,156.8
2021-11-05,2.450686761768415,3847.4,1845000.0,16.48,16.87,211.53
2021-11-06,2.544805597087267,3881.76,1845000.0,17.019509820053134,22.61,205.66
2021-11-07,1.0565431292395673,3881.76,1845000.0,17.131614645539905,29.29,264.34
2021-11-08,1.6667645823510813,3881.76,1815000.0,17.22,39.98,363.38
2021-11-09,3.08247805245134,3874.41,1860000.0,17.78,21.42,149.84
2021-11-10,0.9270620189527352,3876.86,1847000.0,18.73,3.31,39.0
2021-11-11,3.326409364051261,3875.38,1900000.0,17.66,5.76,65.66
2021-11-12,4.0878891905835495,3875.38,1972000.0,16.29,3.7,202.74
2021-11-13,2.196230375748832,3888.53,1972000.0,15.968801397420838,4.04,79.21
2021-11-14,0.3535339642461149,3888.53,1972000.0,16.289025170854064,14.04,173.41
2021-11-15,1.1710556439595514,3888.53,1997000.0,16.49,1.95,107.9
2021-11-16,0.314748461280731,3888.53,1998000.0,16.37,2.47,112.32
2021-11-17,4.64176583464527,3898.84,2093000.0,17.11,3.39,114.88
2021-11-18,1.5816600981459594,3907.95,2052000.0,17.59,4.19,141.8
2021-11-19,1.882153992428,3943.43,2080000.0,17.91,3.69,120.37
2021-11-20,0.2412153997350226,3923.53,2080000.0,18.203802462026584,5.06,192.7
2021-11-21,1.6209560056319332,3923.53,2080000.0,18.57881968109989,4.71,87.77
2021-11-22,1.022825037929376,3923.53,2070000.0,19.17,5.44,92.12
2021-11-23,4.727615933821697,3913.26,2168000.0,19.38,7.6,98.64
2021-11-24,1.5342430435266623,3944.37,2205000.0,18.58,2.24,131.12
2021-11-25,0.1289080392787541,3969.49,2203500.0,23.356364498049754,6.74,58.34
2021-11-26,0.8707942577643106,3969.49,2202000.0,28.62,5.33,57.97
2021-11-27,1.4665516260320666,4008.13,2202000.0,27.969980423362916,7.97,44.45
2021-11-28,1.5899987337464545,4008.13,2202000.0,24.33119810815057,12.09,126.1
2021-11-29,1.1307894386381163,4008.13,2136000.0,22.96,5.31,103.8
2021-11-30,0.2569044444441959,4010.98,2110000.0,27.19,9.01,117.24
2021-12-01,0.4064611436163735,4004.54,2102000.0,31.12,13.96,108.42
2021-12-02,1.3781623831513896,3953.26,2113000.0,27.95,8.36,90.4
2021-12-03,2.7416047338025846,3945.18,2183000.0,30.67,9.09,219.57
2021-12-04,2.474026410727435,3948.33,2183000.0,32.559246118948614,15.87,169.9
2021-12-05,1.1090935672915805,3948.33,2183000.0,31.214998191415905,16.9,173.55
2021-12-06,1.0943724080535997,3948.33,2218000.0,27.18,4.31,90.05
2021-12-07,2.550229281093612,3944.0,2153000.0,21.89,9.05,121.78
2021-12-08,0.3478976188745228,3906.1,2160000.0,19.9,4.17,94.23
2021-12-09,1.814108707065004,3906.1,2123000.0,21.58,6.39,59.47
2021-12-10,3.234612403172373,3899.87,2061000.0,18.69,6.88,78.93
2021-12-11,0.7533816504862287,3887.71,2061000.0,17.02136548001605,2.18,84.96
2021-12-12,1.1930707019291074,3887.71,2061000.0,17.90051642957699,14.28,184.54
2021-12-13,1.2646555697263564,3887.71,2090000.0,20.31,1.11,214.47
2021-12-14,0.1899335803652537,3886.87,2155000.0,21.89,5.06,76.16
2021-12-15,0.105362985197695,3936.41,2153000.0,19.29,6.28,103.8
2021-12-16,0.1897333761970441,3990.27,2160000.0,20.57,2.21,152.15
2021-12-17,0.4441161999967936,4002.97,2118000.0,21.57,14.81,130.93
2021-12-18,1.8424589863055916,3999.85,2118000.0,22.47850104806004,5.4,111.46
2021-12-19,2.2541983013831657,3999.85,2118000.0,23.179871014042394,12.91,185.69
2021-12-20,0.9011239888200528,3999.85,2048000.0,22.87,2.3,118.72
2021-12-21,1.7011345826536537,4002.12,2080000.0,21.01,3.51,164.17
2021-12-22,2.2954667473039225,3996.28,2122000.0,18.63,7.95,130.79
2021-12-23,1.0113050149894764,3997.71,2103000.0,17.96,8.6,171.54
2021-12-24,0.9613751227184242,3997.09,2098000.0,17.805179866872624,4.76,98.9
2021-12-25,0.2242233489397982,3994.15,2098000.0,17.706949839239705,23.46,203.29
2021-12-26,0.0822791437550442,3994.15,2098000.0,17.665244891986934,33.26,271.9
2021-12-27,0.5434103100129577,3994.15,2069000.0,17.68,20.71,179.41
2021-12-28,0.6406737920056327,3989.41,2061000.0,17.54,8.03,113.84
2021-12-29,1.4521707334617195,4004.0,2104000.0,16.95,9.01,84.18
2021-12-30,0.0218459858869961,4023.68,2120000.0,17.33,9.0,131.66
2021-12-31,1.2089387815726966,3981.16,2097000.0,17.22,24.75,132.09
2022-01-01,1.8342635816655195,3981.16,2097000.0,17.047065287315352,20.3,169.59
2022-01-02,1.0148061216558757,3981.16,2097000.0,16.905341781381136,30.2,157.01
2022-01-03,1.6029476595401986,3981.16,2074000.0,16.6,18.8,146.6
2022-01-04,3.7143088749797535,4082.75,2149000.0,16.91,9.85,192.08
2022-01-05,4.314994510427406e-06,4084.11,2120000.0,19.73,12.07,111.08
2022-01-06,0.0215773007634084,4042.36,2125000.0,19.61,14.78,235.1
2022-01-07,2.8716213305902927,4039.31,2189000.0,18.76,29.45,57.41
2022-01-08,0.7130288836151006,4043.46,2189000.0,18.817433301917173,12.52,139.45
2022-01-09,1.1914870175876449,4043.46,2189000.0,19.303530798211536,22.17,115.26
2022-01-10,1.0215171739640796,4043.46,2160000.0,19.4,15.98,120.25
2022-01-11,0.911119768326033,4043.46,2147000.0,18.41,8.17,77.55
2022-01-12,1.5903243728102392,4011.65,2170000.0,17.62,7.55,91.97
2022-01-13,1.6114191941098592,3970.08,2135000.0,20.31,21.55,57.28
2022-01-14,1.1119384470509088,3950.4,2180000.0,19.19,9.63,73.63
2022-01-15,0.4493857983926261,3993.65,2180000.0,18.56210373120288,17.13,169.9
2022-01-16,0.65168352343201,3993.65,2180000.0,19.504975402041666,17.06,507.73
2022-01-17,0.5593483005756851,3993.65,2188000.0,21.190359371859618,4.99,174.94
2022-01-18,0.7407800891804668,3993.65,2196000.0,22.79,21.72,77.0
2022-01-19,2.003992278336036,4033.37,2215000.0,23.85,10.49,71.25
2022-01-20,0.3278019735139351,4003.95,2198000.0,25.59,14.64,72.93
2022-01-21,2.3882351980603187,3980.8,2142000.0,28.85,15.97,126.04
2022-01-22,2.051591973274978,3964.3,2142000.0,30.151670005550333,13.47,52.51
2022-01-23,0.826637512212899,3964.3,2142000.0,29.915196657750908,19.78,122.72
2022-01-24,0.7755715808772596,3964.3,2113000.0,29.9,16.32,273.48
2022-01-25,2.102657904610637,3977.51,2149000.0,31.16,18.12,190.88
2022-01-26,0.4194637022851828,3987.32,2139000.0,31.96,19.3,146.78
2022-01-27,2.909218864457904,3947.83,2105000.0,30.49,19.92,164.89
2022-01-28,1.6455120726444468,3944.04,2135000.0,27.66,13.08,129.34
2022-01-29,0.8060288206473877,3982.6,2135000.0,26.505767440176868,10.2,126.32
2022-01-30,0.6795450039391576,3982.6,2135000.0,26.21246803241873,45.88,179.99
2022-01-31,0.466186903468778,3982.6,2123000.0,24.83,32.64,184.81
2022-02-01,0.6782560973914376,3942.73,2125000.0,21.96,13.54,143.53
2022-02-02,0.8832864998508885,3923.61,2150000.0,22.09,9.16,101.01
2022-02-03,2.113192370342764,3928.05,2203000.0,24.35,14.46,93.56
2022-02-04,0.8440605952882387,3951.96,2185000.0,23.22,12.67,171.57
2022-02-05,1.1409524124780053,3962.68,2185000.0,22.58375966974241,12.67,111.26
2022-02-06,0.1336804655505439,3962.68,2185000.0,22.872145646327393,29.45,121.68
2022-02-07,1.1919027802386306,3962.68,2192000.0,22.86,13.33,97.27
2022-02-08,2.976167479709866,3963.84,2240000.0,21.44,8.01,115.82
2022-02-09,3.706318164500197,3965.41,2307000.0,19.96,18.85,83.48
2022-02-10,1.2267703262558929,3939.31,2275000.0,23.91,9.22,84.38
2022-02-11,1.4008318248265723,3917.75,2255000.0,27.36,7.53,67.68
2022-02-12,1.2992654338349108,3917.52,2255000.0,29.187843421793936,12.28,85.27
2022-02-13,0.8567733553882049,3917.52,2255000.0,29.542348138100532,17.13,155.44
2022-02-14,0.5133736477294342,3917.52,2233000.0,28.33,10.1,201.81
2022-02-15,1.7221090384227458,3938.97,2272000.0,25.7,6.26,109.46
2022-02-16,0.1586987042058839,3946.88,2290000.0,24.29,8.67,73.91
2022-02-17,0.2977669693924392,3963.72,2260000.0,28.11,17.07,107.1
2022-02-18,1.866212483492205,3953.26,2222000.0,27.75,15.04,180.25
2022-02-19,1.218256652095539,3927.25,2222000.0,26.551742262230118,13.45,139.8
2022-02-20,0.078224715356612,3927.25,2222000.0,26.247012442005435,17.03,133.87
2022-02-21,0.7356494398357285,3927.25,2227000.0,26.95877640077803,7.41,114.2
2022-02-22,1.2069072619621906,3927.25,2232000.0,28.81,8.66,180.27
2022-02-23,0.0603561028281161,3932.4,2228000.0,31.02,12.44,89.64
2022-02-24,3.7918263238092704,3913.79,2160000.0,30.32,16.99,156.68
2022-02-25,0.2920319138431287,3940.2,2160000.0,27.59,12.8,161.59
2022-02-26,0.595074830994138,3910.64,2160000.0,26.237813220452313,7.26,175.73
2022-02-27,1.6132408438084178,3910.64,2160000.0,27.08030486476579,18.63,160.39
2022-02-28,0.2375157110392321,3910.64,2127000.0,30.15,16.42,167.06
2022-03-01,1.272551637150564,3910.28,2125000.0,33.32,10.58,188.05
2022-03-02,2.9080518323519997,3901.62,2049000.0,30.74,9.02,134.88
2022-03-03,2.771840395208736,3862.95,1960000.0,30.48,12.56,204.82
2022-03-04,4.461298141618061e-06,3771.77,2008000.0,31.98,12.6,219.09
2022-03-05,0.6897899074519006,3806.11,2008000.0,34.05704619226559,6.34,212.98
2022-03-06,0.5712963151220559,3806.11,2008000.0,35.86486512736603,33.97,142.22
2022-03-07,1.861555056702395,3806.11,1998000.0,36.45,19.18,164.7
2022-03-08,3.721460880334669,3813.41,2045000.0,35.13,9.69,165.06
2022-03-09,1.550084857956242,3787.18,2003000.0,32.45,8.25,142.59
2022-03-10,2.3045022900981955,3746.43,2005000.0,30.23,18.16,150.53
2022-03-11,1.0041365192049627,3786.0,1990000.0,30.75,16.25,232.96
2022-03-12,0.4185009548471795,3827.64,1990000.0,31.763877993255477,7.55,174.06
2022-03-13,0.2011532824462266,3827.64,1990000.0,32.2327395774245,40.03,352.88
2022-03-14,2.110870302463106,3827.64,1954000.0,31.77,13.59,222.54
2022-03-15,3.403500171257818,3800.85,1912000.0,29.83,12.76,154.33
2022-03-16,2.924320703322764,3836.56,1965000.0,26.67,11.99,216.66
2022-03-17,0.5964688480054197,3826.89,1950000.0,25.67,20.08,137.82
2022-03-18,1.371136654591344,3816.43,1978000.0,23.87,5.97,171.27
2022-03-19,1.6319377849570358,3820.67,1978000.0,23.240690275617116,9.89,100.89
2022-03-20,0.8322494842874641,3820.67,1978000.0,23.560608066796252,26.59,161.71
2022-03-21,0.0238935599870601,3820.67,2014000.0,23.53,13.87,239.83
2022-03-22,0.3548462361671388,3820.67,1987000.0,22.94,11.49,137.53
2022-03-23,0.111024769925696,3765.67,2001000.0,23.57,8.37,116.56
2022-03-24,1.543132453777983,3756.64,1980000.0,21.67,13.47,128.23
2022-03-25,4.507550046000308e-06,3798.9,1984000.0,20.81,5.99,209.01
2022-03-26,0.7290187894430307,3785.66,1984000.0,20.538777758754335,14.08,204.08
2022-03-27,1.4880411820084838,3785.66,1984000.0,20.220442729359544,23.65,396.7
2022-03-28,1.1288066672869548,3785.66,1925000.0,19.63,20.96,322.1
2022-03-29,0.5345741957576868,3785.7,1920000.0,18.9,9.49,193.93
2022-03-30,2.8112924429807733,3765.96,1967000.0,19.33,5.5,105.19
2022-03-31,2.0301868504109506,3748.15,2012000.0,20.56,10.27,81.85
2022-04-01,0.8795131452827345,3756.03,2015000.0,19.63,16.25,114.29
2022-04-02,0.3325546632705822,3774.79,2015000.0,18.217994425269893,18.4,160.34
2022-04-03,0.2000960296526731,3774.79,2015000.0,17.599684500354456,18.51,65.82
2022-04-04,0.4259623123870836,3774.79,2007000.0,18.57,19.6,115.67
2022-04-05,0.303096140243493,3706.95,2032000.0,21.03,13.9,126.89
2022-04-06,1.6125866985217694,3723.79,2010000.0,22.1,17.58,168.21
2022-04-07,0.6391206328323606,3746.51,2008000.0,21.55,9.72,171.04
2022-04-08,2.402911593880521,3771.83,2044000.0,21.16,6.04,124.74
2022-04-09,1.765903978991118,3777.41,2044000.0,21.83065523353278,5.75,92.39
2022-04-10,0.5326164652058902,3777.41,2044000.0,23.133836119802407,19.16,324.04
2022-04-11,0.1841864760341034,3777.41,2072000.0,24.37,28.75,241.25
2022-04-12,1.276070059021446,3744.16,2060000.0,24.26,10.68,103.12
2022-04-13,3.728765121513025,3736.7,1978000.0,21.82,7.05,90.43
2022-04-14,0.6463858457997627,3737.32,1968000.0,22.7,9.57,142.29
2022-04-15,0.2699262897698012,3737.32,1968000.0,23.59171834318822,5.49,98.36
2022-04-16,0.1255230680369861,3737.32,1968000.0,23.520888191752437,12.25,85.21
2022-04-17,0.0552003252870385,3737.32,1968000.0,22.90711394444044,16.29,105.38
2022-04-18,0.2731874451176945,3737.32,1974000.0,22.17,10.83,93.03
2022-04-19,0.9204240532698996,3731.31,1970000.0,21.37,5.36,276.08
2022-04-20,1.020070048802279,3755.85,1958000.0,20.32,7.9,95.07
2022-04-21,3.865971315609941,3758.65,2033000.0,22.68,11.79,89.05
2022-04-22,0.3513398431844765,3759.54,2070000.0,28.21,13.56,148.56
2022-04-23,1.6832004007432797,3819.07,2070000.0,28.200457452111223,5.8,112.1
2022-04-24,1.138589137583749,3819.07,2070000.0,25.606075381954792,10.67,131.87
2022-04-25,0.0795521072287003,3819.07,2060000.0,27.02,9.43,126.9
2022-04-26,0.158388991139543,3931.74,2070000.0,33.52,5.86,130.06
2022-04-27,2.504537659039354,3947.63,2030000.0,31.6,10.31,69.39
2022-04-28,0.8862687257845324,3967.32,2063000.0,29.99,14.1,80.21
2022-04-29,2.2493280480075946,3984.77,2090000.0,33.4,11.27,126.12
2022-04-30,0.0688719916703113,3966.27,2090000.0,35.12114153071533,41.13,281.5
2022-05-01,1.57592923041472,3966.27,2090000.0,34.31830241957024,25.88,150.39
2022-05-02,1.166766198158579,3966.27,2070000.0,32.34,13.72,99.33
2022-05-03,0.7229557424974269,4004.07,2098000.0,29.25,9.04,103.64
2022-05-04,1.2991635718538836,4016.34,2142000.0,25.42,41.2,123.78
2022-05-05,1.6208550257438912,4056.41,2121000.0,31.2,12.26,87.92
2022-05-06,3.180066892892188,4086.08,2050000.0,30.19,15.32,212.5
2022-05-07,0.9266138395121856,4053.93,2050000.0,30.69848254087288,26.75,108.42
2022-05-08,0.1855891567469863,4053.93,2050000.0,33.438786421018186,33.41,307.96
2022-05-09,1.3476360492514303,4053.93,2030000.0,34.75,20.26,97.81
2022-05-10,1.1222367107788809,4085.76,2005000.0,32.99,20.42,135.75
2022-05-11,7.603377677209096,4086.71,2143000.0,32.56,8.41,102.02
2022-05-12,2.1140493190398124,4080.32,2118000.0,31.77,14.08,144.73
2022-05-13,1.1209832470883534,4109.71,2107000.0,28.87,12.32,140.0
2022-05-14,1.22090841729523,4110.53,2107000.0,28.01852083290789,4.63,130.88
2022-05-15,2.191975525117729,4110.53,2107000.0,28.397726010750986,34.12,184.23
2022-05-16,2.469824039199831,4110.53,2170000.0,27.47,14.28,124.37
2022-05-17,0.6181035131434449,4070.25,2179000.0,26.1,9.18,101.23
2022-05-18,4.317217186520867,4033.85,2125000.0,30.96,13.71,97.83
2022-05-19,0.5042412700934659,4054.71,2125000.0,29.35,12.33,157.59
2022-05-20,1.3117205681235562,4050.88,2060000.0,29.43,25.71,185.12
2022-05-21,0.5107241248649165,3989.84,2060000.0,29.2233974920775,14.7,157.27
2022-05-22,0.4965022101225798,3989.84,2060000.0,28.440659090750653,18.7,247.4
2022-05-23,0.0321172890525787,3989.84,2065000.0,28.48,35.91,135.77
2022-05-24,0.978116787350337,3950.35,2047000.0,29.45,19.02,135.79
2022-05-25,1.5788579655568675,3971.28,2055000.0,28.37,13.62,100.89
2022-05-26,4.3058606848303285,3959.05,2123000.0,27.5,11.32,132.56
2022-05-27,1.2498792246936614,3930.89,2155000.0,25.72,14.18,145.02
2022-05-28,0.593642980901695,3912.34,2155000.0,25.301767788732192,12.49,61.72
2022-05-29,0.8436468987195708,3912.34,2155000.0,25.996344846515374,19.42,79.32
2022-05-30,0.0755504466156561,3912.34,2155000.0,26.54,7.15,82.99
2022-05-31,2.1431629881748133,3912.34,2080000.0,26.19,14.32,72.9
2022-06-01,3.484525039608384,3776.52,2161000.0,25.69,8.7,161.66
2022-06-02,0.5024084254306882,3791.74,2135000.0,24.72,13.61,144.13
2022-06-03,2.486051755655526,3784.98,2110000.0,24.79,13.8,163.85
2022-06-04,0.2477794327191299,3771.63,2110000.0,25.244072123138558,6.82,88.7
2022-06-05,1.7015395786091645,3771.63,2110000.0,25.47109307933657,8.83,139.95
2022-06-06,0.2424912541891349,3771.63,2150000.0,25.07,10.69,127.27
2022-06-07,2.2994413166999683,3799.5,2105000.0,24.02,7.47,167.65
2022-06-08,0.1293103628460873,3790.88,2114000.0,23.96,5.68,110.13
2022-06-09,1.2004431402956917,3782.65,2162000.0,26.09,8.68,112.11
2022-06-10,2.4809815281905614,3833.34,2165000.0,27.75,8.39,93.65
2022-06-11,2.3719047645861573,3912.51,2165000.0,30.098600216656145,10.3,80.16
2022-06-12,0.830715713004566,3912.51,2165000.0,32.62334186834473,16.87,124.32
2022-06-13,0.7481025615513786,3912.51,2136000.0,34.02,22.01,95.37
2022-06-14,1.5989681104346904,4016.5,2165000.0,32.69,6.88,120.62
2022-06-15,0.6806481431784932,3979.3,2140000.0,29.62,12.09,140.82
2022-06-16,1.4985620863493154,3923.96,2167000.0,32.95,16.78,189.54
2022-06-17,1.871246941696146,3912.15,2135000.0,31.13,10.68,108.29
2022-06-18,1.5942236611196865,3905.05,2135000.0,29.938478042393434,26.13,143.96
2022-06-19,0.0701163803024973,3905.05,2135000.0,30.49859350764384,34.91,184.49
2022-06-20,1.2855000953305231,3905.05,2135000.0,31.03,15.62,165.42
2022-06-21,2.422389321111277,3905.05,2240000.0,30.19,25.17,140.11
2022-06-22,1.728043000095591,4026.92,2273000.0,28.95,8.57,96.97
2022-06-23,3.180328197770356,4026.52,2256000.0,29.05,9.14,96.96
2022-06-24,1.0535654960333756,4068.75,2228000.0,27.23,9.85,111.86
2022-06-25,0.2078912446736486,4129.87,2228000.0,25.891252631400913,8.03,91.56
2022-06-26,0.2787206389947095,4129.87,2228000.0,25.839642514924794,31.43,239.87
2022-06-27,1.9350323750313607,4129.87,2215000.0,26.95,10.35,140.94
2022-06-28,1.9780115167769536,4129.87,2155000.0,28.36,16.39,129.96
2022-06-29,4.709390374246563,4089.72,2255000.0,28.16,15.01,135.33
2022-06-30,0.8072477566242374,4127.47,2289000.0,28.71,11.19,158.37
2022-07-01,0.7196629032039692,4151.21,2270000.0,26.7,12.22,177.73
2022-07-02,0.7785718566588339,4198.77,2270000.0,25.922916278429902,11.11,130.95
2022-07-03,0.8194833438460164,4198.77,2270000.0,26.64141345476101,23.06,135.95
2022-07-04,0.8438044399460286,4198.77,2270000.0,27.53,15.98,309.83
2022-07-05,0.850985133251942,4198.77,2280000.0,27.54,18.9,116.59
2022-07-06,0.8404365198391831,4259.86,2302000.0,26.73,2.27,91.52
