Fecha,Vol. Futuros,PI,MHI,FNI,SI
2020-01-01,1.2899457760904345,0.0,0.0,0.0,0.0
2020-01-02,0.7350455366085377,0.0,0.0,0.0,0.0
2020-01-03,0.5918344361205096,0.0,0.0,0.0,0.0
2020-01-04,1.367154258393283,0.0,0.0,0.0,0.0
2020-01-05,1.505321285893915,0.0,0.0,0.0,0.0
2020-01-06,0.5081280687581757,0.0,0.0,0.0,0.0
2020-01-07,0.2044572374476228,0.0,0.0,0.0,0.0
2020-01-08,2.6911166533474598,0.0,0.0,0.0,0.0
2020-01-09,1.5222281247718752,0.0,0.0,0.0,0.0
2020-01-10,1.3542314451934303,0.14,0.14,0.0,0.0
2020-01-11,0.4681859701626271,0.0,0.0,0.0,0.0
2020-01-12,1.9493140031636056,0.0,0.0,0.0,0.0
2020-01-13,1.3516828116199882,0.0,0.0,0.0,0.0
2020-01-14,0.3050775955205447,0.0,0.0,0.0,0.0
2020-01-15,0.5235614053945052,0.0,0.0,0.0,0.0
2020-01-16,1.1881327886752675,0.0,0.0,0.0,0.0
2020-01-17,0.7107981947794908,0.0,0.0,0.0,0.0
2020-01-18,0.2995874402042159,0.0,0.0,0.0,0.0
2020-01-19,0.1299080621834803,0.0,0.45,0.0,0.0
2020-01-20,0.1611754499106269,0.0,0.0,0.0,0.0
2020-01-21,0.3950001102797744,0.15,2.2,0.0,0.0
2020-01-22,0.0450349028102233,0.0,1.83,0.0,0.0
2020-01-23,1.4311514393255726,0.0,1.47,0.0,0.0
2020-01-24,2.1998642457237776,0.14,1.87,0.0,-2.97
2020-01-25,1.904046571174338,1.12,2.08,0.48,-3.2
2020-01-26,0.797569047456087,1.14,1.14,0.0,-3.47
2020-01-27,0.5743405330303827,0.61,3.07,0.0,-3.18
2020-01-28,1.4647084440734763,0.0,2.23,0.0,-2.75
2020-01-29,2.897353803515561,0.0,1.62,0.0,-3.98
2020-01-30,0.5404090774011734,0.13,1.74,0.0,-2.41
2020-01-31,1.1266344983100531,0.86,3.85,0.11,-1.42
2020-02-01,0.949190543424825,0.81,4.73,0.14,-1.42
2020-02-02,2.2841217784914933,1.09,4.38,0.0,-1.2
2020-02-03,1.5045470709314714,0.62,3.11,0.62,-1.45
2020-02-04,0.2550371186005288,0.16,5.54,0.16,-1.28
2020-02-05,0.4083721856994941,0.65,6.27,0.22,-1.29
2020-02-06,0.4083721856995077,1.38,6.7,0.0,0.02
2020-02-07,0.2035624112597794,0.67,5.45,0.0,1.86
2020-02-08,0.4964518092232793,2.02,6.49,0.0,1.51
2020-02-09,0.7667193305619916,0.53,6.95,0.53,1.55
2020-02-10,0.7001438734968917,1.08,10.75,0.0,1.64
2020-02-11,0.1992032531240576,0.77,7.4,0.0,-0.93
2020-02-12,0.1491424586670119,0.26,7.33,0.0,1.27
2020-02-13,3.7059335916774248,1.02,2.79,0.0,-1.05
2020-02-14,4.35564048364502,0.23,3.5,0.0,-1.35
2020-02-15,1.1724009371212356,0.28,9.07,1.12,-1.44
2020-02-16,1.2240897412521297,0.81,4.07,0.0,-2.83
2020-02-17,1.8066111016514084,1.49,4.46,0.5,-2.96
2020-02-18,0.5067535236575924,1.92,4.61,0.0,1.37
2020-02-19,0.2343567981468269,0.61,9.78,0.0,-4.3
2020-02-20,3.0420596700711853,0.57,7.18,0.0,-2.86
2020-02-21,4.943345785517375,0.37,3.59,0.0,-0.96
2020-02-22,1.571832626950776,0.49,5.87,0.0,0.65
2020-02-23,2.24620381678938,0.5,1.99,0.0,1.01
2020-02-24,2.073182317480946,1.77,2.65,0.0,2.9
2020-02-25,1.1267724846342289,0.42,3.06,0.0,3.0
2020-02-26,1.8501915385321988,0.14,2.75,0.0,0.98
2020-02-27,0.8283526426643875,5.68,10.25,0.25,-1.01
2020-02-28,1.7407677316253023,6.32,13.34,0.1,-2.87
2020-02-29,0.4069836621173391,7.28,13.76,0.0,-2.12
2020-03-01,0.2639822201410393,6.07,10.93,3.64,-2.06
2020-03-02,3.3785306752695474,1.53,10.71,0.51,-2.27
2020-03-03,5.431967408015392,2.38,15.4,0.63,-0.94
2020-03-04,3.274851843026279,0.84,18.04,0.11,2.24
2020-03-05,6.43393661231856,1.86,13.71,0.55,2.3
2020-03-06,3.945742755845812,0.89,13.13,0.22,-0.35
2020-03-07,1.7091587710159044,2.76,22.62,0.14,-1.08
2020-03-08,0.8233164760327127,4.38,56.68,0.92,-1.82
2020-03-09,4.008911306829982,2.23,56.19,1.24,-1.8
2020-03-10,4.749996838368508,4.24,29.01,0.13,-1.96
2020-03-11,2.3916108895772603,4.66,23.91,0.15,-7.62
2020-03-12,2.17498378825885,1.65,31.32,0.0,-6.56
2020-03-13,1.9427067960261155,11.69,44.43,0.19,-3.77
2020-03-14,1.1161971158534345,11.15,56.76,1.24,-4.4
2020-03-15,0.6741892823474449,26.37,85.41,2.49,-7.51
2020-03-16,1.1963252948501308,34.32,76.3,2.72,-3.37
2020-03-17,0.967125526517775,11.95,50.18,2.39,-2.15
2020-03-18,4.883644011289098,4.43,67.5,1.09,2.26
2020-03-19,7.658391551454409,6.56,52.36,0.61,-3.25
2020-03-20,2.581061409648843,5.19,61.62,1.04,2.94
2020-03-21,0.1341637271150786,13.63,60.28,0.85,1.01
2020-03-22,0.0565309975216359,6.63,75.45,9.14,-1.03
2020-03-23,1.20895899577306,11.75,93.77,1.88,-6.58
2020-03-24,3.524772421650577,12.67,71.14,1.17,-11.44
2020-03-25,3.4047507053401,10.62,61.61,0.85,-14.87
2020-03-26,4.163995111793222,5.09,51.76,1.33,-10.92
2020-03-27,7.321355909118174,5.86,49.44,1.03,-12.73
2020-03-28,2.254793138616029,5.17,49.75,0.3,-8.07
2020-03-29,2.1659056793209683,10.51,45.76,1.69,-9.2
2020-03-30,3.0233952818435723,14.76,69.52,0.95,-11.4
2020-03-31,0.2093364800463322,4.39,54.34,1.16,0.75
2020-04-01,3.0144502797969013,8.81,60.49,1.22,6.78
2020-04-02,2.8470161678474364,4.53,53.64,1.99,11.38
2020-04-03,3.7998167930129023,12.44,60.29,4.55,2.19
2020-04-04,2.489985335026472,10.09,75.43,0.43,-3.69
2020-04-05,1.0450388660914405,14.72,74.72,0.38,0.37
2020-04-06,2.956527830207942,9.71,62.62,0.49,-0.42
2020-04-07,2.748006356602968,3.24,42.8,0.52,-12.97
2020-04-08,0.0834376352119672,8.48,57.38,1.98,-10.92
2020-04-09,1.0067199117723968,6.03,48.72,0.78,-8.56
2020-04-10,0.4094553113787866,3.71,57.5,0.78,-4.1
2020-04-11,1.195154981536982,4.17,55.47,1.79,-4.76
2020-04-12,0.6287110822764721,4.98,64.68,2.99,-6.68
2020-04-13,1.2683464024522668,9.33,65.28,0.0,-6.23
2020-04-14,2.1524359148112318,1.87,44.54,0.57,-4.82
2020-04-15,2.527514495819501,5.16,59.91,1.47,-9.18
2020-04-16,1.3400535537482228,9.25,55.28,0.91,-10.18
2020-04-17,2.1735353843179044,3.11,59.96,2.93,-7.86
2020-04-18,0.3634800837719493,3.88,66.47,0.8,-8.89
2020-04-19,0.0388147020045831,5.21,77.08,1.56,-10.05
2020-04-20,1.765092860422011,6.02,70.3,0.75,-11.42
2020-04-21,3.583007543465498,1.78,57.47,0.73,-12.61
2020-04-22,0.8626614224337044,1.38,53.02,0.42,-3.47
2020-04-23,0.4060461252201952,5.88,67.2,0.8,-5.91
2020-04-24,5.411725003682691,5.56,69.02,0.53,-10.07
2020-04-25,3.106590554108553,2.04,65.6,1.02,-13.11
2020-04-26,0.4682361659512219,5.56,61.62,1.52,-15.48
2020-04-27,2.0663795208786357,2.16,68.1,0.86,-14.64
2020-04-28,1.046134124536955,8.72,66.43,0.71,-13.54
2020-04-29,1.958505399440336,10.93,72.06,0.4,-21.91
2020-04-30,0.960161001022007,6.38,64.64,0.41,-23.84
2020-05-01,0.1912960889433992,2.86,65.59,0.28,-20.89
2020-05-02,0.7256541503481568,13.1,61.93,0.49,-21.28
2020-05-03,0.046421713359991,8.62,67.38,0.31,-20.33
2020-05-04,1.726861066163664,3.91,31.84,0.56,-23.03
2020-05-05,3.0786013386226707,3.7,54.65,1.01,-20.14
2020-05-06,0.4582959442220386,3.08,58.7,0.94,-21.65
2020-05-07,1.7528124034257349,6.04,47.38,1.33,-9.78
2020-05-08,2.436342064011467,2.21,61.73,0.96,-16.8
2020-05-09,1.6048701893034436,5.62,60.57,1.76,-23.88
2020-05-10,0.5101508549501993,30.46,78.83,0.17,-23.16
2020-05-11,2.144717568153759,13.38,75.18,2.92,-24.15
2020-05-12,3.123069011846781,2.65,57.06,0.88,-17.32
2020-05-13,1.9603783430567927,7.27,59.53,0.88,-21.58
2020-05-14,1.2952927560658456,2.77,56.03,0.63,-31.99
2020-05-15,0.0953743515309779,2.85,57.87,1.38,-22.38
2020-05-16,0.4157195243621409,2.37,63.35,0.38,-17.73
2020-05-17,0.175441756717522,7.71,72.03,2.64,-16.58
2020-05-18,1.0953898665696638,10.2,54.76,1.36,-11.27
2020-05-19,1.2691122159499717,5.03,57.14,0.66,-18.55
2020-05-20,1.3164270973625969,6.48,62.15,0.0,-17.26
2020-05-21,0.8555185259818665,2.67,67.14,0.47,-25.74
2020-05-22,1.103922897686448,3.06,46.59,1.06,-23.77
2020-05-23,0.1422673733033917,1.88,59.54,1.48,-22.59
2020-05-24,1.0296226309939194,24.93,70.82,0.57,-24.43
2020-05-25,0.7963874936654175,2.17,40.43,1.08,-27.22
2020-05-26,0.5307826922104625,2.06,56.93,0.0,-27.79
2020-05-27,2.504947930444253,4.02,69.81,0.77,-24.55
2020-05-28,3.373335724252059,4.34,54.81,0.0,-17.03
2020-05-29,2.866112253186237,4.51,65.1,0.29,-11.67
2020-05-30,0.2399621655782306,6.13,64.29,0.66,-5.21
2020-05-31,1.3419664701185163,2.64,68.68,0.75,-0.55
2020-06-01,0.9535665303638144,60.54,85.22,0.26,4.43
2020-06-02,0.1017811792700603,7.33,65.4,0.81,4.92
2020-06-03,0.9123225975521972,6.48,63.08,2.08,6.77
2020-06-04,0.963252061347217,2.25,44.26,0.47,0.51
2020-06-05,0.7612317906196397,3.18,47.93,0.16,-3.48
2020-06-06,0.7096608095053457,3.33,58.07,0.83,-5.19
2020-06-07,0.0386625070637545,8.02,61.79,6.6,-7.01
2020-06-08,0.670998302441591,4.44,54.81,10.37,-6.72
2020-06-09,1.1184661587894815,1.34,60.3,0.9,-6.54
2020-06-10,1.0794245130880402,5.45,60.96,0.96,-5.49
2020-06-11,0.7782140442054963,3.1,53.64,1.5,-5.19
2020-06-12,0.8368249670516579,1.45,44.28,0.48,-5.88
2020-06-13,0.34810787231702,4.72,59.03,0.14,-10.14
2020-06-14,0.2010167862218936,2.89,50.0,7.51,-9.73
2020-06-15,0.7193912941926641,8.22,60.27,0.34,-9.58
2020-06-16,0.3730353379906367,2.89,53.68,0.26,-8.61
2020-06-17,2.738454427779605,7.33,54.55,1.03,-10.38
2020-06-18,1.729149711006111,4.48,51.27,0.36,-6.96
2020-06-19,0.9025811207312332,2.32,48.49,2.32,-15.86
2020-06-20,0.552212160417347,5.91,53.32,0.74,-9.35
2020-06-21,1.022935370234095,4.87,50.19,1.87,-9.22
2020-06-22,0.7444082296674301,5.95,47.62,1.19,-12.79
2020-06-23,0.3121750714184585,5.26,48.56,1.32,-14.84
2020-06-24,0.4147232486446389,9.81,78.16,0.41,-22.88
2020-06-25,1.8799509273316783,6.07,53.33,0.7,-22.01
2020-06-26,0.8398999505238683,2.19,43.17,0.3,-5.52
2020-06-27,1.3368582843108796,3.71,40.05,0.16,-6.05
2020-06-28,0.97077287599299,2.14,44.16,0.78,-5.62
2020-06-29,0.7806224979323902,13.85,54.39,0.0,-5.79
2020-06-30,1.409182856111807,1.79,48.98,0.89,-2.39
2020-07-01,2.954424630672552,4.36,51.45,1.04,-3.05
2020-07-02,0.7793512413556868,3.09,50.75,0.32,-7.34
2020-07-03,2.304224712610933,2.07,51.15,0.49,-17.25
2020-07-04,2.207136362714829,8.19,60.84,1.2,-25.01
2020-07-05,1.2234897140103504,4.28,71.66,0.53,-26.18
2020-07-06,0.6698424436843388,4.97,69.3,9.65,-29.21
2020-07-07,2.0871208100906458,2.97,45.07,0.63,-32.82
2020-07-08,0.3027247518724999,3.36,52.84,0.65,-25.39
2020-07-09,1.2713112999837726,5.13,51.25,0.6,-26.78
2020-07-10,1.5992087013948306,2.45,54.95,0.43,-17.97
2020-07-11,0.0806220584778462,6.28,51.23,0.55,-16.14
2020-07-12,0.8788478225145714,2.3,43.78,0.92,-16.1
2020-07-13,0.4934480973333447,13.69,48.13,0.41,-18.28
2020-07-14,0.7212808189240798,1.01,48.91,1.34,-20.37
2020-07-15,0.7786180005539735,2.14,47.21,0.95,-22.6
2020-07-16,1.1914152843570252,4.1,54.62,0.63,-12.67
2020-07-17,3.9874068552350734,5.97,52.55,0.1,-12.82
2020-07-18,0.901258613632955,2.72,46.74,0.0,-18.36
2020-07-19,1.6831915769216597,2.76,56.9,0.69,-12.94
2020-07-20,1.773956603869982,4.96,34.04,0.35,-10.78
2020-07-21,2.0101179321087304,1.39,46.4,0.25,-7.93
2020-07-22,7.520900048323763,1.47,50.39,0.68,-6.28
2020-07-23,0.7875880414650491,4.68,47.79,1.17,-14.2
2020-07-24,0.8337241437828343,8.03,55.5,0.35,-6.44
2020-07-25,1.4532559397682223,3.77,47.34,0.34,-4.52
2020-07-26,0.6809830918086858,2.55,60.0,0.0,-4.99
2020-07-27,0.3060345478319902,1.26,58.16,0.0,-1.85
2020-07-28,0.6816658979097681,3.36,57.08,0.15,-1.84
2020-07-29,1.7627575083313238,29.2,69.66,0.31,-3.75
2020-07-30,3.304993467255219,0.68,69.96,1.13,-4.57
2020-07-31,3.073225212920414,1.65,52.84,0.62,-11.44
2020-08-01,0.1664637721459027,2.69,61.97,0.1,-8.41
2020-08-02,1.2029062408784643,4.93,54.52,0.82,-9.24
2020-08-03,0.1497995481684192,3.3,51.1,0.55,-14.33
2020-08-04,2.636687584074213,1.65,49.41,0.24,-19.67
2020-08-05,0.412201737806486,3.28,52.05,0.1,-12.95
2020-08-06,3.815176596437617,15.87,67.92,0.06,-10.08
2020-08-07,1.3336398997251708,52.22,84.57,2.06,-4.58
2020-08-08,0.5870225032774898,7.71,56.83,0.72,-4.19
2020-08-09,0.8351353108472437,1.12,44.38,0.19,-4.55
2020-08-10,1.077424195366705,0.97,53.51,0.0,-1.87
2020-08-11,1.1163322002213376,1.06,43.14,0.0,2.34
2020-08-12,0.6266806543559487,3.63,56.82,0.69,-4.67
2020-08-13,3.636764417087479,18.66,70.41,1.09,-8.77
2020-08-14,1.2992820282485815,18.67,65.06,1.81,-10.36
2020-08-15,1.7002377428534146,3.67,57.56,1.62,-10.96
2020-08-16,0.0982265378326265,0.75,41.51,1.51,-16.22
2020-08-17,2.340342463527248,1.63,38.69,0.23,-12.75
2020-08-18,3.193799238348068,3.74,40.81,0.0,-15.15
2020-08-19,0.7150398499075876,1.27,41.71,0.95,-11.83
2020-08-20,0.0843881906620056,1.71,49.37,2.89,-13.48
2020-08-21,1.298991657452344,1.7,47.92,1.28,-19.32
2020-08-22,0.1077101662365514,3.49,47.84,0.56,-18.3
2020-08-23,0.6037726501179205,0.59,33.82,0.0,-10.56
2020-08-24,0.8363008063477586,2.34,38.46,1.0,-10.39
2020-08-25,2.4236142113548897,2.23,61.01,0.0,-1.61
2020-08-26,0.3252035386377343,0.45,68.84,0.26,-7.44
2020-08-27,0.1220752949159428,5.36,41.09,0.49,-0.71
2020-08-28,3.3196409533206706,7.48,55.21,0.4,-1.48
2020-08-29,1.5519376679876329,4.2,55.45,0.57,-0.98
2020-08-30,0.0364400364405488,5.05,49.04,0.0,2.39
2020-08-31,0.513684903029952,2.53,58.53,0.92,2.83
2020-09-01,1.6049255453279232,1.29,59.3,0.55,1.93
2020-09-02,0.3037208105449671,1.74,42.91,0.0,12.22
2020-09-03,0.0760167273397525,3.53,45.44,0.41,17.91
2020-09-04,2.402517958699005,10.23,39.08,0.57,13.67
2020-09-05,1.7582809300030866,7.75,52.18,0.22,11.87
2020-09-06,0.3250724220450234,11.67,39.75,0.0,7.41
2020-09-07,1.0753899988156652,3.36,38.81,0.0,6.97
2020-09-08,2.50275949681977,1.84,46.47,0.42,-3.62
2020-09-09,2.4005725057660103,2.23,45.62,0.27,-11.17
2020-09-10,2.174413344160351,1.82,60.43,31.72,-25.74
2020-09-11,0.6394605201746353,3.67,40.41,0.76,-20.41
2020-09-12,1.9507809761442367,2.72,42.0,0.62,-18.04
2020-09-13,3.100508352219829,2.63,58.91,0.94,-14.88
2020-09-14,2.581842490976357,12.98,38.6,0.17,-11.3
2020-09-15,1.0986885697124038,3.49,40.55,0.51,-14.1
2020-09-16,1.3594442110314993,2.6,41.8,4.02,-7.07
2020-09-17,2.0532881423863465,1.97,37.85,2.06,-3.85
2020-09-18,3.8848216916265694,5.29,40.54,0.56,-3.76
2020-09-19,1.6537165313746631,2.36,49.43,0.31,-7.7
2020-09-20,0.2283661936803517,1.57,40.6,4.05,-13.75
2020-09-21,0.0068868384986555,5.2,36.63,0.5,-12.01
2020-09-22,1.2126804798035775,2.49,48.6,0.83,-7.85
2020-09-23,0.1356545539251232,5.7,49.86,0.77,-8.71
2020-09-24,0.5865119452398058,2.49,60.07,1.28,-8.84
2020-09-25,2.2242909888346616,4.56,47.64,0.95,-8.83
2020-09-26,0.0407471177466863,3.33,54.22,0.22,-10.98
2020-09-27,1.8170663078358045,3.27,52.08,2.98,-11.99
2020-09-28,1.897920107367025,3.56,48.54,0.97,-12.01
2020-09-29,9.128251527171026e-06,2.82,45.76,1.58,-8.43
2020-09-30,1.2698583337127345,2.02,39.77,0.97,-12.93
2020-10-01,3.578363434291121,2.21,37.75,0.77,-20.68
2020-10-02,1.7593046354937074,1.48,44.84,0.41,-17.7
2020-10-03,0.7865107578291946,2.31,39.71,0.24,-12.73
2020-10-04,1.1734960621435058,1.08,25.89,0.62,-14.65
2020-10-05,1.23229597107841,1.98,30.03,0.66,-15.87
2020-10-06,0.4188975173670387,1.47,44.22,0.45,-19.77
2020-10-07,1.7952150703543095,3.56,47.23,0.1,-12.81
2020-10-08,0.5913139813040367,0.68,49.4,0.26,-5.52
2020-10-09,1.1722406551586042,1.06,31.4,0.21,-12.86
2020-10-10,0.3835601446697049,9.02,49.34,0.1,-21.92
2020-10-11,1.3117183888135422,6.01,47.21,0.64,-14.11
2020-10-12,0.4797052547756029,2.74,40.41,0.68,-12.69
2020-10-13,0.8665960732681199,1.88,56.23,0.29,-9.89
2020-10-14,0.4551669214719075,0.88,56.55,0.08,-11.74
2020-10-15,0.0912825257359577,1.76,44.23,0.77,-12.62
2020-10-16,2.0761991448429127,2.43,43.78,0.93,-10.27
2020-10-17,1.0838029795529842,0.77,57.69,4.11,-3.24
2020-10-18,0.0264663906676429,11.3,45.8,0.87,-3.17
2020-10-19,0.0678510908581406,2.22,36.67,0.0,-3.13
2020-10-20,1.0903165608439855,13.48,78.92,0.54,-9.33
2020-10-21,0.7175347695270455,2.42,80.44,1.19,-7.52
2020-10-22,2.4188990600726745,1.41,43.49,1.04,-5.57
2020-10-23,1.036278703554666,0.84,39.95,0.5,-1.98
2020-10-24,0.6799773726328711,2.71,37.57,0.65,-7.38
2020-10-25,0.5998398622521253,0.46,60.81,0.37,-11.84
2020-10-26,1.0695448749005985,0.56,85.58,0.16,-11.84
2020-10-27,0.2808990611054952,1.5,45.03,0.14,-8.52
2020-10-28,1.840108537089129,1.82,39.79,0.86,-10.52
2020-10-29,0.3816798526700853,2.02,39.85,1.13,-14.61
2020-10-30,0.1913876182284053,1.67,47.31,0.83,-15.36
2020-10-31,0.7859499009242498,0.84,49.32,1.35,-15.08
2020-11-01,0.7889041013650951,0.48,80.14,0.33,-16.36
2020-11-02,0.030421759541966,3.42,77.52,2.44,-13.47
2020-11-03,0.6303051170487282,1.99,34.07,0.32,-16.46
2020-11-04,0.4359415961916282,3.4,37.76,1.43,-15.63
2020-11-05,2.823829648467227,1.69,28.51,0.51,-15.62
2020-11-06,0.9394150814106452,1.23,41.33,0.61,-13.21
2020-11-07,0.027110468190713,1.16,38.97,0.53,-6.47
2020-11-08,0.0776665865669314,1.73,18.42,0.87,-2.52
2020-11-09,0.0429892579495941,2.56,73.76,0.68,-8.17
2020-11-10,0.4202667871496199,1.85,64.06,0.08,-8.34
2020-11-11,1.6636243202372292,0.45,47.07,0.45,-11.46
2020-11-12,0.9124150889609192,12.35,61.53,0.23,-5.96
2020-11-13,0.7750209752934694,5.5,36.51,1.01,-11.03
2020-11-14,1.324186832762031,0.88,49.08,0.27,-18.56
2020-11-15,2.636155283206452,1.37,44.44,0.14,-13.9
2020-11-16,1.7326133542063953,6.64,33.2,0.08,-9.43
2020-11-17,0.4744455740362649,6.01,44.3,0.07,-7.14
2020-11-18,3.0093391873213826,2.02,69.77,0.07,-2.4
2020-11-19,0.7487555780016064,2.42,32.74,1.83,-9.79
2020-11-20,4.362326210919261,5.75,50.03,0.91,2.06
2020-11-21,1.91517309451818,2.42,49.09,0.55,6.02
2020-11-22,0.644617794143361,3.75,50.33,0.88,-0.38
2020-11-23,0.3573069440475507,10.85,38.89,0.0,-3.77
2020-11-24,1.1423674319029344,26.22,78.94,0.73,-2.4
2020-11-25,1.1860450914747842,1.25,46.14,0.1,-4.09
2020-11-26,2.97809586888492,1.73,23.15,0.31,5.35
2020-11-27,3.120321831033816,0.37,25.83,3.57,-4.69
2020-11-28,1.964289045451832,1.83,32.21,0.42,-3.7
2020-11-29,0.0073215931374394,2.6,47.4,0.0,-3.41
2020-11-30,2.78205464131397,3.78,34.87,0.0,-1.05
2020-12-01,4.273973942603764,3.41,55.43,0.38,-13.5
2020-12-02,1.032267230741874,1.84,47.83,1.58,-4.67
2020-12-03,0.6823054188504716,3.74,46.88,0.1,-12.79
2020-12-04,1.974313055360886,2.52,40.54,0.78,2.75
2020-12-05,0.7374513500124452,0.81,37.82,0.67,2.96
2020-12-06,0.8048603796258484,3.42,26.58,1.32,3.81
2020-12-07,1.3101418114291377,0.41,45.93,0.0,2.97
2020-12-08,0.1281777573483601,1.69,46.81,0.3,8.59
2020-12-09,1.8966085748961603,2.77,24.0,2.69,9.39
2020-12-10,3.1272627656704515,3.03,37.59,0.28,9.4
2020-12-11,0.4628663849840002,1.16,40.19,1.16,2.75
2020-12-12,1.0585802578357169,4.15,35.36,0.4,-2.42
2020-12-13,1.7906685375964584,11.61,56.93,0.37,-6.45
2020-12-14,0.8189968119042876,1.84,35.17,1.05,-6.74
2020-12-15,0.3648899244211221,4.71,41.19,3.01,-5.81
2020-12-16,1.571670410122981,1.92,35.58,1.44,-9.9
2020-12-17,7.99680096363875e-06,1.52,42.24,0.0,-12.55
2020-12-18,1.0854377925185816,1.21,30.8,0.26,-13.6
2020-12-19,0.2713064319186639,1.66,49.05,0.24,-10.09
2020-12-20,0.3941925329579669,4.0,46.8,0.4,-4.15
2020-12-21,0.3609858107830235,1.35,36.15,1.35,-6.55
2020-12-22,0.0804829017287039,9.69,61.34,0.19,-8.54
2020-12-23,0.281407220881105,37.74,62.9,0.38,-7.16
2020-12-24,1.1177761090429714,44.77,72.06,0.52,-3.54
2020-12-25,0.225729459972935,15.41,48.69,3.2,-1.75
2020-12-26,1.2276991596925624,10.7,81.41,0.52,0.15
2020-12-27,1.032187374147404,3.5,66.43,0.7,-1.92
2020-12-28,0.3997000114875456,3.7,49.74,0.53,0.04
2020-12-29,1.648286496826824,1.39,68.1,0.88,-2.28
2020-12-30,7.974481337929537e-06,0.83,73.17,0.31,-5.33
2020-12-31,2.2472855852058577,1.68,37.74,0.36,-6.9
2021-01-01,1.036149251833146,1.8,54.21,0.72,-10.25
2021-01-02,0.5862810293291678,7.63,54.24,2.12,-13.12
2021-01-03,1.2274537163828605,1.3,77.14,0.78,-13.12
2021-01-04,0.8733954025023426,4.09,39.55,2.27,-9.55
2021-01-05,0.8358257614201359,0.81,33.43,0.3,-4.41
2021-01-06,3.4149659852118366,1.04,50.74,0.43,-9.64
2021-01-07,0.1652892938299594,1.16,43.26,0.21,-7.93
2021-01-08,2.124262883939581,14.7,42.82,0.54,-6.71
2021-01-09,0.4912127947270844,2.82,33.9,0.14,-10.5
2021-01-10,0.9674038884658388,24.26,52.15,0.0,-9.35
2021-01-11,1.3594713012873068,0.84,21.08,0.0,-8.52
2021-01-12,0.0411776822783592,0.4,22.71,0.24,-9.91
2021-01-13,3.1220861339576143,1.78,39.54,0.34,-8.31
2021-01-14,1.6627461460491832,0.66,25.86,0.07,-7.22
2021-01-15,0.6262251384614294,1.75,31.63,0.46,-4.18
2021-01-16,0.5570959860640303,1.63,34.07,0.67,-3.09
2021-01-17,0.3167389165471437,2.29,56.54,0.16,-5.53
2021-01-18,0.3126510489137863,0.28,47.37,25.04,-8.72
2021-01-19,1.3445799478925478,0.47,43.56,0.65,-8.9
2021-01-20,1.5455033202130486,0.66,46.46,0.0,-9.24
2021-01-21,0.9934514449976062,0.53,47.53,0.33,-10.51
2021-01-22,1.916226297816419,1.28,46.37,0.07,-12.21
2021-01-23,1.4038011029026043,13.54,48.78,12.36,-12.49
2021-01-24,0.0048358151145005,6.22,43.14,4.94,-8.82
2021-01-25,0.75197556628705,4.51,42.94,0.59,-4.98
2021-01-26,1.009090298196272,2.85,44.02,2.21,-5.15
2021-01-27,0.800004266707637,25.15,75.49,0.55,-4.71
2021-01-28,1.20241929668017,2.94,45.3,1.52,-5.45
2021-01-29,0.8503796942835252,1.35,70.21,1.31,-8.14
2021-01-30,0.7930235766740932,24.4,53.21,0.24,-9.57
2021-01-31,1.2083048523913535,1.15,65.47,0.12,-7.53
2021-02-01,0.0681228348553591,0.72,71.05,0.12,-8.64
2021-02-02,1.5678713133014912,1.13,54.78,0.14,-6.9
2021-02-03,0.4447147009912066,2.55,36.02,0.0,2.95
2021-02-04,0.080645165661051,1.23,53.34,0.61,3.06
2021-02-05,0.3621005766952362,4.1,27.51,1.06,1.9
2021-02-06,0.2227437818736067,3.82,46.93,0.26,1.13
2021-02-07,0.1159314414097698,1.54,55.7,0.0,0.95
2021-02-08,0.4286147098839108,3.21,58.57,0.0,2.56
2021-02-09,0.9309923548359876,6.09,36.3,0.0,-0.34
2021-02-10,1.516111810315513,9.43,56.92,0.85,-5.09
2021-02-11,0.0825423076167643,2.37,42.87,1.38,0.64
2021-02-12,0.0412626372679301,2.16,43.89,0.3,-2.33
2021-02-13,0.2246278817870075,1.79,42.26,0.19,-0.26
2021-02-14,0.6249443265192054,3.11,40.99,0.0,-3.85
2021-02-15,0.8511285777471033,1.03,55.84,0.17,-2.14
2021-02-16,0.9063715126345606,1.77,59.08,18.4,-5.86
2021-02-17,1.079794534678813,1.5,72.49,0.48,-7.46
2021-02-18,1.500225531448775,0.82,69.38,0.06,-14.52
2021-02-19,0.0784006312208645,1.21,61.34,1.04,-6.17
2021-02-20,0.3171663847027518,2.73,42.04,0.27,-15.05
2021-02-21,1.4898220961723396,0.99,40.15,0.74,-16.82
2021-02-22,2.754062644330132,1.49,39.03,0.74,-21.88
2021-02-23,2.5158559636154934,1.28,30.69,0.51,-19.69
2021-02-24,0.8807396381747277,1.64,45.15,0.41,-16.3
2021-02-25,2.5833708795378483,1.69,42.34,0.42,-10.77
2021-02-26,1.702631241363118,11.04,52.77,0.16,-7.95
2021-02-27,1.1664903233595554,5.98,51.56,0.26,-0.83
2021-02-28,0.128357249632123,4.53,32.75,1.26,6.96
2021-03-01,0.2118832026957116,1.71,22.74,0.0,6.15
2021-03-02,1.453351461616802,9.48,51.73,0.23,8.63
2021-03-03,1.551005179340594,11.57,71.4,5.38,7.16
2021-03-04,2.119131505702192,39.59,62.29,0.08,3.21
2021-03-05,0.272214828798463,0.96,35.44,0.32,-2.11
2021-03-06,0.4246814181820856,1.43,43.7,0.75,-4.46
2021-03-07,0.0203514003958032,2.73,65.49,0.13,-13.58
2021-03-08,0.1715913557085326,0.49,69.17,46.49,-15.12
2021-03-09,0.1163016219481259,0.59,41.95,2.09,-6.67
2021-03-10,0.3484998686896385,1.07,28.98,0.07,-8.13
2021-03-11,1.876371343636888,1.41,33.5,0.4,-4.6
2021-03-12,0.4919593649671585,1.04,38.78,0.21,-0.49
2021-03-13,0.6430167466759421,5.0,29.07,0.93,2.83
2021-03-14,0.6246943202233841,2.07,22.11,1.03,3.41
2021-03-15,0.5098446126804762,11.22,24.61,0.0,5.96
2021-03-16,1.7719596518238103,3.04,21.6,0.37,5.71
2021-03-17,0.7125475488305716,0.96,40.43,0.45,4.9
2021-03-18,4.976919049306535,1.54,27.39,0.33,3.13
2021-03-19,0.7544208900325737,6.02,31.22,0.66,-2.72
2021-03-20,1.7532585953061277,1.63,38.84,0.23,-3.97
2021-03-21,1.7585238860130774,1.83,34.93,0.0,-1.82
2021-03-22,0.1278287892836164,2.73,35.52,0.55,-1.42
2021-03-23,1.9403014607770128,0.55,24.28,0.14,1.6
2021-03-24,0.8658062743114542,35.05,74.95,0.19,0.03
2021-03-25,0.0790201542500882,2.46,39.75,0.61,-2.64
2021-03-26,1.489639462519874,2.8,38.41,1.4,-3.22
2021-03-27,1.291579986695489,1.22,27.65,0.49,-0.47
2021-03-28,0.0718153720209743,0.68,15.88,0.84,-0.32
2021-03-29,2.3545840715846524,0.0,25.07,0.0,-2.12
2021-03-30,3.565368626406208,2.68,37.16,1.98,-13.09
2021-03-31,0.7314132565920994,1.29,39.68,0.41,-4.61
2021-04-01,1.5504186535965312,0.77,29.6,0.29,-1.15
2021-04-02,2.094020224151404,1.33,17.16,0.09,0.79
2021-04-03,1.0612796265319198,1.06,27.19,0.71,-0.46
2021-04-04,0.6399118847695404,1.34,30.29,1.61,-3.22
2021-04-05,2.925729124373015,0.91,26.48,0.0,-2.56
2021-04-06,3.81649049286318,2.08,35.6,0.38,3.42
2021-04-07,0.0788643573998235,0.68,50.78,0.06,4.24
2021-04-08,0.8641059265902948,1.6,39.63,0.35,6.57
2021-04-09,0.4704046306563473,2.57,38.8,1.62,6.12
2021-04-10,0.4630515248437872,1.86,28.74,0.55,4.95
2021-04-11,0.2125098170900305,0.53,36.22,5.12,4.95
2021-04-12,0.9162970549593976,2.05,27.37,0.51,4.89
2021-04-13,1.5107782991972114,1.65,48.89,0.48,1.69
2021-04-14,1.5640219633619057,0.68,48.05,0.0,-1.05
2021-04-15,0.4531729809882099,1.53,47.3,0.24,-0.54
2021-04-16,2.711642179631215,0.66,37.79,0.18,0.64
2021-04-17,1.6637748310163425,1.37,40.44,0.63,1.15
2021-04-18,0.3501480278495216,3.92,26.89,1.04,-0.57
2021-04-19,1.8541686598576157,2.65,36.95,0.0,-1.51
2021-04-20,1.9825277609321168,1.51,30.79,0.56,2.63
2021-04-21,0.188928830049276,4.36,37.69,0.31,6.03
2021-04-22,1.5760176111606132,6.39,39.4,1.78,0.4
2021-04-23,1.8809331957496076,1.56,26.32,0.49,2.39
2021-04-24,1.1732686248288338,2.98,31.0,0.31,-1.02
2021-04-25,0.9446415466424812,4.64,41.49,0.62,1.93
2021-04-26,1.400040540646035,0.27,40.73,0.0,3.0
2021-04-27,1.817596350108256,11.4,37.92,0.0,-7.94
2021-04-28,0.0346440329118824,4.25,27.94,0.27,-9.79
2021-04-29,2.030171231735279,2.04,36.09,0.78,-1.43
2021-04-30,1.0307537501009962,1.69,25.72,0.48,-5.25
2021-05-01,0.0847657150166819,8.52,41.81,0.29,-3.57
2021-05-02,0.0130308294724553,0.79,61.65,0.0,-4.2
2021-05-03,0.7633497890027204,3.32,47.57,0.77,-5.81
2021-05-04,0.1080497133754178,3.02,39.14,0.95,-0.47
2021-05-05,6.6830708482456185,2.81,33.55,0.35,-7.44
2021-05-06,3.3115608784497605,1.54,38.91,0.57,-14.75
2021-05-07,0.7848307126135698,2.32,47.23,0.72,-11.29
2021-05-08,1.5920883608280418,15.15,42.05,0.75,-7.26
2021-05-09,1.231224404262876,13.47,46.59,0.48,-10.83
2021-05-10,0.3113220083834817,1.37,29.53,0.0,-7.5
2021-05-11,0.2030457550382143,1.57,43.82,0.46,-17.59
2021-05-12,1.4643544486152449,0.75,36.82,0.75,-7.42
2021-05-13,0.0686341825158139,1.59,39.98,0.08,-6.24
2021-05-14,0.965857801723472,2.66,29.05,0.31,-8.76
2021-05-15,1.630195862342295,2.15,24.16,0.31,-10.14
2021-05-16,0.4684310387270091,0.72,37.73,0.43,-6.65
2021-05-17,2.6172106043058583,1.26,22.59,0.14,-6.0
2021-05-18,4.58301225409552,0.9,26.24,0.15,1.37
2021-05-19,0.5615142561582331,1.27,46.83,0.22,0.1
2021-05-20,6.624709955769793e-06,1.91,41.04,0.43,-3.72
2021-05-21,0.5646917513431539,1.84,29.73,0.22,-9.2
2021-05-22,0.5075315886839461,2.17,42.13,0.48,-12.43
2021-05-23,0.1886283823897944,1.35,40.23,0.77,-15.89
2021-05-24,0.0393832983219712,1.72,16.49,0.86,-16.05
2021-05-25,1.001677824347121,27.64,54.59,0.09,-13.26
2021-05-26,3.396799465102219,0.94,29.07,0.39,-13.0
2021-05-27,0.2250443000896182,1.21,26.0,0.85,-14.15
2021-05-28,4.40738627097985,2.4,40.01,0.39,-8.3
2021-05-29,2.29069788100424,0.7,29.43,0.47,-3.77
2021-05-30,0.6083865909179648,3.25,17.35,0.24,-1.46
2021-05-31,1.654822952000131,1.35,13.51,0.25,-1.75
2021-06-01,0.8314506152508406,1.69,62.19,0.06,-16.46
2021-06-02,0.0620732484238898,4.21,43.5,0.09,-14.69
2021-06-03,2.2275430837668173,8.44,40.08,0.82,-10.6
2021-06-04,2.537332674766331,2.05,39.7,0.64,-16.77
2021-06-05,1.461053758057067,1.23,79.84,0.52,-16.54
2021-06-06,0.7018743532045301,1.63,66.24,0.73,-24.79
2021-06-07,1.6914422164800305,12.89,56.79,0.52,-21.58
2021-06-08,1.5416382086174614,3.15,41.43,0.46,-18.27
2021-06-09,0.3175613973886551,8.25,29.95,0.71,-14.83
2021-06-10,0.9496747537257209,27.44,49.6,0.4,-10.75
2021-06-11,0.7907679985329737,3.82,36.07,0.21,-5.82
2021-06-12,0.4450817668010047,12.55,52.94,0.55,-9.83
2021-06-13,0.2981277651573857,12.5,61.22,0.51,-2.08
2021-06-14,1.4074109901379668,5.18,64.29,1.07,-8.88
2021-06-15,1.899827858063752,6.9,59.2,0.11,-11.93
2021-06-16,1.411942681482794,1.22,59.63,0.12,-18.66
2021-06-17,2.509210548430343,10.16,43.83,0.15,-17.1
2021-06-18,0.2337620032594893,5.5,50.83,0.37,-6.05
2021-06-19,1.2315247303271313,2.52,54.28,0.23,-4.58
2021-06-20,0.70705947756137,11.64,68.36,0.0,-4.3
2021-06-21,0.317374175571901,17.71,56.42,0.17,-0.28
2021-06-22,0.7246408520767198,1.91,60.71,0.11,6.2
2021-06-23,1.248373636783343,1.22,40.06,0.24,9.3
2021-06-24,0.4909190026238408,1.03,53.23,0.31,11.88
2021-06-25,3.1328252328003883,4.68,40.58,0.53,-10.23
2021-06-26,2.7856569814459786,2.21,30.26,0.44,-10.66
2021-06-27,1.0326616871980192,31.76,45.35,0.51,0.27
2021-06-28,0.6881726682790604,1.87,29.67,0.23,-2.07
2021-06-29,1.584130036323264,2.11,23.1,0.43,-18.09
2021-06-30,0.2194014357621272,0.52,21.34,0.18,-18.74
2021-07-01,2.124703361380837,0.49,31.51,0.25,-4.48
2021-07-02,2.236359608685832,1.21,38.7,0.08,-2.27
2021-07-03,1.7353582023040677,0.68,27.82,3.27,-3.04
2021-07-04,1.1764121410481654,1.0,15.98,0.43,-7.63
2021-07-05,0.4918386514769173,2.34,18.26,0.22,-6.06
2021-07-06,0.308004850236699,1.68,28.63,0.62,-3.95
2021-07-07,1.2430867278804527,3.74,36.77,0.16,-4.14
2021-07-08,1.524217712781499,1.62,42.61,0.43,-2.99
2021-07-09,0.494479332906342,15.27,40.09,0.0,-2.67
2021-07-10,0.6361824906016906,5.85,25.96,0.19,-6.59
2021-07-11,1.202709417414856,4.38,13.03,0.16,-4.07
2021-07-12,0.1675438106425117,0.78,14.81,0.13,-7.35
2021-07-13,1.14399025028037,2.81,21.57,3.86,-12.49
2021-07-14,2.819827084964401,2.63,27.49,0.88,-12.65
2021-07-15,0.2872189624095807,3.6,40.78,1.46,-9.55
2021-07-16,2.7037170333540987,3.37,27.89,2.35,-10.18
2021-07-17,1.2985849253246993,1.54,20.77,1.32,-4.6
2021-07-18,3.163672434394824,19.12,33.12,0.81,-6.42
2021-07-19,0.7013464338255436,5.84,16.02,0.62,-8.62
2021-07-20,6.484040793231667,3.43,19.21,0.99,-4.26
2021-07-21,6.060686629224696,1.07,30.89,0.61,-13.2
2021-07-22,9.556841092260946,0.77,46.79,0.77,-15.58
2021-07-23,2.430539090111886,0.75,29.39,0.65,-18.77
2021-07-24,1.5647138739562008,1.0,15.41,1.5,-24.43
2021-07-25,5.38828340542635,1.14,28.36,0.34,-21.59
2021-07-26,2.5299090811659286,0.38,56.03,26.67,-17.86
2021-07-27,2.9546771515068926,0.62,37.28,0.41,-17.86
2021-07-28,0.6464468061542319,1.21,21.46,0.83,-20.36
2021-07-29,1.9902407779199944,12.98,35.79,0.25,-8.79
2021-07-30,9.020871063722398,4.79,22.39,0.34,-0.07
2021-07-31,5.426121227210468,1.21,55.27,5.02,3.72
2021-08-01,0.2345874202884716,1.98,32.45,0.47,2.37
2021-08-02,1.8288222172852728,1.48,25.0,0.66,4.62
2021-08-03,1.1793607139429496,1.64,21.79,1.25,7.34
2021-08-04,0.456491520245129,1.94,30.41,0.48,7.39
2021-08-05,0.7091222453903453,0.71,27.61,0.35,8.88
2021-08-06,0.5100606127587797,2.12,55.04,0.12,5.55
2021-08-07,0.1219970338523831,0.45,69.26,0.12,4.29
2021-08-08,0.6885402160968336,1.72,29.5,0.57,4.69
2021-08-09,1.3189777117695372,2.6,68.83,0.35,4.44
2021-08-10,1.466748309850386,2.4,22.48,0.25,0.27
2021-08-11,1.0113520670485627,1.04,34.56,0.19,-2.89
2021-08-12,1.4579091919885994,0.74,24.5,0.64,-7.46
2021-08-13,2.058020103727908,0.62,26.11,0.16,-12.62
2021-08-14,0.3445288491617849,2.42,32.49,0.22,-12.62
2021-08-15,0.9826077340974372,5.14,41.59,0.23,-13.48
2021-08-16,0.3921435239214634,5.58,23.55,0.0,-17.49
2021-08-17,2.34720150279951,1.02,39.78,0.94,-14.38
2021-08-18,0.4182356577478573,1.2,26.55,0.0,-15.61
2021-08-19,0.8382278752804388,4.64,28.99,0.27,-10.46
2021-08-20,0.0280544257696464,1.24,17.87,0.0,-7.71
2021-08-21,0.0595928953286461,17.79,45.3,30.54,-8.58
2021-08-22,0.0275064476078183,0.44,10.59,0.49,-3.72
2021-08-23,0.9812839707842652,0.25,49.69,0.37,-4.49
2021-08-24,1.8445120320619828,2.68,31.83,0.49,-9.97
2021-08-25,0.4083304979370781,1.33,40.75,0.31,-4.37
2021-08-26,0.8655720798058845,2.69,28.28,0.45,-4.19
2021-08-27,2.0525843899392004,0.73,24.3,0.83,-4.56
2021-08-28,2.5153241738553724,1.78,27.12,0.1,-2.62
2021-08-29,1.769919174869165,0.39,7.44,0.26,-3.36
2021-08-30,0.2009331010345153,17.18,40.15,15.83,-0.65
2021-08-31,2.021304585285927,0.99,30.05,0.66,8.16
2021-09-01,0.1293159368104388,0.43,17.8,0.43,9.05
2021-09-02,0.6751518764763362,1.95,43.81,0.35,2.45
2021-09-03,0.7059775693784941,1.52,34.86,0.33,2.1
2021-09-04,0.1932381985206049,1.64,56.84,0.0,1.32
2021-09-05,0.6443754688006476,2.07,69.83,11.33,-0.9
2021-09-06,0.3482386055461303,4.59,37.81,5.3,-1.23
2021-09-07,0.6885341427842387,4.82,54.94,5.29,-3.75
2021-09-08,1.97765179764566,1.86,33.83,0.74,-7.12
2021-09-09,1.4755465565919323,1.66,51.39,0.05,-8.19
2021-09-10,0.3237995273775347,4.19,38.66,0.47,-5.52
2021-09-11,0.4051416673936895,2.67,24.81,0.36,-5.94
2021-09-12,0.1655415324619122,1.4,20.0,0.35,-4.29
2021-09-13,0.9153697021264532,1.86,21.38,0.0,-1.92
2021-09-14,0.7349971838732549,1.71,21.06,0.07,-2.82
2021-09-15,2.1622464013165708,0.9,21.55,0.17,-0.24
2021-09-16,0.4268949919576014,1.66,17.79,0.48,3.42
2021-09-17,0.266595732411972,3.02,20.88,0.41,3.61
2021-09-18,0.6499622502902311,10.32,47.39,0.56,2.62
2021-09-19,0.8160752498056991,2.44,27.73,0.14,2.19
2021-09-20,0.5836566954458597,3.9,31.17,0.65,-1.04
2021-09-21,0.0817772977290011,1.64,17.05,0.41,3.69
2021-09-22,0.814779086530592,6.81,28.39,6.1,5.72
2021-09-23,3.0632305837460736,13.6,62.99,7.16,5.35
2021-09-24,1.9483666078130344,1.6,21.71,1.09,4.88
2021-09-25,0.4239299310693918,3.63,22.91,0.6,6.79
2021-09-26,0.9470497908032376,3.19,21.39,1.81,5.03
2021-09-27,1.0101545881255398,3.47,21.76,0.93,7.92
2021-09-28,2.524034565031103,1.67,24.64,0.22,7.05
2021-09-29,2.653216859187823,1.44,16.96,0.19,1.85
2021-09-30,0.3097576044134184,0.53,26.11,0.08,-0.59
2021-10-01,5.050690278848659,0.73,17.92,0.28,-3.16
2021-10-02,2.6167655976445903,0.43,33.92,14.01,-4.08
2021-10-03,0.8279579310831557,0.44,38.2,3.98,-3.61
2021-10-04,3.618730143527562,1.63,14.66,0.98,-2.74
2021-10-05,4.309143406849934,1.02,17.1,3.01,-5.89
2021-10-06,0.8044678132867645,1.79,24.28,0.6,-5.84
2021-10-07,2.274277146199811,1.15,22.9,0.0,-4.56
2021-10-08,1.7282834688943065,1.55,37.27,0.42,-3.4
2021-10-09,0.3865269996295724,1.43,26.51,0.44,-4.19
2021-10-10,0.5180836226614973,1.66,22.7,0.13,-3.64
2021-10-11,2.3346152665559807,0.48,19.55,0.0,-4.12
2021-10-12,4.265140947110719,0.77,24.03,1.39,-1.43
2021-10-13,2.133793617365769,0.98,24.17,0.62,-0.1
2021-10-14,0.2871502332023162,0.92,25.94,0.13,0.17
2021-10-15,2.8355225755125124,2.28,31.42,0.37,1.01
2021-10-16,1.9725367657717612,3.62,26.11,0.05,2.52
2021-10-17,0.0018049277663551,6.37,19.83,0.5,1.82
2021-10-18,1.0854469518135177,1.23,8.72,0.21,1.42
2021-10-19,1.3059197542898833,0.94,12.62,3.76,2.42
2021-10-20,0.6344579603775157,0.92,38.85,4.31,1.35
2021-10-21,1.1006592709586478,1.73,29.58,0.7,9.04
2021-10-22,1.7115635476968505,0.34,19.62,0.04,9.57
2021-10-23,1.1953429600440924,2.08,26.27,0.5,17.18
2021-10-24,0.1858146268608063,0.73,13.61,0.18,17.99
2021-10-25,2.351496782319992,0.29,6.12,1.69,22.52
2021-10-26,2.703196375088915,1.76,18.36,0.4,19.18
2021-10-27,3.29740461021256,1.53,22.88,0.15,19.8
2021-10-28,0.6977352004635783,0.99,19.35,0.12,13.93
2021-10-29,1.980753047074009,2.04,29.79,0.25,8.49
2021-10-30,1.6072043035295325,6.6,39.05,0.16,-1.7
2021-10-31,0.7312473056545415,3.52,13.46,0.41,-1.95
2021-11-01,0.0361567772253144,14.23,31.46,6.37,-3.02
2021-11-02,0.3119378654204622,5.59,24.36,4.04,-3.54
2021-11-03,0.5990194023003815,1.79,16.93,0.13,-6.13
2021-11-04,0.3350086885282085,23.62,42.73,1.26,-13.07
2021-11-05,2.450686761768415,1.63,26.22,0.08,-16.58
2021-11-06,2.544805597087267,7.64,34.48,0.17,-16.92
2021-11-07,1.0565431292395673,38.16,52.52,0.88,-16.92
2021-11-08,1.6667645823510813,9.15,29.74,1.31,-18.63
2021-11-09,3.08247805245134,1.8,21.64,0.23,-18.22
2021-11-10,0.9270620189527352,1.07,31.13,0.08,-17.61
2021-11-11,3.326409364051261,2.97,22.92,0.1,-13.16
2021-11-12,4.0878891905835495,0.85,26.3,0.47,-7.59
2021-11-13,2.196230375748832,0.66,28.61,0.22,-3.52
2021-11-14,0.3535339642461149,2.46,36.85,0.1,-5.38
2021-11-15,1.1710556439595514,14.6,26.23,0.0,-6.39
2021-11-16,0.314748461280731,1.14,24.87,0.0,-9.28
2021-11-17,4.64176583464527,0.4,25.81,8.74,-7.54
2021-11-18,1.5816600981459594,0.45,28.49,0.22,-8.2
2021-11-19,1.882153992428,1.41,21.72,0.27,-11.72
2021-11-20,0.2412153997350226,0.73,22.78,0.33,-18.25
2021-11-21,1.6209560056319332,0.43,17.63,0.0,-13.86
2021-11-22,1.022825037929376,8.98,42.68,0.0,-11.64
2021-11-23,4.727615933821697,1.71,37.3,1.71,-15.98
2021-11-24,1.5342430435266623,0.42,27.13,0.37,-18.82
2021-11-25,0.1289080392787541,1.14,29.43,0.06,-15.72
2021-11-26,0.8707942577643106,1.2,38.1,0.09,-10.02
2021-11-27,1.4665516260320666,3.79,29.42,0.21,-2.29
2021-11-28,1.5899987337464545,6.39,42.04,0.27,-4.09
2021-11-29,1.1307894386381163,2.86,19.05,0.29,-3.92
2021-11-30,0.2569044444441959,3.01,43.75,9.96,-1.14
2021-12-01,0.4064611436163735,10.72,34.26,0.53,-0.3
2021-12-02,1.3781623831513896,1.12,26.29,0.4,2.72
2021-12-03,2.7416047338025846,8.22,31.9,0.17,0.14
2021-12-04,2.474026410727435,22.31,45.94,0.08,-4.87
2021-12-05,1.1090935672915805,2.67,27.6,0.3,2.95
2021-12-06,1.0943724080535997,0.95,15.88,0.0,2.95
2021-12-07,2.550229281093612,1.66,19.94,0.28,5.52
2021-12-08,0.3478976188745228,1.06,28.28,0.08,-0.27
2021-12-09,1.814108707065004,0.73,40.06,0.15,-5.41
2021-12-10,3.234612403172373,0.85,18.7,0.42,-2.79
2021-12-11,0.7533816504862287,14.19,33.57,10.05,-3.15
2021-12-12,1.1930707019291074,2.2,17.85,1.22,0.63
2021-12-13,1.2646555697263564,1.93,16.79,0.3,3.96
2021-12-14,0.1899335803652537,1.42,27.52,0.32,-2.26
2021-12-15,0.105362985197695,0.72,23.8,0.0,0.45
2021-12-16,0.1897333761970441,0.39,24.92,0.06,6.11
2021-12-17,0.4441161999967936,0.66,28.12,0.27,8.21
2021-12-18,1.8424589863055916,2.26,26.88,3.35,5.1
2021-12-19,2.2541983013831657,3.26,17.48,0.0,2.95
2021-12-20,0.9011239888200528,10.23,26.99,0.57,1.49
2021-12-21,1.7011345826536537,0.61,35.54,0.0,1.06
2021-12-22,2.2954667473039225,6.13,33.7,0.11,-0.37
2021-12-23,1.0113050149894764,4.91,33.28,0.22,-0.54
2021-12-24,0.9613751227184242,4.5,51.39,0.29,-3.69
2021-12-25,0.2242233489397982,1.93,44.44,1.19,-3.08
2021-12-26,0.0822791437550442,1.43,44.29,0.71,-3.56
2021-12-27,0.5434103100129577,13.72,56.19,0.44,-3.69
2021-12-28,0.6406737920056327,4.74,46.52,0.44,-3.0
2021-12-29,1.4521707334617195,5.62,41.57,0.14,-0.95
2021-12-30,0.0218459858869961,2.75,39.71,0.33,0.0
2021-12-31,1.2089387815726966,5.81,57.31,1.33,0.0
2022-01-01,1.8342635816655195,27.97,46.06,0.11,1.2
2022-01-02,1.0148061216558757,5.4,42.67,0.26,1.23
2022-01-03,1.6029476595401986,2.06,39.69,0.0,2.0
2022-01-04,3.7143088749797535,2.75,19.83,0.14,1.62
2022-01-05,4.314994510427406e-06,8.69,18.71,0.05,-0.89
2022-01-06,0.0215773007634084,7.44,26.79,0.0,1.07
2022-01-07,2.8716213305902927,0.78,31.56,0.47,-2.23
2022-01-08,0.7130288836151006,0.31,24.79,0.1,-5.66
2022-01-09,1.1914870175876449,1.36,20.24,0.17,-6.0
2022-01-10,1.0215171739640796,6.34,28.17,0.0,-5.73
2022-01-11,0.911119768326033,1.1,33.14,0.25,-4.58
2022-01-12,1.5903243728102392,1.65,27.68,0.08,-3.25
2022-01-13,1.6114191941098592,0.71,37.17,3.89,-1.76
2022-01-14,1.1119384470509088,1.11,20.35,0.59,2.82
2022-01-15,0.4493857983926261,3.22,24.35,0.0,4.52
2022-01-16,0.65168352343201,0.78,9.98,0.16,3.92
2022-01-17,0.5593483005756851,4.71,18.63,0.0,3.74
2022-01-18,0.7407800891804668,0.82,34.09,0.06,3.96
2022-01-19,2.003992278336036,0.29,30.46,0.29,2.94
2022-01-20,0.3278019735139351,0.65,30.36,0.15,-1.2
2022-01-21,2.3882351980603187,1.14,24.27,0.43,-2.85
2022-01-22,2.051591973274978,0.94,28.66,0.11,-5.72
2022-01-23,0.826637512212899,1.02,13.71,0.34,-6.81
2022-01-24,0.7755715808772596,0.38,7.64,0.25,-8.44
2022-01-25,2.102657904610637,0.75,30.52,0.16,-11.91
2022-01-26,0.4194637022851828,0.52,19.33,0.13,-14.33
2022-01-27,2.909218864457904,0.22,17.26,0.16,-12.75
2022-01-28,1.6455120726444468,0.82,26.25,10.37,-10.96
2022-01-29,0.8060288206473877,0.45,16.77,0.58,-6.67
2022-01-30,0.6795450039391576,0.76,12.77,2.07,-5.94
2022-01-31,0.466186903468778,0.8,9.11,0.48,-4.42
2022-02-01,0.6782560973914376,1.57,30.49,0.38,-1.2
2022-02-02,0.8832864998508885,0.64,27.42,0.49,2.46
2022-02-03,2.113192370342764,1.18,33.83,0.47,2.77
2022-02-04,0.8440605952882387,0.47,24.18,0.08,-1.85
2022-02-05,1.1409524124780053,0.65,15.14,0.0,-2.29
2022-02-06,0.1336804655505439,0.62,24.95,0.42,-1.9
2022-02-07,1.1919027802386306,0.98,10.5,0.42,-2.43
2022-02-08,2.976167479709866,1.55,24.81,0.39,-2.67
2022-02-09,3.706318164500197,0.35,27.05,0.13,-0.08
2022-02-10,1.2267703262558929,0.49,14.63,0.1,1.25
2022-02-11,1.4008318248265723,0.53,33.91,0.04,6.46
2022-02-12,1.2992654338349108,0.44,30.22,0.06,0.53
2022-02-13,0.8567733553882049,1.62,15.74,0.23,0.94
2022-02-14,0.5133736477294342,0.63,13.61,0.0,-2.01
2022-02-15,1.7221090384227458,1.06,30.09,0.57,-1.74
2022-02-16,0.1586987042058839,0.67,34.37,0.22,4.11
2022-02-17,0.2977669693924392,0.77,23.58,0.12,-1.09
2022-02-18,1.866212483492205,1.73,33.75,0.14,-2.63
2022-02-19,1.218256652095539,0.39,46.77,0.05,2.81
2022-02-20,0.078224715356612,2.25,12.58,0.0,2.49
2022-02-21,0.7356494398357285,0.43,11.26,0.0,3.49
2022-02-22,1.2069072619621906,0.2,22.66,0.1,3.36
2022-02-23,0.0603561028281161,3.28,25.93,0.18,-0.59
2022-02-24,3.7918263238092704,0.59,17.49,0.0,0.01
2022-02-25,0.2920319138431287,1.29,34.12,0.43,2.63
2022-02-26,0.595074830994138,0.65,35.18,0.18,2.99
2022-02-27,1.6132408438084178,53.11,59.5,0.17,3.13
2022-02-28,0.2375157110392321,73.53,80.6,0.0,1.44
2022-03-01,1.272551637150564,5.01,26.54,0.53,-1.68
2022-03-02,2.9080518323519997,3.29,24.1,0.06,1.44
2022-03-03,2.771840395208736,0.94,25.85,0.07,2.21
2022-03-04,4.461298141618061e-06,0.95,31.11,0.07,-2.05
2022-03-05,0.6897899074519006,0.68,28.56,0.34,-5.62
2022-03-06,0.5712963151220559,2.61,18.82,0.17,-2.65
2022-03-07,1.861555056702395,0.3,10.27,0.0,1.75
2022-03-08,3.721460880334669,0.19,24.89,0.0,4.51
2022-03-09,1.550084857956242,2.84,34.3,0.5,1.66
2022-03-10,2.3045022900981955,0.6,15.63,0.09,2.85
2022-03-11,1.0041365192049627,0.65,17.84,0.88,3.23
2022-03-12,0.4185009548471795,0.86,29.83,0.58,4.71
2022-03-13,0.2011532824462266,0.71,14.18,0.0,3.86
2022-03-14,2.110870302463106,0.3,10.63,0.3,2.64
2022-03-15,3.403500171257818,0.2,29.59,0.25,3.47
2022-03-16,2.924320703322764,0.31,30.6,0.44,2.53
2022-03-17,0.5964688480054197,0.43,19.14,0.5,-1.12
2022-03-18,1.371136654591344,2.17,27.07,0.07,-0.8
2022-03-19,1.6319377849570358,0.99,32.22,0.39,-1.51
2022-03-20,0.8322494842874641,0.64,18.79,0.96,2.29
2022-03-21,0.0238935599870601,1.72,16.15,3.44,3.01
2022-03-22,0.3548462361671388,2.97,34.79,0.0,0.74
2022-03-23,0.111024769925696,0.69,28.32,0.07,1.01
2022-03-24,1.543132453777983,3.35,37.44,0.06,0.0
2022-03-25,4.507550046000308e-06,2.83,27.36,0.23,5.7
2022-03-26,0.7290187894430307,0.66,35.37,0.22,6.74
2022-03-27,1.4880411820084838,1.81,10.19,0.05,6.71
2022-03-28,1.1288066672869548,0.29,17.23,0.06,8.09
2022-03-29,0.5345741957576868,0.78,15.67,0.11,9.34
2022-03-30,2.8112924429807733,0.75,24.3,0.85,7.83
2022-03-31,2.0301868504109506,1.22,16.01,0.0,7.94
2022-04-01,0.8795131452827345,0.41,33.32,0.2,1.93
2022-04-02,0.3325546632705822,0.63,32.81,0.51,-1.79
2022-04-03,0.2000960296526731,0.82,23.65,6.53,-2.07
2022-04-04,0.4259623123870836,0.18,15.01,0.09,-4.02
2022-04-05,0.303096140243493,0.2,47.44,0.05,-7.16
2022-04-06,1.6125866985217694,0.21,15.71,0.08,-7.16
2022-04-07,0.6391206328323606,0.44,26.48,0.16,-11.69
2022-04-08,2.402911593880521,0.57,21.15,0.15,-2.5
2022-04-09,1.765903978991118,0.12,25.25,0.0,-2.4
2022-04-10,0.5326164652058902,0.96,15.31,0.0,-2.56
2022-04-11,0.1841864760341034,2.13,22.46,0.0,-2.6
2022-04-12,1.276070059021446,0.41,25.93,0.08,-3.11
2022-04-13,3.728765121513025,1.26,31.35,0.13,-3.01
2022-04-14,0.6463858457997627,4.29,35.82,0.05,2.0
2022-04-15,0.2699262897698012,0.74,24.01,0.08,3.62
2022-04-16,0.1255230680369861,0.83,27.82,0.28,3.41
2022-04-17,0.0552003252870385,0.0,23.3,0.0,2.51
2022-04-18,0.2731874451176945,0.36,15.0,0.0,2.34
2022-04-19,0.9204240532698996,0.08,24.65,0.0,-1.83
2022-04-20,1.020070048802279,1.26,30.78,0.09,-3.99
2022-04-21,3.865971315609941,2.2,29.18,0.06,-2.74
2022-04-22,0.3513398431844765,1.03,25.82,0.05,-7.45
2022-04-23,1.6832004007432797,0.44,28.21,0.13,-7.6
2022-04-24,1.138589137583749,0.65,21.68,1.62,-7.72
2022-04-25,0.0795521072287003,0.19,8.79,0.0,-8.24
2022-04-26,0.158388991139543,1.67,51.38,0.07,-8.75
2022-04-27,2.504537659039354,1.21,29.9,0.12,-6.58
2022-04-28,0.8862687257845324,0.38,21.05,0.21,-9.81
2022-04-29,2.2493280480075946,4.52,24.21,0.18,-8.72
2022-04-30,0.0688719916703113,0.28,32.83,0.16,-15.15
2022-05-01,1.57592923041472,1.14,22.24,0.0,-24.58
2022-05-02,1.166766198158579,1.06,6.9,0.53,-21.39
2022-05-03,0.7229557424974269,0.54,23.18,0.0,-11.51
2022-05-04,1.2991635718538836,0.14,29.67,0.14,-7.86
2022-05-05,1.6208550257438912,9.06,32.7,0.0,-12.54
2022-05-06,3.180066892892188,1.12,13.69,0.06,-9.93
2022-05-07,0.9266138395121856,0.24,16.44,0.12,-2.73
2022-05-08,0.1855891567469863,0.12,13.16,0.0,0.99
2022-05-09,1.3476360492514303,0.17,8.23,0.34,0.85
2022-05-10,1.1222367107788809,0.24,25.73,0.3,0.14
2022-05-11,7.603377677209096,0.43,20.75,0.0,-1.66
2022-05-12,2.1140493190398124,0.22,19.69,0.04,1.9
2022-05-13,1.1209832470883534,1.26,31.48,0.15,0.9
2022-05-14,1.22090841729523,0.11,36.65,0.11,-0.17
2022-05-15,2.191975525117729,1.41,13.17,0.11,-0.17
2022-05-16,2.469824039199831,0.84,11.22,1.01,-0.05
2022-05-17,0.6181035131434449,1.04,29.29,1.11,-0.51
2022-05-18,4.317217186520867,0.78,28.35,0.04,-0.49
2022-05-19,0.5042412700934659,0.17,25.29,0.04,-0.3
2022-05-20,1.3117205681235562,0.26,33.64,0.17,0.57
2022-05-21,0.5107241248649165,0.3,34.74,0.09,-3.34
2022-05-22,0.4965022101225798,0.91,22.4,0.36,-1.22
2022-05-23,0.0321172890525787,1.08,8.66,0.22,-1.19
2022-05-24,0.978116787350337,1.25,52.07,0.43,-4.95
2022-05-25,1.5788579655568675,0.87,23.87,0.34,-6.57
2022-05-26,4.3058606848303285,0.78,28.18,0.18,-7.36
2022-05-27,1.2498792246936614,1.23,25.38,0.0,-6.21
2022-05-28,0.593642980901695,1.12,37.28,0.17,-8.01
2022-05-29,0.8436468987195708,12.77,28.82,0.47,-10.26
2022-05-30,0.0755504466156561,0.14,43.74,0.0,-10.11
2022-05-31,2.1431629881748133,0.26,19.6,0.23,-8.6
2022-06-01,3.484525039608384,0.59,25.68,0.1,-8.98
2022-06-02,0.5024084254306882,1.85,26.63,0.05,-0.02
2022-06-03,2.486051755655526,0.55,29.34,0.07,-0.12
2022-06-04,0.2477794327191299,1.19,26.99,0.45,10.49
2022-06-05,1.7015395786091645,0.65,7.39,0.14,12.54
2022-06-06,0.2424912541891349,0.19,11.8,0.0,17.22
2022-06-07,2.2994413166999683,1.28,23.13,0.05,5.52
2022-06-08,0.1293103628460873,0.17,22.13,0.04,5.75
2022-06-09,1.2004431402956917,0.48,39.55,0.03,-0.67
2022-06-10,2.4809815281905614,0.31,29.48,0.03,-5.18
2022-06-11,2.3719047645861573,0.41,17.71,0.03,-6.3
2022-06-12,0.830715713004566,0.0,8.93,0.0,-7.64
2022-06-13,0.7481025615513786,0.3,17.37,0.15,-7.69
2022-06-14,1.5989681104346904,0.52,29.23,0.0,0.41
2022-06-15,0.6806481431784932,0.4,32.5,0.09,0.56
2022-06-16,1.4985620863493154,0.68,26.5,0.14,0.81
2022-06-17,1.871246941696146,0.08,19.75,0.05,1.49
2022-06-18,1.5942236611196865,1.07,29.82,0.14,3.82
2022-06-19,0.0701163803024973,5.94,16.2,0.0,7.84
2022-06-20,1.2855000953305231,3.37,8.89,0.58,6.39
2022-06-21,2.422389321111277,0.82,26.7,0.35,7.33
2022-06-22,1.728043000095591,5.95,29.3,1.25,9.24
2022-06-23,3.180328197770356,0.35,33.38,0.05,9.34
2022-06-24,1.0535654960333756,0.5,29.3,0.21,3.78
2022-06-25,0.2078912446736486,1.09,33.33,1.13,2.72
2022-06-26,0.2787206389947095,0.26,8.14,0.13,0.69
2022-06-27,1.9350323750313607,0.37,2.22,0.37,-0.74
2022-06-28,1.9780115167769536,0.22,22.21,0.0,-0.14
2022-06-29,4.709390374246563,0.35,17.75,0.02,-1.37
2022-06-30,0.8072477566242374,0.44,29.16,0.04,-2.25
2022-07-01,0.7196629032039692,0.65,46.0,0.16,-2.25
2022-07-02,0.7785718566588339,4.66,25.71,0.19,-3.56
2022-07-03,0.8194833438460164,0.42,7.76,0.0,-3.67
2022-07-04,0.8438044399460286,0.54,31.37,0.27,-5.85
2022-07-05,0.850985133251942,0.48,38.21,0.12,-4.97
2022-07-06,0.8404365198391831,0.52,27.93,0.0,-7.87
