Fecha,Vol. Futuros,TRM,Precio Interno
2020-01-01,1.2899457760904345,3277.14,975000.0
2020-01-02,0.7350455366085377,3277.14,945000.0
2020-01-03,0.5918344361205096,3258.84,940000.0
2020-01-04,1.367154258393283,3262.05,930000.0
2020-01-05,1.505321285893915,3262.05,920000.0
2020-01-06,0.5081280687581757,3262.05,910000.0
2020-01-07,0.2044572374476228,3262.05,918000.0
2020-01-08,2.6911166533474598,3264.26,890000.0
2020-01-09,1.5222281247718752,3254.42,880000.0
2020-01-10,1.3542314451934303,3253.89,895000.0
2020-01-11,0.4681859701626271,3272.62,895000.0
2020-01-12,1.9493140031636056,3272.62,895000.0
2020-01-13,1.3516828116199882,3272.62,867000.0
2020-01-14,0.3050775955205447,3288.05,875000.0
2020-01-15,0.5235614053945052,3278.83,874000.0
2020-01-16,1.1881327886752675,3296.74,872000.0
2020-01-17,0.7107981947794908,3313.4,870000.0
2020-01-18,0.2995874402042159,3320.77,870000.0
2020-01-19,0.1299080621834803,3320.77,870000.0
2020-01-20,0.1611754499106269,3320.77,870000.0
2020-01-21,0.3950001102797744,3320.77,872000.0
2020-01-22,0.0450349028102233,3347.91,866000.0
2020-01-23,1.4311514393255726,3337.77,890000.0
2020-01-24,2.1998642457237776,3353.76,875000.0
2020-01-25,1.904046571174338,3366.01,875000.0
2020-01-26,0.797569047456087,3366.01,875000.0
2020-01-27,0.5743405330303827,3366.01,863000.0
2020-01-28,1.4647084440734763,3398.4,849000.0
2020-01-29,2.897353803515561,3392.6,830000.0
2020-01-30,0.5404090774011734,3395.1,835000.0
2020-01-31,1.1266344983100531,3411.45,850000.0
2020-02-01,0.949190543424825,3423.24,850000.0
2020-02-02,2.2841217784914933,3423.24,850000.0
2020-02-03,1.5045470709314714,3423.24,820000.0
2020-02-04,0.2550371186005288,3401.56,815000.0
2020-02-05,0.4083721856994941,3368.87,813000.0
2020-02-06,0.4083721856995077,3355.44,825000.0
2020-02-07,0.2035624112597794,3378.43,845000.0
2020-02-08,0.4964518092232793,3408.35,845000.0
2020-02-09,0.7667193305619916,3408.35,845000.0
2020-02-10,0.7001438734968917,3408.35,865000.0
2020-02-11,0.1992032531240576,3440.96,870000.0
2020-02-12,0.1491424586670119,3432.89,863000.0
2020-02-13,3.7059335916774248,3394.8,890000.0
2020-02-14,4.35564048364502,3385.11,942000.0
2020-02-15,1.1724009371212356,3378.29,942000.0
2020-02-16,1.2240897412521297,3378.29,942000.0
2020-02-17,1.8066111016514084,3378.29,942000.0
2020-02-18,0.5067535236575924,3378.29,930000.0
2020-02-19,0.2343567981468269,3410.24,930000.0
2020-02-20,3.0420596700711853,3400.98,907000.0
2020-02-21,4.943345785517375,3403.5,965000.0
2020-02-22,1.571832626950776,3398.05,965000.0
2020-02-23,2.24620381678938,3398.05,965000.0
2020-02-24,2.073182317480946,3398.05,955000.0
2020-02-25,1.1267724846342289,3431.6,968000.0
2020-02-26,1.8501915385321988,3425.22,990000.0
2020-02-27,0.8283526426643875,3441.88,997000.0
2020-02-28,1.7407677316253023,3507.11,1014000.0
2020-02-29,0.4069836621173391,3539.86,1014000.0
2020-03-01,0.2639822201410393,3539.86,1014000.0
2020-03-02,3.3785306752695474,3539.86,1020000.0
2020-03-03,5.431967408015392,3512.17,1065000.0
2020-03-04,3.274851843026279,3455.56,1043000.0
2020-03-05,6.43393661231856,3458.45,1010000.0
2020-03-06,3.945742755845812,3522.41,995000.0
2020-03-07,1.7091587710159044,3584.58,995000.0
2020-03-08,0.8233164760327127,3584.58,995000.0
2020-03-09,4.008911306829982,3584.58,1075000.0
2020-03-10,4.749996838368508,3803.6,1100000.0
2020-03-11,2.3916108895772603,3780.39,1120000.0
2020-03-12,2.17498378825885,3835.15,1145000.0
2020-03-13,1.9427067960261155,4034.66,1130000.0
2020-03-14,1.1161971158534345,3941.92,1130000.0
2020-03-15,0.6741892823474449,3941.92,1130000.0
2020-03-16,1.1963252948501308,3941.92,1120000.0
2020-03-17,0.967125526517775,4099.93,1085000.0
2020-03-18,4.883644011289098,4044.55,1177000.0
2020-03-19,7.658391551454409,4128.38,1200000.0
2020-03-20,2.581061409648843,4153.91,1250000.0
2020-03-21,0.1341637271150786,4079.96,1250000.0
2020-03-22,0.0565309975216359,4079.96,1250000.0
2020-03-23,1.20895899577306,4079.96,1260000.0
2020-03-24,3.524772421650577,4079.96,1300000.0
2020-03-25,3.4047507053401,4104.9,1315000.0
2020-03-26,4.163995111793222,4086.34,1245000.0
2020-03-27,7.321355909118174,3995.83,1186000.0
2020-03-28,2.254793138616029,4042.8,1186000.0
2020-03-29,2.1659056793209683,4042.8,1186000.0
2020-03-30,3.0233952818435723,4042.8,1230000.0
2020-03-31,0.2093364800463322,4064.81,1232000.0
2020-04-01,3.0144502797969013,4054.54,1210000.0
2020-04-02,2.8470161678474364,4081.06,1223000.0
2020-04-03,3.7998167930129023,4065.5,1195000.0
2020-04-04,2.489985335026472,4008.78,1195000.0
2020-04-05,1.0450388660914405,4008.78,1195000.0
2020-04-06,2.956527830207942,4008.78,1200000.0
2020-04-07,2.748006356602968,3978.38,1203000.0
2020-04-08,0.0834376352119672,3910.15,1200000.0
2020-04-09,1.0067199117723968,3886.79,1190000.0
2020-04-10,0.4094553113787866,3886.79,1190000.0
2020-04-11,1.195154981536982,3886.79,1190000.0
2020-04-12,0.6287110822764721,3886.79,1190000.0
2020-04-13,1.2683464024522668,3886.79,1192000.0
2020-04-14,2.1524359148112318,3870.31,1165000.0
2020-04-15,2.527514495819501,3858.21,1210000.0
2020-04-16,1.3400535537482228,3920.83,1215000.0
2020-04-17,2.1735353843179044,3942.92,1180000.0
2020-04-18,0.3634800837719493,3973.06,1180000.0
2020-04-19,0.0388147020045831,3973.06,1180000.0
2020-04-20,1.765092860422011,3973.06,1172000.0
2020-04-21,3.583007543465498,3967.76,1185000.0
2020-04-22,0.8626614224337044,4045.01,1171000.0
2020-04-23,0.4060461252201952,4037.95,1172000.0
2020-04-24,5.411725003682691,4020.94,1132000.0
2020-04-25,3.106590554108553,4039.87,1132000.0
2020-04-26,0.4682361659512219,4039.87,1132000.0
2020-04-27,2.0663795208786357,4039.87,1133000.0
2020-04-28,1.046134124536955,4039.83,1140000.0
2020-04-29,1.958505399440336,4046.04,1090000.0
2020-04-30,0.960161001022007,3983.29,1105000.0
2020-05-01,0.1912960889433992,3932.72,1102000.0
2020-05-02,0.7256541503481568,3932.72,1102000.0
2020-05-03,0.046421713359991,3932.72,1102000.0
2020-05-04,1.726861066163664,3932.72,1118000.0
2020-05-05,3.0786013386226707,3990.1,1130000.0
2020-05-06,0.4582959442220386,3926.07,1139000.0
2020-05-07,1.7528124034257349,3961.66,1115000.0
2020-05-08,2.436342064011467,3924.54,1127000.0
2020-05-09,1.6048701893034436,3882.27,1127000.0
2020-05-10,0.5101508549501993,3882.27,1127000.0
2020-05-11,2.144717568153759,3882.27,1121000.0
2020-05-12,3.123069011846781,3901.34,1090000.0
2020-05-13,1.9603783430567927,3880.48,1080000.0
2020-05-14,1.2952927560658456,3901.3,1101000.0
2020-05-15,0.0953743515309779,3947.79,1094000.0
2020-05-16,0.4157195243621409,3926.06,1094000.0
2020-05-17,0.175441756717522,3926.06,1094000.0
2020-05-18,1.0953898665696638,3926.06,1084000.0
2020-05-19,1.2691122159499717,3851.07,1074000.0
2020-05-20,1.3164270973625969,3824.3,1056000.0
2020-05-21,0.8555185259818665,3804.12,1038000.0
2020-05-22,1.103922897686448,3774.25,1030000.0
2020-05-23,0.1422673733033917,3782.66,1030000.0
2020-05-24,1.0296226309939194,3782.66,1030000.0
2020-05-25,0.7963874936654175,3782.66,1030000.0
2020-05-26,0.5307826922104625,3782.66,1029000.0
2020-05-27,2.504947930444253,3725.56,1010000.0
2020-05-28,3.373335724252059,3743.79,975000.0
2020-05-29,2.866112253186237,3723.42,962000.0
2020-05-30,0.2399621655782306,3718.82,962000.0
2020-05-31,1.3419664701185163,3718.82,962000.0
2020-06-01,0.9535665303638144,3718.82,975000.0
2020-06-02,0.1017811792700603,3716.35,951000.0
2020-06-03,0.9123225975521972,3651.42,950000.0
2020-06-04,0.963252061347217,3588.89,939000.0
2020-06-05,0.7612317906196397,3597.47,940000.0
2020-06-06,0.7096608095053457,3565.06,940000.0
2020-06-07,0.0386625070637545,3565.06,940000.0
2020-06-08,0.670998302441591,3565.06,950000.0
2020-06-09,1.1184661587894815,3599.0,955000.0
2020-06-10,1.0794245130880402,3643.02,950000.0
2020-06-11,0.7782140442054963,3674.81,971000.0
2020-06-12,0.8368249670516579,3746.46,968000.0
2020-06-13,0.34810787231702,3758.15,968000.0
2020-06-14,0.2010167862218936,3758.15,968000.0
2020-06-15,0.7193912941926641,3758.15,960000.0
2020-06-16,0.3730353379906367,3758.15,952000.0
2020-06-17,2.738454427779605,3741.88,974000.0
2020-06-18,1.729149711006111,3749.03,966000.0
2020-06-19,0.9025811207312332,3760.22,960000.0
2020-06-20,0.552212160417347,3733.27,960000.0
2020-06-21,1.022935370234095,3733.27,960000.0
2020-06-22,0.7444082296674301,3733.27,976000.0
2020-06-23,0.3121750714184585,3733.27,968000.0
2020-06-24,0.4147232486446389,3706.06,972000.0
2020-06-25,1.8799509273316783,3722.27,958000.0
2020-06-26,0.8398999505238683,3735.93,970000.0
2020-06-27,1.3368582843108796,3758.91,970000.0
2020-06-28,0.97077287599299,3758.91,970000.0
2020-06-29,0.7806224979323902,3758.91,997000.0
2020-06-30,1.409182856111807,3758.91,1006000.0
2020-07-01,2.954424630672552,3756.28,1020000.0
2020-07-02,0.7793512413556868,3723.67,994000.0
2020-07-03,2.304224712610933,3660.18,995000.0
2020-07-04,2.207136362714829,3645.9,995000.0
2020-07-05,1.2234897140103504,3645.9,995000.0
2020-07-06,0.6698424436843388,3645.9,954000.0
2020-07-07,2.0871208100906458,3633.32,967000.0
2020-07-08,0.3027247518724999,3631.54,969000.0
2020-07-09,1.2713112999837726,3625.61,955000.0
2020-07-10,1.5992087013948306,3633.42,942000.0
2020-07-11,0.0806220584778462,3615.75,942000.0
2020-07-12,0.8788478225145714,3615.75,942000.0
2020-07-13,0.4934480973333447,3615.75,954000.0
2020-07-14,0.7212808189240798,3617.22,950000.0
2020-07-15,0.7786180005539735,3638.22,945000.0
2020-07-16,1.1914152843570252,3611.61,958000.0
2020-07-17,3.9874068552350734,3627.86,990000.0
2020-07-18,0.901258613632955,3651.93,990000.0
2020-07-19,1.6831915769216597,3651.93,990000.0
2020-07-20,1.773956603869982,3651.93,970000.0
2020-07-21,2.0101179321087304,3651.93,977000.0
2020-07-22,7.520900048323763,3628.2,1030000.0
2020-07-23,0.7875880414650491,3627.28,1033000.0
2020-07-24,0.8337241437828343,3660.15,1047000.0
2020-07-25,1.4532559397682223,3690.8,1047000.0
2020-07-26,0.6809830918086858,3690.8,1047000.0
2020-07-27,0.3060345478319902,3690.8,1057000.0
2020-07-28,0.6816658979097681,3679.17,1065000.0
2020-07-29,1.7627575083313238,3718.69,1075000.0
2020-07-30,3.304993467255219,3716.89,1110000.0
2020-07-31,3.073225212920414,3739.49,1140000.0
2020-08-01,0.1664637721459027,3733.08,1140000.0
2020-08-02,1.2029062408784643,3733.08,1140000.0
2020-08-03,0.1497995481684192,3733.08,1143000.0
2020-08-04,2.636687584074213,3768.39,1170000.0
2020-08-05,0.412201737806486,3792.98,1168000.0
2020-08-06,3.815176596437617,3775.95,1123000.0
2020-08-07,1.3336398997251708,3769.67,1115000.0
2020-08-08,0.5870225032774898,3769.67,1115000.0
2020-08-09,0.8351353108472437,3769.67,1115000.0
2020-08-10,1.077424195366705,3769.67,1105000.0
2020-08-11,1.1163322002213376,3770.22,1082000.0
2020-08-12,0.6266806543559487,3749.3,1091000.0
2020-08-13,3.636764417087479,3755.61,1125000.0
2020-08-14,1.2992820282485815,3767.05,1120000.0
2020-08-15,1.7002377428534146,3783.15,1120000.0
2020-08-16,0.0982265378326265,3783.15,1120000.0
2020-08-17,2.340342463527248,3783.15,1128000.0
2020-08-18,3.193799238348068,3783.15,1153000.0
2020-08-19,0.7150398499075876,3784.15,1130000.0
2020-08-20,0.0843881906620056,3766.73,1141000.0
2020-08-21,1.298991657452344,3792.13,1158000.0
2020-08-22,0.1077101662365514,3827.27,1158000.0
2020-08-23,0.6037726501179205,3827.27,1158000.0
2020-08-24,0.8363008063477586,3827.27,1167000.0
2020-08-25,2.4236142113548897,3843.69,1192000.0
2020-08-26,0.3252035386377343,3867.32,1176000.0
2020-08-27,0.1220752949159428,3846.64,1170000.0
2020-08-28,3.3196409533206706,3820.17,1180000.0
2020-08-29,1.5519376679876329,3760.38,1180000.0
2020-08-30,0.0364400364405488,3760.38,1180000.0
2020-08-31,0.513684903029952,3760.38,1200000.0
2020-09-01,1.6049255453279232,3745.41,1197000.0
2020-09-02,0.3037208105449671,3683.28,1188000.0
2020-09-03,0.0760167273397525,3653.7,1198000.0
2020-09-04,2.402517958699005,3653.23,1225000.0
2020-09-05,1.7582809300030866,3702.62,1225000.0
2020-09-06,0.3250724220450234,3702.62,1225000.0
2020-09-07,1.0753899988156652,3702.62,1225000.0
2020-09-08,2.50275949681977,3702.62,1217000.0
2020-09-09,2.4005725057660103,3757.21,1184000.0
2020-09-10,2.174413344160351,3717.25,1204000.0
2020-09-11,0.6394605201746353,3700.28,1208000.0
2020-09-12,1.9507809761442367,3709.0,1208000.0
2020-09-13,3.100508352219829,3709.0,1208000.0
2020-09-14,2.581842490976357,3709.0,1132000.0
2020-09-15,1.0986885697124038,3697.0,1125000.0
2020-09-16,1.3594442110314993,3683.49,1105000.0
2020-09-17,2.0532881423863465,3703.86,1100000.0
2020-09-18,3.8848216916265694,3714.65,1070000.0
2020-09-19,1.6537165313746631,3725.37,1070000.0
2020-09-20,0.2283661936803517,3725.37,1070000.0
2020-09-21,0.0068868384986555,3725.37,1075000.0
2020-09-22,1.2126804798035775,3790.54,1075000.0
2020-09-23,0.1356545539251232,3813.3,1070000.0
2020-09-24,0.5865119452398058,3863.6,1078000.0
2020-09-25,2.2242909888346616,3873.8,1115000.0
2020-09-26,0.0407471177466863,3867.81,1115000.0
2020-09-27,1.8170663078358045,3867.81,1115000.0
2020-09-28,1.897920107367025,3867.81,1080000.0
2020-09-29,9.128251527171026e-06,3859.9,1083000.0
2020-09-30,1.2698583337127345,3878.94,1077000.0
2020-10-01,3.578363434291121,3865.47,1051000.0
2020-10-02,1.7593046354937074,3842.34,1074000.0
2020-10-03,0.7865107578291946,3881.8,1074000.0
2020-10-04,1.1734960621435058,3881.8,1074000.0
2020-10-05,1.23229597107841,3881.8,1048000.0
2020-10-06,0.4188975173670387,3843.75,1053000.0
2020-10-07,1.7952150703543095,3826.77,1071000.0
2020-10-08,0.5913139813040367,3837.79,1075000.0
2020-10-09,1.1722406551586042,3839.73,1082000.0
2020-10-10,0.3835601446697049,3824.25,1082000.0
2020-10-11,1.3117183888135422,3824.25,1082000.0
2020-10-12,0.4797052547756029,3824.25,1064000.0
2020-10-13,0.8665960732681199,3824.25,1080000.0
2020-10-14,0.4551669214719075,3856.32,1070000.0
2020-10-15,0.0912825257359577,3843.59,1073000.0
2020-10-16,2.0761991448429127,3854.47,1055000.0
2020-10-17,1.0838029795529842,3846.48,1055000.0
2020-10-18,0.0264663906676429,3846.48,1055000.0
2020-10-19,0.0678510908581406,3846.48,1046000.0
2020-10-20,1.0903165608439855,3842.76,1032000.0
2020-10-21,0.7175347695270455,3830.79,1010000.0
2020-10-22,2.4188990600726745,3784.51,1033000.0
2020-10-23,1.036278703554666,3776.73,1025000.0
2020-10-24,0.6799773726328711,3782.66,1025000.0
2020-10-25,0.5998398622521253,3782.66,1025000.0
2020-10-26,1.0695448749005985,3782.66,1039000.0
2020-10-27,0.2808990611054952,3812.82,1039000.0
2020-10-28,1.840108537089129,3810.23,1030000.0
2020-10-29,0.3816798526700853,3841.46,1035000.0
2020-10-30,0.1913876182284053,3849.53,1035000.0
2020-10-31,0.7859499009242498,3858.56,1035000.0
2020-11-01,0.7889041013650951,3858.56,1035000.0
2020-11-02,0.030421759541966,3858.56,1023000.0
2020-11-03,0.6303051170487282,3858.56,1013000.0
2020-11-04,0.4359415961916282,3823.45,1010000.0
2020-11-05,2.823829648467227,3807.13,1015000.0
2020-11-06,0.9394150814106452,3763.82,1015000.0
2020-11-07,0.027110468190713,3738.19,1015000.0
2020-11-08,0.0776665865669314,3738.19,1015000.0
2020-11-09,0.0429892579495941,3738.19,997000.0
2020-11-10,0.4202667871496199,3646.15,996000.0
2020-11-11,1.6636243202372292,3650.5,1012000.0
2020-11-12,0.9124150889609192,3650.5,1025000.0
2020-11-13,0.7750209752934694,3646.22,1020000.0
2020-11-14,1.324186832762031,3639.95,1020000.0
2020-11-15,2.636155283206452,3639.95,1020000.0
2020-11-16,1.7326133542063953,3639.95,1069000.0
2020-11-17,0.4744455740362649,3639.95,1075000.0
2020-11-18,3.0093391873213826,3635.19,1100000.0
2020-11-19,0.7487555780016064,3647.73,1105000.0
2020-11-20,4.362326210919261,3647.1,1058000.0
2020-11-21,1.91517309451818,3649.9,1058000.0
2020-11-22,0.644617794143361,3649.9,1058000.0
2020-11-23,0.3573069440475507,3649.9,1054000.0
2020-11-24,1.1423674319029344,3632.92,1045000.0
2020-11-25,1.1860450914747842,3643.24,1049000.0
2020-11-26,2.97809586888492,3620.39,1049000.0
2020-11-27,3.120321831033816,3620.39,1100000.0
2020-11-28,1.964289045451832,3611.44,1100000.0
2020-11-29,0.0073215931374394,3611.44,1100000.0
2020-11-30,2.78205464131397,3611.44,1090000.0
2020-12-01,4.273973942603764,3591.84,1040000.0
2020-12-02,1.032267230741874,3558.57,1037000.0
2020-12-03,0.6823054188504716,3533.21,1027000.0
2020-12-04,1.974313055360886,3481.44,1010000.0
2020-12-05,0.7374513500124452,3467.49,1010000.0
2020-12-06,0.8048603796258484,3467.49,1010000.0
2020-12-07,1.3101418114291377,3467.49,1029000.0
2020-12-08,0.1281777573483601,3487.65,1030000.0
2020-12-09,1.8966085748961603,3487.65,1010000.0
2020-12-10,3.1272627656704515,3465.76,1022000.0
2020-12-11,0.4628663849840002,3448.89,1030000.0
2020-12-12,1.0585802578357169,3433.45,1030000.0
2020-12-13,1.7906685375964584,3433.45,1030000.0
2020-12-14,0.8189968119042876,3433.45,1060000.0
2020-12-15,0.3648899244211221,3426.97,1047000.0
2020-12-16,1.571670410122981,3422.44,1061000.0
2020-12-17,7.99680096363875e-06,3416.21,1059000.0
2020-12-18,1.0854377925185816,3410.82,1052000.0
2020-12-19,0.2713064319186639,3420.26,1052000.0
2020-12-20,0.3941925329579669,3420.26,1052000.0
2020-12-21,0.3609858107830235,3420.26,1048000.0
2020-12-22,0.0804829017287039,3442.41,1058000.0
2020-12-23,0.281407220881105,3444.9,1071000.0
2020-12-24,1.1177761090429714,3482.51,1086000.0
2020-12-25,0.225729459972935,3493.77,1086000.0
2020-12-26,1.2276991596925624,3493.77,1086000.0
2020-12-27,1.032187374147404,3493.77,1086000.0
2020-12-28,0.3997000114875456,3493.77,1063000.0
2020-12-29,1.648286496826824,3495.39,1070000.0
2020-12-30,7.974481337929537e-06,3482.1,1053000.0
2020-12-31,2.2472855852058577,3432.5,1073000.0
2021-01-01,1.036149251833146,3432.5,1073000.0
2021-01-02,0.5862810293291678,3432.5,1073000.0
2021-01-03,1.2274537163828605,3432.5,1073000.0
2021-01-04,0.8733954025023426,3432.5,1066000.0
2021-01-05,0.8358257614201359,3420.78,1058000.0
2021-01-06,3.4149659852118366,3450.74,1020000.0
2021-01-07,0.1652892938299594,3428.04,1043000.0
2021-01-08,2.124262883939581,3459.39,1055000.0
2021-01-09,0.4912127947270844,3478.11,1055000.0
2021-01-10,0.9674038884658388,3478.11,1055000.0
2021-01-11,1.3594713012873068,3478.11,1039000.0
2021-01-12,0.0411776822783592,3478.11,1042000.0
2021-01-13,3.1220861339576143,3487.65,1070000.0
2021-01-14,1.6627461460491832,3478.36,1075000.0
2021-01-15,0.6262251384614294,3469.76,1085000.0
2021-01-16,0.5570959860640303,3466.8,1085000.0
2021-01-17,0.3167389165471437,3466.8,1085000.0
2021-01-18,0.3126510489137863,3466.8,1085000.0
2021-01-19,1.3445799478925478,3466.8,1088000.0
2021-01-20,1.5455033202130486,3482.03,1067000.0
2021-01-21,0.9934514449976062,3476.19,1080000.0
2021-01-22,1.916226297816419,3477.48,1078000.0
2021-01-23,1.4038011029026043,3525.25,1078000.0
2021-01-24,0.0048358151145005,3525.25,1078000.0
2021-01-25,0.75197556628705,3525.25,1092000.0
2021-01-26,1.009090298196272,3582.41,1110000.0
2021-01-27,0.800004266707637,3591.48,1115000.0
2021-01-28,1.20241929668017,3636.91,1091000.0
2021-01-29,0.8503796942835252,3585.44,1085000.0
2021-01-30,0.7930235766740932,3559.46,1085000.0
2021-01-31,1.2083048523913535,3559.46,1085000.0
2021-02-01,0.0681228348553591,3559.46,1104000.0
2021-02-02,1.5678713133014912,3561.37,1076000.0
2021-02-03,0.4447147009912066,3534.99,1082000.0
2021-02-04,0.080645165661051,3522.57,1090000.0
2021-02-05,0.3621005766952362,3558.63,1095000.0
2021-02-06,0.2227437818736067,3543.28,1095000.0
2021-02-07,0.1159314414097698,3543.28,1095000.0
2021-02-08,0.4286147098839108,3543.28,1098000.0
2021-02-09,0.9309923548359876,3554.65,1091000.0
2021-02-10,1.516111810315513,3583.23,1072000.0
2021-02-11,0.0825423076167643,3557.16,1062000.0
2021-02-12,0.0412626372679301,3525.45,1053000.0
2021-02-13,0.2246278817870075,3515.65,1053000.0
2021-02-14,0.6249443265192054,3515.65,1053000.0
2021-02-15,0.8511285777471033,3515.65,1053000.0
2021-02-16,0.9063715126345606,3515.65,1088000.0
2021-02-17,1.079794534678813,3518.19,1096000.0
2021-02-18,1.500225531448775,3545.84,1120000.0
2021-02-19,0.0784006312208645,3537.86,1128000.0
2021-02-20,0.3171663847027518,3555.4,1128000.0
2021-02-21,1.4898220961723396,3555.4,1128000.0
2021-02-22,2.754062644330132,3555.4,1180000.0
2021-02-23,2.5158559636154934,3602.41,1205000.0
2021-02-24,0.8807396381747277,3590.37,1188000.0
2021-02-25,2.5833708795378483,3578.29,1092000.0
2021-02-26,1.702631241363118,3588.23,1218000.0
2021-02-27,1.1664903233595554,3624.39,1218000.0
2021-02-28,0.128357249632123,3624.39,1218000.0
2021-03-01,0.2118832026957116,3624.39,1195000.0
2021-03-02,1.453351461616802,3622.36,1190000.0
2021-03-03,1.551005179340594,3646.61,1191000.0
2021-03-04,2.119131505702192,3676.94,1175000.0
2021-03-05,0.272214828798463,3647.99,1147000.0
2021-03-06,0.4246814181820856,3640.2,1147000.0
2021-03-07,0.0203514003958032,3640.2,1147000.0
2021-03-08,0.1715913557085326,3640.2,1140000.0
2021-03-09,0.1163016219481259,3623.61,1145000.0
2021-03-10,0.3484998686896385,3598.77,1137000.0
2021-03-11,1.876371343636888,3561.91,1150000.0
2021-03-12,0.4919593649671585,3534.62,1160000.0
2021-03-13,0.6430167466759421,3575.3,1160000.0
2021-03-14,0.6246943202233841,3575.3,1160000.0
2021-03-15,0.5098446126804762,3575.3,1150000.0
2021-03-16,1.7719596518238103,3575.63,1168000.0
2021-03-17,0.7125475488305716,3553.51,1167000.0
2021-03-18,4.976919049306535,3578.02,1134000.0
2021-03-19,0.7544208900325737,3569.45,1132000.0
2021-03-20,1.7532585953061277,3553.34,1132000.0
2021-03-21,1.7585238860130774,3553.34,1132000.0
2021-03-22,0.1278287892836164,3553.34,1140000.0
2021-03-23,1.9403014607770128,3553.34,1142000.0
2021-03-24,0.8658062743114542,3589.82,1143000.0
2021-03-25,0.0790201542500882,3635.12,1153000.0
2021-03-26,1.489639462519874,3658.22,1178000.0
2021-03-27,1.291579986695489,3665.41,1178000.0
2021-03-28,0.0718153720209743,3665.41,1178000.0
2021-03-29,2.3545840715846524,3665.41,1178000.0
2021-03-30,3.565368626406208,3705.85,1150000.0
2021-03-31,0.7314132565920994,3736.91,1138000.0
2021-04-01,1.5504186535965312,3678.62,1126000.0
2021-04-02,2.094020224151404,3678.62,1126000.0
2021-04-03,1.0612796265319198,3678.62,1126000.0
2021-04-04,0.6399118847695404,3678.62,1126000.0
2021-04-05,2.925729124373015,3678.62,1136000.0
2021-04-06,3.81649049286318,3645.79,1160000.0
2021-04-07,0.0788643573998235,3645.14,1168000.0
2021-04-08,0.8641059265902948,3639.62,1169000.0
2021-04-09,0.4704046306563473,3634.07,1175000.0
2021-04-10,0.4630515248437872,3650.23,1175000.0
2021-04-11,0.2125098170900305,3650.23,1175000.0
2021-04-12,0.9162970549593976,3650.23,1185000.0
2021-04-13,1.5107782991972114,3653.57,1200000.0
2021-04-14,1.5640219633619057,3666.17,1215000.0
2021-04-15,0.4531729809882099,3665.49,1205000.0
2021-04-16,2.711642179631215,3620.4,1178000.0
2021-04-17,1.6637748310163425,3595.57,1178000.0
2021-04-18,0.3501480278495216,3595.57,1178000.0
2021-04-19,1.8541686598576157,3595.57,1192000.0
2021-04-20,1.9825277609321168,3606.42,1220000.0
2021-04-21,0.188928830049276,3636.26,1209000.0
2021-04-22,1.5760176111606132,3639.12,1233000.0
2021-04-23,1.8809331957496076,3630.81,1250000.0
2021-04-24,1.1732686248288338,3640.07,1250000.0
2021-04-25,0.9446415466424812,3640.07,1250000.0
2021-04-26,1.400040540646035,3640.07,1310000.0
2021-04-27,1.817596350108256,3659.62,1340000.0
2021-04-28,0.0346440329118824,3717.46,1332000.0
2021-04-29,2.030171231735279,3699.74,1317000.0
2021-04-30,1.0307537501009962,3712.89,1319000.0
2021-05-01,0.0847657150166819,3740.14,1319000.0
2021-05-02,0.0130308294724553,3740.14,1319000.0
2021-05-03,0.7633497890027204,3740.14,1330000.0
2021-05-04,0.1080497133754178,3816.65,1340000.0
2021-05-05,6.6830708482456185,3831.35,1422000.0
2021-05-06,3.3115608784497605,3846.28,1440000.0
2021-05-07,0.7848307126135698,3800.33,1409000.0
2021-05-08,1.5920883608280418,3765.33,1409000.0
2021-05-09,1.231224404262876,3765.33,1409000.0
2021-05-10,0.3113220083834817,3765.33,1355000.0
2021-05-11,0.2030457550382143,3714.94,1372000.0
2021-05-12,1.4643544486152449,3703.2,1360000.0
2021-05-13,0.0686341825158139,3734.09,1350000.0
2021-05-14,0.965857801723472,3728.09,1328000.0
2021-05-15,1.630195862342295,3682.84,1328000.0
2021-05-16,0.4684310387270091,3682.84,1328000.0
2021-05-17,2.6172106043058583,3682.84,1334000.0
2021-05-18,4.58301225409552,3682.84,1378000.0
2021-05-19,0.5615142561582331,3655.74,1374000.0
2021-05-20,6.624709955769793e-06,3682.66,1387000.0
2021-05-21,0.5646917513431539,3721.57,1390000.0
2021-05-22,0.5075315886839461,3738.19,1390000.0
2021-05-23,0.1886283823897944,3738.19,1390000.0
2021-05-24,0.0393832983219712,3738.19,1378000.0
2021-05-25,1.001677824347121,3750.66,1391000.0
2021-05-26,3.396799465102219,3735.41,1432000.0
2021-05-27,0.2250443000896182,3747.48,1422000.0
2021-05-28,4.40738627097985,3729.02,1470000.0
2021-05-29,2.29069788100424,3715.28,1470000.0
2021-05-30,0.6083865909179648,3715.28,1470000.0
2021-05-31,1.654822952000131,3715.28,1470000.0
2021-06-01,0.8314506152508406,3715.28,1443000.0
2021-06-02,0.0620732484238898,3671.38,1440000.0
2021-06-03,2.2275430837668173,3642.29,1417000.0
2021-06-04,2.537332674766331,3657.41,1425000.0
2021-06-05,1.461053758057067,3609.2,1425000.0
2021-06-06,0.7018743532045301,3609.2,1425000.0
2021-06-07,1.6914422164800305,3609.2,1415000.0
2021-06-08,1.5416382086174614,3609.2,1392000.0
2021-06-09,0.3175613973886551,3597.18,1390000.0
2021-06-10,0.9496747537257209,3588.41,1405000.0
2021-06-11,0.7907679985329737,3589.86,1415000.0
2021-06-12,0.4450817668010047,3626.02,1415000.0
2021-06-13,0.2981277651573857,3626.02,1415000.0
2021-06-14,1.4074109901379668,3626.02,1390000.0
2021-06-15,1.899827858063752,3626.02,1387000.0
2021-06-16,1.411942681482794,3693.35,1396000.0
2021-06-17,2.509210548430343,3690.56,1390000.0
2021-06-18,0.2337620032594893,3730.45,1408000.0
2021-06-19,1.2315247303271313,3753.77,1408000.0
2021-06-20,0.70705947756137,3753.77,1408000.0
2021-06-21,0.317374175571901,3753.77,1420000.0
2021-06-22,0.7246408520767198,3758.08,1415000.0
2021-06-23,1.248373636783343,3784.45,1430000.0
2021-06-24,0.4909190026238408,3773.11,1420000.0
2021-06-25,3.1328252328003883,3770.35,1445000.0
2021-06-26,2.7856569814459786,3739.03,1445000.0
2021-06-27,1.0326616871980192,3739.03,1445000.0
2021-06-28,0.6881726682790604,3739.03,1465000.0
2021-06-29,1.584130036323264,3713.17,1470000.0
2021-06-30,0.2194014357621272,3756.67,1460000.0
2021-07-01,2.124703361380837,3748.5,1445000.0
2021-07-02,2.236359608685832,3775.53,1402000.0
2021-07-03,1.7353582023040677,3777.17,1402000.0
2021-07-04,1.1764121410481654,3777.17,1402000.0
2021-07-05,0.4918386514769173,3777.17,1402000.0
2021-07-06,0.308004850236699,3777.17,1380000.0
2021-07-07,1.2430867278804527,3782.27,1415000.0
2021-07-08,1.524217712781499,3815.22,1437000.0
2021-07-09,0.494479332906342,3850.46,1430000.0
2021-07-10,0.6361824906016906,3829.46,1430000.0
2021-07-11,1.202709417414856,3829.46,1430000.0
2021-07-12,0.1675438106425117,3829.46,1446000.0
2021-07-13,1.14399025028037,3824.08,1434000.0
2021-07-14,2.819827084964401,3826.85,1457000.0
2021-07-15,0.2872189624095807,3796.07,1470000.0
2021-07-16,2.7037170333540987,3809.07,1513000.0
2021-07-17,1.2985849253246993,3808.46,1513000.0
2021-07-18,3.163672434394824,3808.46,1513000.0
2021-07-19,0.7013464338255436,3808.46,1483000.0
2021-07-20,6.484040793231667,3842.97,1565000.0
2021-07-21,6.060686629224696,3842.97,1645000.0
2021-07-22,9.556841092260946,3855.68,1790000.0
2021-07-23,2.430539090111886,3866.86,1760000.0
2021-07-24,1.5647138739562008,3874.44,1760000.0
2021-07-25,5.38828340542635,3874.44,1760000.0
2021-07-26,2.5299090811659286,3874.44,1905000.0
2021-07-27,2.9546771515068926,3904.17,1870000.0
2021-07-28,0.6464468061542319,3918.49,1830000.0
2021-07-29,1.9902407779199944,3902.18,1786000.0
2021-07-30,9.020871063722398,3836.95,1685000.0
2021-07-31,5.426121227210468,3867.88,1685000.0
2021-08-01,0.2345874202884716,3867.88,1685000.0
2021-08-02,1.8288222172852728,3867.88,1638000.0
2021-08-03,1.1793607139429496,3865.46,1663000.0
2021-08-04,0.456491520245129,3913.59,1667000.0
2021-08-05,0.7091222453903453,3911.36,1683000.0
2021-08-06,0.5100606127587797,3910.81,1698000.0
2021-08-07,0.1219970338523831,3949.33,1698000.0
2021-08-08,0.6885402160968336,3949.33,1698000.0
2021-08-09,1.3189777117695372,3949.33,1740000.0
2021-08-10,1.466748309850386,3988.27,1748000.0
2021-08-11,1.0113520670485627,3979.8,1752000.0
2021-08-12,1.4579091919885994,3950.43,1735000.0
2021-08-13,2.058020103727908,3887.07,1697000.0
2021-08-14,0.3445288491617849,3830.25,1697000.0
2021-08-15,0.9826077340974372,3830.25,1697000.0
2021-08-16,0.3921435239214634,3830.25,1700000.0
2021-08-17,2.34720150279951,3830.25,1684000.0
2021-08-18,0.4182356577478573,3868.41,1678000.0
2021-08-19,0.8382278752804388,3861.33,1674000.0
2021-08-20,0.0280544257696464,3876.08,1675000.0
2021-08-21,0.0595928953286461,3874.95,1675000.0
2021-08-22,0.0275064476078183,3874.95,1675000.0
2021-08-23,0.9812839707842652,3874.95,1683000.0
2021-08-24,1.8445120320619828,3867.73,1708000.0
2021-08-25,0.4083304979370781,3861.88,1712000.0
2021-08-26,0.8655720798058845,3865.04,1726000.0
2021-08-27,2.0525843899392004,3870.57,1742000.0
2021-08-28,2.5153241738553724,3834.13,1742000.0
2021-08-29,1.769919174869165,3834.13,1742000.0
2021-08-30,0.2009331010345153,3834.13,1797000.0
2021-08-31,2.021304585285927,3806.87,1740000.0
2021-09-01,0.1293159368104388,3774.0,1734000.0
2021-09-02,0.6751518764763362,3753.3,1735000.0
2021-09-03,0.7059775693784941,3780.85,1725000.0
2021-09-04,0.1932381985206049,3790.04,1725000.0
2021-09-05,0.6443754688006476,3790.04,1725000.0
2021-09-06,0.3482386055461303,3790.04,1729000.0
2021-09-07,0.6885341427842387,3790.04,1733000.0
2021-09-08,1.97765179764566,3812.76,1703000.0
2021-09-09,1.4755465565919323,3816.14,1697000.0
2021-09-10,0.3237995273775347,3829.72,1698000.0
2021-09-11,0.4051416673936895,3836.85,1698000.0
2021-09-12,0.1655415324619122,3836.85,1698000.0
2021-09-13,0.9153697021264532,3836.85,1687000.0
2021-09-14,0.7349971838732549,3835.27,1678000.0
2021-09-15,2.1622464013165708,3830.83,1686000.0
2021-09-16,0.4268949919576014,3825.36,1694000.0
2021-09-17,0.266595732411972,3818.16,1685000.0
2021-09-18,0.6499622502902311,3828.18,1685000.0
2021-09-19,0.8160752498056991,3828.18,1685000.0
2021-09-20,0.5836566954458597,3828.18,1660000.0
2021-09-21,0.0817772977290011,3851.22,1665000.0
2021-09-22,0.814779086530592,3843.77,1675000.0
2021-09-23,3.0632305837460736,3834.66,1720000.0
2021-09-24,1.9483666078130344,3835.67,1750000.0
2021-09-25,0.4239299310693918,3844.88,1750000.0
2021-09-26,0.9470497908032376,3844.88,1750000.0
2021-09-27,1.0101545881255398,3844.88,1748000.0
2021-09-28,2.524034565031103,3837.91,1783000.0
2021-09-29,2.653216859187823,3841.94,1745000.0
2021-09-30,0.3097576044134184,3834.68,1735000.0
2021-10-01,5.050690278848659,3812.77,1805000.0
2021-10-02,2.6167655976445903,3781.35,1805000.0
2021-10-03,0.8279579310831557,3781.35,1805000.0
2021-10-04,3.618730143527562,3781.35,1776000.0
2021-10-05,4.309143406849934,3786.05,1705000.0
2021-10-06,0.8044678132867645,3796.3,1720000.0
2021-10-07,2.274277146199811,3788.03,1750000.0
2021-10-08,1.7282834688943065,3772.44,1773000.0
2021-10-09,0.3865269996295724,3765.8,1773000.0
2021-10-10,0.5180836226614973,3765.8,1773000.0
2021-10-11,2.3346152665559807,3765.8,1795000.0
2021-10-12,4.265140947110719,3765.8,1840000.0
2021-10-13,2.133793617365769,3738.48,1817000.0
2021-10-14,0.2871502332023162,3725.75,1834000.0
2021-10-15,2.8355225755125124,3755.29,1785000.0
2021-10-16,1.9725367657717612,3772.49,1785000.0
2021-10-17,0.0018049277663551,3772.49,1785000.0
2021-10-18,1.0854469518135177,3772.49,1770000.0
2021-10-19,1.3059197542898833,3772.49,1795000.0
2021-10-20,0.6344579603775157,3766.94,1805000.0
2021-10-21,1.1006592709586478,3770.58,1794000.0
2021-10-22,1.7115635476968505,3783.3,1765000.0
2021-10-23,1.1953429600440924,3780.38,1765000.0
2021-10-24,0.1858146268608063,3780.38,1765000.0
2021-10-25,2.351496782319992,3780.38,1785000.0
2021-10-26,2.703196375088915,3769.98,1830000.0
2021-10-27,3.29740461021256,3774.46,1775000.0
2021-10-28,0.6977352004635783,3761.21,1773000.0
2021-10-29,1.980753047074009,3766.1,1795000.0
2021-10-30,1.6072043035295325,3784.44,1795000.0
2021-10-31,0.7312473056545415,3784.44,1795000.0
2021-11-01,0.0361567772253144,3784.44,1835000.0
2021-11-02,0.3119378654204622,3784.44,1846000.0
2021-11-03,0.5990194023003815,3778.69,1873000.0
2021-11-04,0.3350086885282085,3837.84,1888000.0
2021-11-05,2.450686761768415,3847.4,1845000.0
2021-11-06,2.544805597087267,3881.76,1845000.0
2021-11-07,1.0565431292395673,3881.76,1845000.0
2021-11-08,1.6667645823510813,3881.76,1815000.0
2021-11-09,3.08247805245134,3874.41,1860000.0
2021-11-10,0.9270620189527352,3876.86,1847000.0
2021-11-11,3.326409364051261,3875.38,1900000.0
2021-11-12,4.0878891905835495,3875.38,1972000.0
2021-11-13,2.196230375748832,3888.53,1972000.0
2021-11-14,0.3535339642461149,3888.53,1972000.0
2021-11-15,1.1710556439595514,3888.53,1997000.0
2021-11-16,0.314748461280731,3888.53,1998000.0
2021-11-17,4.64176583464527,3898.84,2093000.0
2021-11-18,1.5816600981459594,3907.95,2052000.0
2021-11-19,1.882153992428,3943.43,2080000.0
2021-11-20,0.2412153997350226,3923.53,2080000.0
2021-11-21,1.6209560056319332,3923.53,2080000.0
2021-11-22,1.022825037929376,3923.53,2070000.0
2021-11-23,4.727615933821697,3913.26,2168000.0
2021-11-24,1.5342430435266623,3944.37,2205000.0
2021-11-25,0.1289080392787541,3969.49,2203500.0
2021-11-26,0.8707942577643106,3969.49,2202000.0
2021-11-27,1.4665516260320666,4008.13,2202000.0
2021-11-28,1.5899987337464545,4008.13,2202000.0
2021-11-29,1.1307894386381163,4008.13,2136000.0
2021-11-30,0.2569044444441959,4010.98,2110000.0
2021-12-01,0.4064611436163735,4004.54,2102000.0
2021-12-02,1.3781623831513896,3953.26,2113000.0
2021-12-03,2.7416047338025846,3945.18,2183000.0
2021-12-04,2.474026410727435,3948.33,2183000.0
2021-12-05,1.1090935672915805,3948.33,2183000.0
2021-12-06,1.0943724080535997,3948.33,2218000.0
2021-12-07,2.550229281093612,3944.0,2153000.0
2021-12-08,0.3478976188745228,3906.1,2160000.0
2021-12-09,1.814108707065004,3906.1,2123000.0
2021-12-10,3.234612403172373,3899.87,2061000.0
2021-12-11,0.7533816504862287,3887.71,2061000.0
2021-12-12,1.1930707019291074,3887.71,2061000.0
2021-12-13,1.2646555697263564,3887.71,2090000.0
2021-12-14,0.1899335803652537,3886.87,2155000.0
2021-12-15,0.105362985197695,3936.41,2153000.0
2021-12-16,0.1897333761970441,3990.27,2160000.0
2021-12-17,0.4441161999967936,4002.97,2118000.0
2021-12-18,1.8424589863055916,3999.85,2118000.0
2021-12-19,2.2541983013831657,3999.85,2118000.0
2021-12-20,0.9011239888200528,3999.85,2048000.0
2021-12-21,1.7011345826536537,4002.12,2080000.0
2021-12-22,2.2954667473039225,3996.28,2122000.0
2021-12-23,1.0113050149894764,3997.71,2103000.0
2021-12-24,0.9613751227184242,3997.09,2098000.0
2021-12-25,0.2242233489397982,3994.15,2098000.0
2021-12-26,0.0822791437550442,3994.15,2098000.0
2021-12-27,0.5434103100129577,3994.15,2069000.0
2021-12-28,0.6406737920056327,3989.41,2061000.0
2021-12-29,1.4521707334617195,4004.0,2104000.0
2021-12-30,0.0218459858869961,4023.68,2120000.0
2021-12-31,1.2089387815726966,3981.16,2097000.0
2022-01-01,1.8342635816655195,3981.16,2097000.0
2022-01-02,1.0148061216558757,3981.16,2097000.0
2022-01-03,1.6029476595401986,3981.16,2074000.0
2022-01-04,3.7143088749797535,4082.75,2149000.0
2022-01-05,4.314994510427406e-06,4084.11,2120000.0
2022-01-06,0.0215773007634084,4042.36,2125000.0
2022-01-07,2.8716213305902927,4039.31,2189000.0
2022-01-08,0.7130288836151006,4043.46,2189000.0
2022-01-09,1.1914870175876449,4043.46,2189000.0
2022-01-10,1.0215171739640796,4043.46,2160000.0
2022-01-11,0.911119768326033,4043.46,2147000.0
2022-01-12,1.5903243728102392,4011.65,2170000.0
2022-01-13,1.6114191941098592,3970.08,2135000.0
2022-01-14,1.1119384470509088,3950.4,2180000.0
2022-01-15,0.4493857983926261,3993.65,2180000.0
2022-01-16,0.65168352343201,3993.65,2180000.0
2022-01-17,0.5593483005756851,3993.65,2188000.0
2022-01-18,0.7407800891804668,3993.65,2196000.0
2022-01-19,2.003992278336036,4033.37,2215000.0
2022-01-20,0.3278019735139351,4003.95,2198000.0
2022-01-21,2.3882351980603187,3980.8,2142000.0
2022-01-22,2.051591973274978,3964.3,2142000.0
2022-01-23,0.826637512212899,3964.3,2142000.0
2022-01-24,0.7755715808772596,3964.3,2113000.0
2022-01-25,2.102657904610637,3977.51,2149000.0
2022-01-26,0.4194637022851828,3987.32,2139000.0
2022-01-27,2.909218864457904,3947.83,2105000.0
2022-01-28,1.6455120726444468,3944.04,2135000.0
2022-01-29,0.8060288206473877,3982.6,2135000.0
2022-01-30,0.6795450039391576,3982.6,2135000.0
2022-01-31,0.466186903468778,3982.6,2123000.0
2022-02-01,0.6782560973914376,3942.73,2125000.0
2022-02-02,0.8832864998508885,3923.61,2150000.0
2022-02-03,2.113192370342764,3928.05,2203000.0
2022-02-04,0.8440605952882387,3951.96,2185000.0
2022-02-05,1.1409524124780053,3962.68,2185000.0
2022-02-06,0.1336804655505439,3962.68,2185000.0
2022-02-07,1.1919027802386306,3962.68,2192000.0
2022-02-08,2.976167479709866,3963.84,2240000.0
2022-02-09,3.706318164500197,3965.41,2307000.0
2022-02-10,1.2267703262558929,3939.31,2275000.0
2022-02-11,1.4008318248265723,3917.75,2255000.0
2022-02-12,1.2992654338349108,3917.52,2255000.0
2022-02-13,0.8567733553882049,3917.52,2255000.0
2022-02-14,0.5133736477294342,3917.52,2233000.0
2022-02-15,1.7221090384227458,3938.97,2272000.0
2022-02-16,0.1586987042058839,3946.88,2290000.0
2022-02-17,0.2977669693924392,3963.72,2260000.0
2022-02-18,1.866212483492205,3953.26,2222000.0
2022-02-19,1.218256652095539,3927.25,2222000.0
2022-02-20,0.078224715356612,3927.25,2222000.0
2022-02-21,0.7356494398357285,3927.25,2227000.0
2022-02-22,1.2069072619621906,3927.25,2232000.0
2022-02-23,0.0603561028281161,3932.4,2228000.0
2022-02-24,3.7918263238092704,3913.79,2160000.0
2022-02-25,0.2920319138431287,3940.2,2160000.0
2022-02-26,0.595074830994138,3910.64,2160000.0
2022-02-27,1.6132408438084178,3910.64,2160000.0
2022-02-28,0.2375157110392321,3910.64,2127000.0
2022-03-01,1.272551637150564,3910.28,2125000.0
2022-03-02,2.9080518323519997,3901.62,2049000.0
2022-03-03,2.771840395208736,3862.95,1960000.0
2022-03-04,4.461298141618061e-06,3771.77,2008000.0
2022-03-05,0.6897899074519006,3806.11,2008000.0
2022-03-06,0.5712963151220559,3806.11,2008000.0
2022-03-07,1.861555056702395,3806.11,1998000.0
2022-03-08,3.721460880334669,3813.41,2045000.0
2022-03-09,1.550084857956242,3787.18,2003000.0
2022-03-10,2.3045022900981955,3746.43,2005000.0
2022-03-11,1.0041365192049627,3786.0,1990000.0
2022-03-12,0.4185009548471795,3827.64,1990000.0
2022-03-13,0.2011532824462266,3827.64,1990000.0
2022-03-14,2.110870302463106,3827.64,1954000.0
2022-03-15,3.403500171257818,3800.85,1912000.0
2022-03-16,2.924320703322764,3836.56,1965000.0
2022-03-17,0.5964688480054197,3826.89,1950000.0
2022-03-18,1.371136654591344,3816.43,1978000.0
2022-03-19,1.6319377849570358,3820.67,1978000.0
2022-03-20,0.8322494842874641,3820.67,1978000.0
2022-03-21,0.0238935599870601,3820.67,2014000.0
2022-03-22,0.3548462361671388,3820.67,1987000.0
2022-03-23,0.111024769925696,3765.67,2001000.0
2022-03-24,1.543132453777983,3756.64,1980000.0
2022-03-25,4.507550046000308e-06,3798.9,1984000.0
2022-03-26,0.7290187894430307,3785.66,1984000.0
2022-03-27,1.4880411820084838,3785.66,1984000.0
2022-03-28,1.1288066672869548,3785.66,1925000.0
2022-03-29,0.5345741957576868,3785.7,1920000.0
2022-03-30,2.8112924429807733,3765.96,1967000.0
2022-03-31,2.0301868504109506,3748.15,2012000.0
2022-04-01,0.8795131452827345,3756.03,2015000.0
2022-04-02,0.3325546632705822,3774.79,2015000.0
2022-04-03,0.2000960296526731,3774.79,2015000.0
2022-04-04,0.4259623123870836,3774.79,2007000.0
2022-04-05,0.303096140243493,3706.95,2032000.0
2022-04-06,1.6125866985217694,3723.79,2010000.0
2022-04-07,0.6391206328323606,3746.51,2008000.0
2022-04-08,2.402911593880521,3771.83,2044000.0
2022-04-09,1.765903978991118,3777.41,2044000.0
2022-04-10,0.5326164652058902,3777.41,2044000.0
2022-04-11,0.1841864760341034,3777.41,2072000.0
2022-04-12,1.276070059021446,3744.16,2060000.0
2022-04-13,3.728765121513025,3736.7,1978000.0
2022-04-14,0.6463858457997627,3737.32,1968000.0
2022-04-15,0.2699262897698012,3737.32,1968000.0
2022-04-16,0.1255230680369861,3737.32,1968000.0
2022-04-17,0.0552003252870385,3737.32,1968000.0
2022-04-18,0.2731874451176945,3737.32,1974000.0
2022-04-19,0.9204240532698996,3731.31,1970000.0
2022-04-20,1.020070048802279,3755.85,1958000.0
2022-04-21,3.865971315609941,3758.65,2033000.0
2022-04-22,0.3513398431844765,3759.54,2070000.0
2022-04-23,1.6832004007432797,3819.07,2070000.0
2022-04-24,1.138589137583749,3819.07,2070000.0
2022-04-25,0.0795521072287003,3819.07,2060000.0
2022-04-26,0.158388991139543,3931.74,2070000.0
2022-04-27,2.504537659039354,3947.63,2030000.0
2022-04-28,0.8862687257845324,3967.32,2063000.0
2022-04-29,2.2493280480075946,3984.77,2090000.0
2022-04-30,0.0688719916703113,3966.27,2090000.0
2022-05-01,1.57592923041472,3966.27,2090000.0
2022-05-02,1.166766198158579,3966.27,2070000.0
2022-05-03,0.7229557424974269,4004.07,2098000.0
2022-05-04,1.2991635718538836,4016.34,2142000.0
2022-05-05,1.6208550257438912,4056.41,2121000.0
2022-05-06,3.180066892892188,4086.08,2050000.0
2022-05-07,0.9266138395121856,4053.93,2050000.0
2022-05-08,0.1855891567469863,4053.93,2050000.0
2022-05-09,1.3476360492514303,4053.93,2030000.0
2022-05-10,1.1222367107788809,4085.76,2005000.0
2022-05-11,7.603377677209096,4086.71,2143000.0
2022-05-12,2.1140493190398124,4080.32,2118000.0
2022-05-13,1.1209832470883534,4109.71,2107000.0
2022-05-14,1.22090841729523,4110.53,2107000.0
2022-05-15,2.191975525117729,4110.53,2107000.0
2022-05-16,2.469824039199831,4110.53,2170000.0
2022-05-17,0.6181035131434449,4070.25,2179000.0
2022-05-18,4.317217186520867,4033.85,2125000.0
2022-05-19,0.5042412700934659,4054.71,2125000.0
2022-05-20,1.3117205681235562,4050.88,2060000.0
2022-05-21,0.5107241248649165,3989.84,2060000.0
2022-05-22,0.4965022101225798,3989.84,2060000.0
2022-05-23,0.0321172890525787,3989.84,2065000.0
2022-05-24,0.978116787350337,3950.35,2047000.0
2022-05-25,1.5788579655568675,3971.28,2055000.0
2022-05-26,4.3058606848303285,3959.05,2123000.0
2022-05-27,1.2498792246936614,3930.89,2155000.0
2022-05-28,0.593642980901695,3912.34,2155000.0
2022-05-29,0.8436468987195708,3912.34,2155000.0
2022-05-30,0.0755504466156561,3912.34,2155000.0
2022-05-31,2.1431629881748133,3912.34,2080000.0
2022-06-01,3.484525039608384,3776.52,2161000.0
2022-06-02,0.5024084254306882,3791.74,2135000.0
2022-06-03,2.486051755655526,3784.98,2110000.0
2022-06-04,0.2477794327191299,3771.63,2110000.0
2022-06-05,1.7015395786091645,3771.63,2110000.0
2022-06-06,0.2424912541891349,3771.63,2150000.0
2022-06-07,2.2994413166999683,3799.5,2105000.0
2022-06-08,0.1293103628460873,3790.88,2114000.0
2022-06-09,1.2004431402956917,3782.65,2162000.0
2022-06-10,2.4809815281905614,3833.34,2165000.0
2022-06-11,2.3719047645861573,3912.51,2165000.0
2022-06-12,0.830715713004566,3912.51,2165000.0
2022-06-13,0.7481025615513786,3912.51,2136000.0
2022-06-14,1.5989681104346904,4016.5,2165000.0
2022-06-15,0.6806481431784932,3979.3,2140000.0
2022-06-16,1.4985620863493154,3923.96,2167000.0
2022-06-17,1.871246941696146,3912.15,2135000.0
2022-06-18,1.5942236611196865,3905.05,2135000.0
2022-06-19,0.0701163803024973,3905.05,2135000.0
2022-06-20,1.2855000953305231,3905.05,2135000.0
2022-06-21,2.422389321111277,3905.05,2240000.0
2022-06-22,1.728043000095591,4026.92,2273000.0
2022-06-23,3.180328197770356,4026.52,2256000.0
2022-06-24,1.0535654960333756,4068.75,2228000.0
2022-06-25,0.2078912446736486,4129.87,2228000.0
2022-06-26,0.2787206389947095,4129.87,2228000.0
2022-06-27,1.9350323750313607,4129.87,2215000.0
2022-06-28,1.9780115167769536,4129.87,2155000.0
2022-06-29,4.709390374246563,4089.72,2255000.0
2022-06-30,0.8072477566242374,4127.47,2289000.0
2022-07-01,0.7196629032039692,4151.21,2270000.0
2022-07-02,0.7785718566588339,4198.77,2270000.0
2022-07-03,0.8194833438460164,4198.77,2270000.0
2022-07-04,0.8438044399460286,4198.77,2270000.0
2022-07-05,0.850985133251942,4198.77,2280000.0
2022-07-06,0.8404365198391831,4259.86,2302000.0
