Fecha,Vol. Futuros,typeLSTM,LSTM,typeRandomForest_x,RandomForest,typeRandomForest_y,RandomForest.1,typeXGBoost,XGBoost,typeELM,ELM
2020-01-01,1.289945776,,,,,,,,,,
2020-01-02,0.735045537,,,,,,,,,,
2020-01-03,0.591834436,,,,,,,,,,
2020-01-04,1.367154258,,,,,,,,,,
2020-01-05,1.505321286,,,,,,,,,,
2020-01-06,0.508128069,,,,,,,train,1.5276543,,
2020-01-07,0.204457237,,,,,,,train,1.6099132,,
2020-01-08,2.691116653,,,,,,,train,1.6099132,train,1.2338625
2020-01-09,1.522228125,,,,,train,1.771430588,train,1.6030552,train,1.554792336
2020-01-10,1.354231445,,,,,train,1.323085842,train,1.7298347,train,1.015316031
2020-01-11,0.46818597,train,1.0312301,,,train,0.65022821,train,1.6099132,train,1.56700408
2020-01-12,1.949314003,train,1.0353417,,,train,1.421350351,train,1.6099132,train,1.241474227
2020-01-13,1.351682812,train,1.0052357,,,train,1.242093677,train,1.6099132,train,1.647290082
2020-01-14,0.305077596,train,1.0227733,,,train,0.539776329,train,1.5276543,train,1.370758996
2020-01-15,0.523561405,train,1.0641137,,,train,0.722494293,train,1.6099132,train,1.336113261
2020-01-16,1.188132789,train,1.075822,train,1.116610136,train,1.142926536,train,1.6099132,train,1.241722818
2020-01-17,0.710798195,train,1.0733455,train,0.744022437,train,0.858102013,train,1.5276543,train,1.155815407
2020-01-18,0.29958744,train,1.0775983,train,0.446984525,train,0.477762539,train,1.5276543,train,1.071856917
2020-01-19,0.129908062,train,1.1118834,train,0.435659444,train,0.460015658,train,1.6099132,train,1.19256309
2020-01-20,0.16117545,train,1.0770452,train,0.453703728,train,0.419529675,train,1.5276543,train,1.127817431
2020-01-21,0.39500011,train,1.0931848,train,0.579481923,train,0.614531943,train,1.5276543,train,1.100615649
2020-01-22,0.045034903,train,1.1091411,train,0.486267542,train,0.307100579,train,1.5276543,train,1.169472154
2020-01-23,1.431151439,train,1.1854354,train,1.28559906,train,1.344939627,train,1.5276543,train,0.999892801
2020-01-24,2.199864246,train,1.2143563,train,1.84666612,train,1.807407393,train,1.5276543,train,1.309830648
2020-01-25,1.904046571,train,1.3249611,train,1.67541445,train,1.631978382,train,1.7261105,train,1.261859527
2020-01-26,0.797569047,train,1.3672343,train,1.051617194,train,1.028088696,train,1.6099132,train,1.507922662
2020-01-27,0.574340533,train,1.351415,train,0.893614492,train,0.877068161,train,1.6099132,train,1.419593642
2020-01-28,1.464708444,train,1.3511282,train,1.38386052,train,1.358496912,train,1.6099132,train,1.406911737
2020-01-29,2.897353804,train,1.3009455,train,2.296713214,train,2.346543942,train,1.5276543,train,1.432262314
2020-01-30,0.540409077,train,1.3618687,train,1.250667167,train,0.820556773,train,1.7261105,train,1.641138828
2020-01-31,1.126634498,train,1.2823738,train,1.186035983,train,1.151171404,train,1.7298347,train,1.212587793
2020-02-01,0.949190543,train,1.2125849,train,1.107621552,train,1.182246624,train,1.6099132,train,1.691370146
2020-02-02,2.284121778,train,1.0992323,train,1.753330843,train,1.601083641,train,1.5276543,train,1.620280096
2020-02-03,1.504547071,train,1.0874497,train,1.471933121,train,1.460652761,train,1.6030552,train,1.646727357
2020-02-04,0.255037119,train,1.0685692,train,0.532477408,train,0.623591791,train,1.5276543,train,1.640931072
2020-02-05,0.408372186,train,1.0515676,train,0.807984503,train,0.681609056,train,1.6099132,train,1.566502469
2020-02-06,0.408372186,train,1.0634283,train,0.816921372,train,0.586660406,train,1.6099132,train,1.536504305
2020-02-07,0.203562411,train,1.0530306,train,0.390779005,train,0.348969304,train,1.5276543,train,1.188282976
2020-02-08,0.496451809,train,1.0297632,train,0.574728721,train,0.571988498,train,1.5276543,train,1.28562724
2020-02-09,0.766719331,train,1.1448451,train,0.923805993,train,0.809534375,train,1.5276543,train,1.259234046
2020-02-10,0.700143873,train,1.1424443,train,0.72917142,train,0.727416976,train,1.5276543,train,1.242278392
2020-02-11,0.199203253,train,1.1709062,train,0.632389704,train,0.549604544,train,1.5276543,train,1.220519887
2020-02-12,0.149142459,train,1.2096869,train,0.363110407,train,0.465975134,train,1.5276543,train,1.234137967
2020-02-13,3.705933592,train,1.2542723,train,2.44607924,train,2.548229102,train,1.5276543,train,1.125951564
2020-02-14,4.355640484,train,1.3927482,train,3.301590056,train,3.397948843,train,2.7947228,train,1.915693244
2020-02-15,1.172400937,train,1.5375948,train,1.675056898,train,1.667865793,train,1.7682477,train,1.698277197
2020-02-16,1.224089741,train,1.4570929,train,1.276304189,train,1.498495734,train,1.7298347,train,1.351448755
2020-02-17,1.806611102,train,1.4106855,train,1.681683228,train,1.654687378,train,1.6099132,train,1.713495225
2020-02-18,0.506753524,train,1.384876,train,0.687406018,train,0.710352109,train,1.5276543,train,1.585393289
2020-02-19,0.234356798,train,1.2943591,train,0.549471735,train,0.720270026,train,1.6099132,train,1.177632813
2020-02-20,3.04205967,train,1.3150144,train,2.403113215,train,2.366177736,train,1.6099132,train,1.324964367
2020-02-21,4.943345786,train,1.3365463,train,4.00636459,train,3.2718138,train,2.2098477,train,1.685266867
2020-02-22,1.571832627,train,1.465957,train,2.100229043,train,1.877048208,train,1.7682477,train,1.989762064
2020-02-23,2.246203817,train,1.2554679,train,1.739292136,train,1.954298007,train,1.7298347,train,1.835305735
2020-02-24,2.073182317,train,1.1854556,train,1.971461672,train,1.956442029,train,1.6030552,train,2.158947393
2020-02-25,1.126772485,train,1.1256275,train,1.282867521,train,1.215247823,train,1.6030552,train,1.700392213
2020-02-26,1.850191539,train,0.9819122,train,1.50913408,train,1.373945548,train,1.6099132,train,1.425004701
2020-02-27,0.828352643,train,0.9276415,train,0.989778525,train,1.013745647,train,1.6099132,train,1.867671897
2020-02-28,1.740767732,train,0.7953504,train,1.55947453,train,1.631713426,train,1.5276543,train,1.430408462
2020-02-29,0.406983662,train,0.7944023,train,0.740887991,train,0.64323441,train,1.6099132,train,2.003063585
2020-03-01,0.26398222,train,1.2574595,train,0.581826139,train,0.674195789,train,1.5276543,train,2.152512298
2020-03-02,3.378530675,train,2.5881433,train,2.638828097,train,2.768902019,train,1.6099132,train,2.541200219
2020-03-03,5.431967408,train,4.408139,train,4.344093557,train,4.612968508,train,3.6321654,train,3.11295803
2020-03-04,3.274851843,train,4.7287617,train,3.211200954,train,3.406046613,train,2.5019963,train,3.556063914
2020-03-05,6.433936612,train,4.529985,train,4.821874618,train,5.186806683,train,3.8650627,train,3.419757848
2020-03-06,3.945742756,train,3.9751728,train,3.723751216,train,3.402675595,train,3.1706712,train,3.766979384
2020-03-07,1.709158771,train,3.0174017,train,2.073778796,train,2.202812811,train,1.9101001,train,2.36423537
2020-03-08,0.823316476,train,2.61651,train,1.266775525,train,1.561849414,train,1.7298347,train,2.345121755
2020-03-09,4.008911307,train,2.669015,train,3.071981892,train,2.996888939,train,2.0967171,train,1.991412687
2020-03-10,4.749996838,train,3.2790835,train,3.945702219,train,3.693122493,train,3.1706712,train,2.118364543
2020-03-11,2.39161089,train,2.6823435,train,2.654177557,train,2.420856151,train,2.1816742,train,2.87914632
2020-03-12,2.174983788,train,2.0236511,train,2.332264869,train,2.431895981,train,1.6030552,train,3.119158395
2020-03-13,1.942706796,train,1.818581,train,1.945334297,train,2.148437466,train,2.0097947,train,3.016754495
2020-03-14,1.116197116,train,1.7003335,train,1.319528038,train,1.528786226,train,1.4886572,train,2.703114071
2020-03-15,0.674189282,train,1.6462965,train,1.186367792,train,1.166236374,train,1.4886572,train,2.250486004
2020-03-16,1.196325295,train,1.5758132,train,1.305376844,train,1.575042189,train,1.4886572,train,1.582997391
2020-03-17,0.967125527,train,2.4571877,train,1.261092371,train,1.530748636,train,1.4063983,train,2.004254945
2020-03-18,4.883644011,train,3.6578848,train,3.665987566,train,3.481343281,train,2.7910197,train,4.21112146
2020-03-19,7.658391551,train,4.4943953,train,6.076792308,train,5.715728135,train,4.396331,train,5.138432594
2020-03-20,2.58106141,train,3.3326,train,3.244321294,train,3.490765677,train,2.1587093,train,3.887560953
2020-03-21,0.134163727,train,1.7765846,train,1.004398199,train,0.621861854,train,1.9247769,train,1.71573754
2020-03-22,0.056530998,train,1.1627663,train,0.843160313,train,0.93529419,train,1.5105255,train,1.135850654
2020-03-23,1.208958996,train,1.9036134,train,1.540004102,train,1.664569887,train,1.7128522,train,1.934942412
2020-03-24,3.524772422,train,3.3846703,train,3.147117246,train,2.841389593,train,2.583604,train,2.455919167
2020-03-25,3.404750705,train,3.9875412,train,3.453328739,train,3.547040072,train,2.6342323,train,3.750467802
2020-03-26,4.163995112,train,3.901724,train,3.655886332,train,3.718390143,train,2.6342323,train,4.025401191
2020-03-27,7.321355909,train,4.3448505,train,5.728883134,train,5.358893681,train,4.396331,train,4.335807589
2020-03-28,2.254793139,train,3.163323,train,3.308640587,train,2.899349621,train,2.1006157,train,2.803189003
2020-03-29,2.165905679,train,1.9367824,train,2.083159573,train,2.00809213,train,2.0683568,train,1.520835073
2020-03-30,3.023395282,train,2.3464394,train,2.773516676,train,2.614333185,train,2.3537805,train,2.054056427
2020-03-31,0.20933648,train,2.2358265,train,1.137083373,train,1.069219998,train,1.4817992,train,1.959711073
2020-04-01,3.01445028,train,2.5724318,train,2.742342341,train,2.560906785,train,2.583604,train,1.868357957
2020-04-02,2.847016168,train,3.188494,train,2.698979553,train,2.777572161,train,1.8316116,train,3.230921478
2020-04-03,3.799816793,train,3.506641,train,3.273834492,train,3.14344701,train,2.583604,train,2.820861791
2020-04-04,2.489985335,train,3.0870414,train,2.706184455,train,2.378974139,train,2.2299278,train,1.947521486
2020-04-05,1.045038866,train,2.4072978,train,1.467787428,train,1.372913835,train,1.6259085,train,2.227197883
2020-04-06,2.95652783,train,2.1256971,train,2.550760872,train,2.585423842,train,2.3537805,train,2.175976326
2020-04-07,2.748006357,train,2.3285062,train,2.488333113,train,2.675521535,train,2.3368192,train,2.994298355
2020-04-08,0.083437635,train,1.3163098,train,0.813911717,train,0.781721077,train,1.4334195,train,2.207945501
2020-04-09,1.006719912,train,0.76669174,train,1.392808922,train,1.209451205,train,1.6259085,train,2.33870521
2020-04-10,0.409455311,train,0.634096,train,0.998777465,train,1.231069433,train,1.5818225,train,2.225552263
2020-04-11,1.195154982,train,0.63016,train,1.395717817,train,1.231731191,train,1.4334195,train,1.141666516
2020-04-12,0.628711082,train,0.9268474,train,0.892178178,train,0.958999865,train,1.4063983,train,0.589322156
2020-04-13,1.268346402,train,1.6055667,train,1.459484734,train,1.353136851,train,1.4995636,train,1.122798725
2020-04-14,2.152435915,train,2.6369433,train,2.080773075,train,1.955486359,train,2.0331094,train,1.856425048
2020-04-15,2.527514496,train,2.7505116,train,2.237757976,train,2.110968904,train,2.1805084,train,2.484402039
2020-04-16,1.340053554,train,1.9949585,train,1.675948857,train,1.364638019,train,1.6815445,train,2.403718901
2020-04-17,2.173535384,train,1.4532757,train,1.994300813,train,2.020045758,train,1.5105255,train,1.379531108
2020-04-18,0.363480084,train,1.2219663,train,0.710108823,train,0.58518681,train,1.4817992,train,1.462399592
2020-04-19,0.038814702,train,1.0885142,train,0.576527306,train,0.583008509,train,1.4886572,train,0.761722279
2020-04-20,1.76509286,train,1.4736997,train,1.671062307,train,1.658956234,train,1.6259085,train,1.415900055
2020-04-21,3.583007543,train,2.1523898,train,2.765790731,train,2.88831275,train,2.6313796,train,1.64864467
2020-04-22,0.862661422,train,1.8094646,train,1.244611663,train,1.557226221,train,1.7066841,train,2.30632811
2020-04-23,0.406046125,train,1.6901357,train,0.811494052,train,0.766978167,train,1.4334195,train,1.90487238
2020-04-24,5.411725004,train,1.9444917,train,3.727249857,train,3.758053518,train,2.9276602,train,2.15376064
2020-04-25,3.106590554,train,1.6332408,train,2.693001263,train,2.744805113,train,2.3513649,train,2.037859467
2020-04-26,0.468236166,train,0.8838424,train,0.843311287,train,0.890501154,train,1.4817992,train,1.010054631
2020-04-27,2.066379521,train,1.341199,train,1.894098933,train,2.04126389,train,2.0174527,train,2.337055131
2020-04-28,1.046134125,train,1.639145,train,1.36255648,train,1.584530001,train,1.5203631,train,2.509192607
2020-04-29,1.958505399,train,1.5594016,train,1.835418234,train,1.886410191,train,1.9359448,train,1.840550796
2020-04-30,0.960161001,train,1.2050549,train,1.101208571,train,1.331410175,train,1.6259085,train,2.172902586
2020-05-01,0.191296089,train,0.85603446,train,0.821226946,train,0.670997459,train,1.4995636,train,1.544738396
2020-05-02,0.72565415,train,0.83262056,train,1.033389797,train,0.969078456,train,1.4886572,train,0.793447959
2020-05-03,0.046421713,train,0.83528376,train,0.49132257,train,0.66692889,train,1.4995636,train,0.852454803
2020-05-04,1.726861066,train,1.4915287,train,1.650639522,train,1.386240598,train,1.6259085,train,1.022733292
2020-05-05,3.078601339,train,2.0058012,train,2.718124284,train,2.356289686,train,1.8235615,train,1.709406555
2020-05-06,0.458295944,train,1.9086783,train,0.978733727,train,1.36375307,train,1.4334195,train,2.454993566
2020-05-07,1.752812403,train,1.4358261,train,1.793449886,train,1.615722297,train,1.869155,train,1.887396961
2020-05-08,2.436342064,train,1.8464199,train,2.173546053,train,2.185024912,train,1.9475676,train,3.036293651
2020-05-09,1.604870189,train,1.6703115,train,1.571620627,train,1.533084536,train,1.4817992,train,1.359794393
2020-05-10,0.510150855,train,1.5098922,train,0.847129857,train,0.955245492,train,1.4173602,train,0.681948103
2020-05-11,2.144717568,train,1.82896,train,1.788610728,train,1.745214888,train,1.5818225,train,0.973693006
2020-05-12,3.123069012,train,2.3308814,train,2.517174493,train,2.891441479,train,2.583604,train,2.337472742
2020-05-13,1.960378343,train,1.693255,train,1.827109971,train,1.848816022,train,1.870472,train,1.91586891
2020-05-14,1.295292756,train,0.8990845,train,1.344528868,train,1.515645118,train,1.6259085,train,1.692975408
2020-05-15,0.095374352,train,0.5771083,train,0.70768897,train,0.815817772,train,1.5818225,train,0.970124426
2020-05-16,0.415719524,train,0.7485522,train,0.792020878,train,0.718182976,train,1.4334195,train,1.057236697
2020-05-17,0.175441757,train,0.70007485,train,0.629062111,train,0.660030622,train,1.4886572,train,0.672542066
2020-05-18,1.095389867,train,0.9384692,train,1.131178339,train,1.145256124,train,1.4063983,train,0.295486164
2020-05-19,1.269112216,train,1.4253744,train,1.234610255,train,1.267177213,train,1.4063983,train,0.572535012
2020-05-20,1.316427097,train,1.3946787,train,1.385335473,train,1.526065117,train,1.6259085,train,1.622854167
2020-05-21,0.855518526,train,1.3673304,train,1.109215162,train,1.178702006,train,1.4995636,train,1.848464402
2020-05-22,1.103922898,train,1.4484072,train,1.302468582,train,1.170957164,train,1.5818225,train,1.571229748
2020-05-23,0.142267373,train,1.3947362,train,0.56100981,train,0.370870671,train,1.5818225,train,0.95404086
2020-05-24,1.029622631,train,1.3155254,train,1.202615528,train,1.062404798,train,1.4063983,train,1.225466902
2020-05-25,0.796387494,train,1.1184936,train,1.024243444,train,0.942577303,train,1.4063983,train,1.238971729
2020-05-26,0.530782692,train,1.4738126,train,0.973179464,train,0.639809994,train,1.475222,train,0.945575334
2020-05-27,2.50494793,train,1.4259428,train,1.942332591,train,2.01040156,train,1.4995636,train,1.361505832
2020-05-28,3.373335724,train,1.4401084,train,2.862928267,train,2.845304999,train,1.9247769,train,1.891595773
2020-05-29,2.866112253,train,1.2323146,train,3.073262713,train,2.279940845,train,2.051819,train,1.673503067
2020-05-30,0.239962166,train,1.1161491,train,0.606898283,train,1.061998453,train,1.5749645,train,1.446638505
2020-05-31,1.34196647,train,1.0667645,train,1.191227532,train,1.22630836,train,1.5105255,train,0.490814051
2020-06-01,0.95356653,train,1.2198935,train,0.948073461,train,1.082514834,train,1.4886572,train,1.630305133
2020-06-02,0.101781179,train,0.38161695,train,0.565828956,train,0.699799086,train,1.4063983,train,0.950448501
2020-06-03,0.912322598,train,1.2444515,train,1.202868728,train,1.81819814,train,1.6259085,train,1.261216732
2020-06-04,0.963252061,train,1.0609388,train,1.127738674,train,1.28155534,train,1.4995636,train,1.597522318
2020-06-05,0.761231791,train,0.83504206,train,1.060325783,train,1.223253326,train,1.4063983,train,1.673016971
2020-06-06,0.70966081,train,0.62990093,train,0.834808369,train,0.692450977,train,1.4995636,train,0.176728331
2020-06-07,0.038662507,train,0.5079101,train,0.614143211,train,0.705347398,train,1.4995636,train,0.652537123
2020-06-08,0.670998302,train,0.4323504,train,0.889943365,train,0.682828725,train,1.4995636,train,0.708308712
2020-06-09,1.118466159,train,0.70120364,train,1.180180955,train,1.098043166,train,1.4995636,train,1.180934851
2020-06-10,1.079424513,train,0.71873474,train,1.196999607,train,1.003712857,train,1.4995636,train,1.44818334
2020-06-11,0.778214044,train,0.66281533,train,1.022431214,train,0.996989,train,1.4995636,train,1.69598172
2020-06-12,0.836824967,train,0.71327597,train,0.985914664,train,0.875865712,train,1.4995636,train,1.284038955
2020-06-13,0.348107872,train,0.63480484,train,0.569805586,train,0.58185196,train,1.4995636,train,0.603517883
2020-06-14,0.201016786,train,0.62659544,train,0.493051075,train,0.392162039,train,1.4995636,train,0.619100946
2020-06-15,0.719391294,train,0.43428606,train,0.924354469,train,0.814494574,train,1.4995636,train,1.161612619
2020-06-16,0.373035338,train,0.8856702,train,0.620325129,train,0.467256791,train,1.4995636,train,0.972642101
2020-06-17,2.738454428,train,1.5532105,train,2.157852563,train,1.98352982,train,1.4995636,train,1.305650725
2020-06-18,1.729149711,train,1.6713822,train,1.656432004,train,1.653792869,train,1.5749645,train,2.245153257
2020-06-19,0.902581121,train,1.2335867,train,0.927035805,train,0.928599626,train,1.5105255,train,2.028185096
2020-06-20,0.55221216,train,0.8281835,train,0.698448788,train,0.69915113,train,1.5818225,train,1.638456854
2020-06-21,1.02293537,train,0.7304184,train,0.941070603,train,1.10103546,train,1.5818225,train,1.40657046
2020-06-22,0.74440823,train,0.97680396,train,0.802917391,train,0.886712869,train,1.4063983,train,0.958487941
2020-06-23,0.312175071,train,1.3210199,train,0.581693556,train,0.624006167,train,1.4063983,train,1.319573385
2020-06-24,0.414723249,train,1.390196,train,0.839296178,train,0.727226962,train,1.4995636,train,1.137476725
2020-06-25,1.879950927,train,1.3167595,train,1.56938644,train,1.697563526,train,1.4995636,train,1.190221042
2020-06-26,0.839899951,train,1.167279,train,0.996831603,train,0.916686134,train,1.4995636,train,1.76995354
2020-06-27,1.336858284,train,0.9846068,train,1.137029377,train,1.133428112,train,1.4995636,train,1.31672366
2020-06-28,0.970772876,train,0.7781361,train,0.998990972,train,1.160767553,train,1.6099132,train,1.125466718
2020-06-29,0.780622498,train,0.9161454,train,0.849701831,train,0.863924533,train,1.4995636,train,0.752136065
2020-06-30,1.409182856,train,1.2498825,train,1.271858391,train,1.23804793,train,1.4886572,train,1.351906833
2020-07-01,2.954424631,train,1.793942,train,2.274409755,train,2.320350467,train,2.3871405,train,2.094113352
2020-07-02,0.779351241,train,1.8920105,train,0.909683816,train,1.018176671,train,1.4817992,train,1.950248758
2020-07-03,2.304224713,train,1.5574733,train,1.872335253,train,2.171420547,train,1.5105255,train,1.426068034
2020-07-04,2.207136363,train,1.2461056,train,1.915961601,train,1.791029058,train,1.5749645,train,1.365775941
2020-07-05,1.223489714,train,0.9233217,train,1.271773243,train,1.230694508,train,1.4817992,train,1.766021644
2020-07-06,0.669842444,train,0.6808527,train,0.790016259,train,0.907525525,train,1.4886572,train,1.284134661
2020-07-07,2.08712081,train,0.98523855,train,1.699593158,train,1.851749013,train,1.5818225,train,1.026362271
2020-07-08,0.302724752,train,0.8843431,train,0.674560943,train,0.844017277,train,1.4817992,train,1.317955323
2020-07-09,1.2713113,train,1.1368738,train,1.264095301,train,1.238499996,train,1.4063983,train,1.006385729
2020-07-10,1.599208701,train,1.2110901,train,1.451899196,train,1.503120141,train,1.5818225,train,1.887901589
2020-07-11,0.080622058,train,1.236946,train,0.550947161,train,0.455232798,train,1.4995636,train,1.317875867
2020-07-12,0.878847823,train,1.390236,train,0.872719647,train,0.801334643,train,1.4886572,train,0.195378478
2020-07-13,0.493448097,train,1.1264099,train,0.653811523,train,0.754530196,train,1.5818225,train,0.949990073
2020-07-14,0.721280819,train,1.192746,train,0.802610908,train,0.998910393,train,1.4063983,train,0.713917378
2020-07-15,0.778618001,train,1.520566,train,0.866772784,train,0.883872325,train,1.4063983,train,1.671283898
2020-07-16,1.191415284,train,1.6454104,train,1.17379181,train,1.173557494,train,1.4995636,train,1.475815035
2020-07-17,3.987406855,train,1.5388374,train,2.881889018,train,2.694814128,train,1.4995636,train,1.795771844
2020-07-18,0.901258614,train,1.4825045,train,1.253212991,train,1.247524859,train,1.5464911,train,1.593844829
2020-07-19,1.683191577,train,1.382739,train,1.454846376,train,1.542126585,train,1.5105255,train,1.358170912
2020-07-20,1.773956604,train,1.4117777,train,1.674106048,train,1.730051417,train,1.9280814,train,1.667958303
2020-07-21,2.010117932,train,1.7178572,train,1.637235629,train,1.735040333,train,1.5276543,train,1.790382609
2020-07-22,7.520900048,train,1.6260427,train,5.162521237,train,5.437775756,train,3.5228584,train,2.224960654
2020-07-23,0.787588041,train,1.1513124,train,1.9002458,train,1.268608672,train,1.5464911,train,2.125853496
2020-07-24,0.833724144,train,0.7351663,train,1.003562379,train,0.938194157,train,1.4173602,train,1.279013926
2020-07-25,1.45325594,train,0.63505095,train,1.338385397,train,1.380279042,train,1.4886572,train,1.148164535
2020-07-26,0.680983092,train,0.6887564,train,0.804772457,train,0.627722804,train,1.4063983,train,0.840771048
2020-07-27,0.306034548,train,1.006884,train,0.607400152,train,0.611073209,train,1.4063983,train,1.016422205
2020-07-28,0.681665898,train,1.5087576,train,0.916571317,train,1.048242487,train,1.5818225,train,0.961151444
2020-07-29,1.762757508,train,1.9735681,train,1.636364892,train,1.456450839,train,1.4995636,train,1.600718379
2020-07-30,3.304993467,train,2.1922362,train,3.047003343,train,3.137674948,train,2.583604,train,1.678281711
2020-07-31,3.073225213,train,2.0035927,train,2.425557164,train,2.486263758,train,2.2949774,train,1.267015041
2020-08-01,0.166463772,train,1.4967847,train,0.582282447,train,0.753672475,train,1.5749645,train,1.074181021
2020-08-02,1.202906241,train,1.3583509,train,1.103067501,train,1.214347628,train,1.5105255,train,0.793562721
2020-08-03,0.149799548,train,1.4812241,train,0.571077691,train,0.556369112,train,1.4886572,train,0.840355962
2020-08-04,2.636687584,train,1.4661779,train,2.151058134,train,1.824764646,train,1.4063983,train,0.9107611
2020-08-05,0.412201738,train,1.3065078,train,0.849862231,train,0.9909284,train,1.4817992,train,1.560227982
2020-08-06,3.815176596,train,1.3702455,train,3.078512274,train,2.708763115,train,1.869155,train,1.075779658
2020-08-07,1.3336399,train,1.316682,train,1.599223788,train,1.433816092,train,1.7481452,train,2.503266468
2020-08-08,0.587022503,train,0.5911583,train,0.757316995,train,1.011860718,train,1.5105255,train,0.311533697
2020-08-09,0.835135311,train,0.7489923,train,0.966019128,train,0.931868536,train,1.4886572,train,0.811935498
2020-08-10,1.077424195,train,0.9260767,train,1.0603791,train,1.048703207,train,1.5818225,train,1.141194998
2020-08-11,1.1163322,train,1.4114716,train,1.073343229,train,1.168216172,train,1.4063983,train,1.616917304
2020-08-12,0.626680654,train,1.6899555,train,0.861657661,train,0.934271217,train,1.4063983,train,1.142533576
2020-08-13,3.636764417,train,1.8159214,train,2.63352723,train,2.747910135,train,1.4995636,train,1.194598403
2020-08-14,1.299282028,train,1.6547558,train,1.38493336,train,1.595855921,train,1.7596312,train,1.133592896
2020-08-15,1.700237743,train,1.4329646,train,1.457223926,train,1.549765568,train,1.5105255,train,0.44552264
2020-08-16,0.098226538,train,1.3320031,train,0.514686027,train,0.529801603,train,1.5818225,train,1.505372584
2020-08-17,2.340342464,train,1.4974625,train,1.851505712,train,1.842222451,train,1.5818225,train,1.274598245
2020-08-18,3.193799238,train,1.6376015,train,2.32906989,train,2.494164531,train,1.9528676,train,2.117400474
2020-08-19,0.71503985,train,1.3737632,train,1.171335215,train,1.378230503,train,1.4334195,train,1.941436699
2020-08-20,0.084388191,train,1.3103323,train,0.58627953,train,0.786517289,train,1.4173602,train,1.697893196
2020-08-21,1.298991657,train,1.3104918,train,1.359317776,train,1.402829603,train,1.5818225,train,1.650522592
2020-08-22,0.107710166,train,1.1263989,train,0.486167173,train,0.373467447,train,1.4063983,train,0.751487791
2020-08-23,0.60377265,train,1.0837257,train,0.732720862,train,0.698585414,train,1.4063983,train,0.947504365
2020-08-24,0.836300806,train,1.0032868,train,1.058640963,train,0.95781043,train,1.6099132,train,1.352743768
2020-08-25,2.423614211,train,0.9161667,train,1.973446705,train,1.769934594,train,1.5276543,train,1.430998886
2020-08-26,0.325203539,train,0.8109273,train,0.710504522,train,1.088338879,train,1.4817992,train,1.247534177
2020-08-27,0.122075295,train,1.0271093,train,0.628949954,train,0.792017953,train,1.4995636,train,0.400654173
2020-08-28,3.319640953,train,0.9770413,train,2.456009842,train,2.194414514,train,1.6099132,train,1.169947133
2020-08-29,1.551937668,train,0.985398,train,1.401420572,train,1.671484642,train,1.8664712,train,1.063521946
2020-08-30,0.036440036,train,0.9490757,train,0.37076755,train,0.21902102,train,1.4173602,train,0.986598314
2020-08-31,0.513684903,train,0.8617679,train,0.75911496,train,0.651046821,train,1.5818225,train,1.216461369
2020-09-01,1.604925545,train,1.1779003,train,1.432721616,train,1.286992089,train,1.5818225,train,1.10692381
2020-09-02,0.303720811,train,1.3382291,train,0.603756797,train,0.682499461,train,1.4063983,train,0.557979833
2020-09-03,0.076016727,train,1.4815612,train,0.42718237,train,0.43824881,train,1.4063983,train,0.750238571
2020-09-04,2.402517959,train,1.5829931,train,2.001330187,train,1.960936921,train,1.5818225,train,0.901201504
2020-09-05,1.75828093,train,1.5364298,train,1.622530337,train,1.581563361,train,1.6030552,train,0.911836573
2020-09-06,0.325072422,train,1.5364887,train,0.649413936,train,0.435894153,train,1.4063983,train,0.63776298
2020-09-07,1.075389999,train,1.6976011,train,1.132630226,train,1.060689319,train,1.6099132,train,0.828559811
2020-09-08,2.502759497,train,2.0159342,train,2.035462506,train,2.161235086,train,1.6099132,train,1.625509888
2020-09-09,2.400572506,train,1.9708118,train,1.889405694,train,1.880738881,train,1.4817992,train,1.755426955
2020-09-10,2.174413344,train,1.4410819,train,2.001567434,train,2.068825276,train,1.8316116,train,1.696098285
2020-09-11,0.63946052,train,1.1099536,train,0.993466722,train,0.999941197,train,1.5749645,train,1.430379486
2020-09-12,1.950780976,train,1.9181923,train,1.718674243,train,1.773864902,train,1.9058204,train,1.027794063
2020-09-13,3.100508352,train,1.7652025,train,2.341254481,train,2.356755705,train,1.4886572,train,2.067722355
2020-09-14,2.581842491,train,1.8428257,train,2.215707512,train,2.482550234,train,1.4817992,train,2.060951874
2020-09-15,1.09868857,train,1.7820107,train,1.346809233,train,1.13824799,train,1.6030552,train,1.56059256
2020-09-16,1.359444211,train,1.7695655,train,1.369769636,train,1.431306879,train,1.5386162,train,1.554703133
2020-09-17,2.053288142,train,1.7136065,train,1.884820081,train,1.875736347,train,1.4886572,train,2.204175081
2020-09-18,3.884821692,train,1.631129,train,2.959010759,train,2.85437423,train,2.3596072,train,2.531027214
2020-09-19,1.653716531,train,1.5492318,train,1.59289928,train,1.539151628,train,1.7596312,train,1.876785924
2020-09-20,0.228366194,train,1.3896282,train,0.628605886,train,0.554346512,train,1.5105255,train,0.56263438
2020-09-21,0.006886838,train,0.6736946,train,0.504759406,train,0.59905275,train,1.6099132,train,1.132630356
2020-09-22,1.21268048,train,0.7510217,train,1.200700678,train,1.098251544,train,1.6099132,train,1.36247454
2020-09-23,0.135654554,train,0.84540397,train,0.513621886,train,0.318288165,train,1.4063983,train,1.480505901
2020-09-24,0.586511945,train,0.97173667,train,0.755055706,train,0.96024744,train,1.4063983,train,0.786788148
2020-09-25,2.224290989,train,0.9858572,train,1.837338913,train,2.005613189,train,1.5818225,train,1.017478127
2020-09-26,0.040747118,train,0.8871816,train,0.549105339,train,0.466866449,train,1.5749645,train,0.494242392
2020-09-27,1.817066308,train,1.0712628,train,1.514528055,train,1.410830159,train,1.4995636,train,1.03939769
2020-09-28,1.897920107,train,0.9273918,train,1.568862811,train,1.53890195,train,1.5818225,train,1.150450454
2020-09-29,9.13e-06,train,0.9683838,train,0.362010931,train,0.49308751,train,1.4995636,train,0.857877168
2020-09-30,1.269858334,train,1.0408269,train,1.166053548,train,1.221275246,train,1.4886572,train,1.114227564
2020-10-01,3.578363434,train,1.1523176,train,2.707451043,train,2.77239238,train,1.6099132,train,1.44044349
2020-10-02,1.759304635,train,1.2749865,train,1.6484348,train,1.618045338,train,1.7596312,train,2.013381883
2020-10-03,0.786510758,train,1.1560241,train,0.866658977,train,0.797752547,train,1.7759898,train,1.082595108
2020-10-04,1.173496062,train,1.0678779,train,1.131541081,train,1.315733576,train,1.6099132,train,1.796084824
2020-10-05,1.232295971,train,1.0567162,train,1.161135232,train,1.139922707,train,1.6099132,train,1.791373998
2020-10-06,0.418897517,train,0.99445164,train,0.601145909,train,0.685621501,train,1.5276543,train,1.193520787
2020-10-07,1.79521507,train,0.85429657,train,1.611486743,train,1.491733418,train,1.4886572,train,1.138415627
2020-10-08,0.591313981,train,0.76867193,train,0.808651617,train,0.827311973,train,1.5818225,train,1.600846612
2020-10-09,1.172240655,train,0.72588897,train,1.138061326,train,1.118645843,train,1.4995636,train,1.261142609
2020-10-10,0.383560145,train,0.77078146,train,0.692120617,train,0.742023152,train,1.6099132,train,1.577566436
2020-10-11,1.311718389,train,0.9614431,train,1.224447688,train,1.113690629,train,1.4995636,train,1.313732339
2020-10-12,0.479705255,train,0.9521319,train,0.651350218,train,0.816267559,train,1.4063983,train,1.762654467
2020-10-13,0.866596073,train,1.3408517,train,0.995923059,train,0.982418692,train,1.5276543,train,2.081865733
2020-10-14,0.455166921,train,1.5154546,train,0.64343729,train,1.151293712,train,1.5818225,train,1.845705675
2020-10-15,0.091282526,train,1.4500722,train,0.504371843,train,0.561322074,train,1.4995636,train,0.641064953
2020-10-16,2.076199145,train,1.4616438,train,1.69006076,train,1.700713668,train,1.4063983,train,1.53324711
2020-10-17,1.08380298,train,1.2704533,train,1.122831085,train,1.156285656,train,1.5749645,train,1.574740001
2020-10-18,0.026466391,train,0.9571287,train,0.352857495,train,0.267779285,train,1.4995636,train,0.605776355
2020-10-19,0.067851091,train,0.35724014,train,0.393464191,train,0.513972159,train,1.5818225,train,0.751576253
2020-10-20,1.090316561,train,0.9197211,train,1.19007035,train,1.131115094,train,1.5276543,train,0.84061021
2020-10-21,0.71753477,train,1.0774148,train,0.908940787,train,1.075768516,train,1.4063983,train,1.183512762
2020-10-22,2.41889906,train,1.3203102,train,2.031652451,train,1.896447244,train,1.4995636,train,1.3228029
2020-10-23,1.036278704,train,1.0191852,train,1.152748761,train,1.078990259,train,1.5749645,train,2.131192627
2020-10-24,0.679977373,train,0.69790757,train,0.768917017,train,0.93665818,train,1.5276543,train,0.978316083
2020-10-25,0.599839862,train,0.5481596,train,0.713725531,train,0.604064482,train,1.6099132,train,0.298103431
2020-10-26,1.069544875,train,0.39219892,train,0.95774382,train,1.167779547,train,1.4995636,train,0.648065826
2020-10-27,0.280899061,train,0.5792027,train,0.522094133,train,0.712458171,train,1.4063983,train,0.489350874
2020-10-28,1.840108537,train,0.56943554,train,1.513774571,train,1.756853377,train,1.4995636,train,0.881163225
2020-10-29,0.381679853,train,0.55576843,train,0.766263829,train,0.485640247,train,1.5276543,train,1.562708955
2020-10-30,0.191387618,train,0.5176496,train,0.849167258,train,0.714195349,train,1.5276543,train,0.426103415
2020-10-31,0.785949901,train,0.55807716,train,0.93645426,train,0.753311515,train,1.5818225,train,0.735872779
2020-11-01,0.788904101,train,0.38599914,train,0.937388037,train,0.850203346,train,1.4995636,train,0.996874642
2020-11-02,0.03042176,train,0.6379292,train,0.410511527,train,0.584987495,train,1.4063983,train,0.618533421
2020-11-03,0.630305117,train,0.5656756,train,0.784406184,train,0.850850491,train,1.4995636,train,0.769323005
2020-11-04,0.435941596,train,0.7716096,train,0.610380483,train,0.736923881,train,1.5276543,train,1.714167699
2020-11-05,2.823829648,train,0.78812474,train,2.058633688,train,2.213401388,train,1.9343938,train,1.871226301
2020-11-06,0.939415081,train,0.8394622,train,1.120177929,train,1.217042644,train,1.6030552,train,2.060924612
2020-11-07,0.027110468,train,0.8482965,train,0.41928714,train,0.500242808,train,1.5105255,train,1.332344938
2020-11-08,0.077666587,train,0.70133996,train,0.450753044,train,0.48881868,train,1.6099132,train,0.495868113
2020-11-09,0.042989258,train,0.71140355,train,0.403282642,train,0.433778332,train,1.5276543,train,0.87067047
2020-11-10,0.420266787,train,1.0222056,train,0.557713394,train,0.454526021,train,1.4063983,train,0.671382452
2020-11-11,1.66362432,train,1.1204016,train,1.40068714,train,1.479162153,train,1.4995636,train,0.356697797
2020-11-12,0.912415089,train,1.0551543,train,1.090126161,train,0.896894665,train,1.4995636,train,1.401728793
2020-11-13,0.775020975,train,1.0753881,train,0.986369119,train,1.055452147,train,1.4995636,train,0.825159227
2020-11-14,1.324186833,train,1.1897002,train,1.187820286,train,1.42171785,train,1.6099132,train,0.781870659
2020-11-15,2.636155283,train,1.3943441,train,1.942790673,train,2.054895422,train,1.4995636,train,1.488245838
2020-11-16,1.732613354,train,1.3828928,train,1.485499163,train,1.503153853,train,1.8316116,train,0.826870708
2020-11-17,0.474445574,train,1.4353719,train,0.73019473,train,0.756765069,train,1.5386162,train,1.498494382
2020-11-18,3.009339187,train,1.5811613,train,2.367281432,train,2.475831517,train,1.5818225,train,1.732888939
2020-11-19,0.748755578,train,1.6082864,train,0.997291231,train,1.058233005,train,1.4817992,train,1.625081344
2020-11-20,4.362326211,train,1.5800647,train,3.002805819,train,3.214163049,train,2.136574,train,1.355858797
2020-11-21,1.915173095,train,1.3427242,train,1.734273692,train,1.982388717,train,1.7596312,train,2.408105744
2020-11-22,0.644617794,train,1.0728502,train,0.710684582,train,0.72111203,train,1.5105255,train,0.582987158
2020-11-23,0.357306944,train,0.817119,train,0.780784621,train,0.569221287,train,1.4886572,train,1.462884177
2020-11-24,1.142367432,train,1.1634268,train,1.137851315,train,0.987769556,train,1.6099132,train,0.949063355
2020-11-25,1.186045091,train,1.245053,train,1.157867432,train,1.224586842,train,1.4063983,train,0.76737902
2020-11-26,2.978095869,train,1.7039242,train,2.434960155,train,2.172188575,train,1.4063983,train,1.604278489
2020-11-27,3.120321831,train,2.1384268,train,2.584105968,train,2.44499746,train,1.9528676,train,2.148717898
2020-11-28,1.964289045,train,1.988074,train,1.880445608,train,1.924256977,train,1.9528676,train,1.7742233
2020-11-29,0.007321593,train,1.738579,train,0.518813089,train,0.428436244,train,1.5386162,train,1.382429663
2020-11-30,2.782054641,train,1.746056,train,2.168393711,train,2.106186853,train,1.5818225,train,1.993236403
2020-12-01,4.273973943,train,1.78478,train,3.269718428,train,3.373803048,train,1.6030552,train,1.749172977
2020-12-02,1.032267231,train,1.3584546,train,1.341796237,train,1.526436961,train,1.4776348,train,1.714301412
2020-12-03,0.682305419,train,1.2279637,train,0.973736891,train,0.835200308,train,1.4173602,train,1.214988886
2020-12-04,1.974313055,train,1.049835,train,1.780140789,train,1.56527037,train,1.5818225,train,2.381716577
2020-12-05,0.73745135,train,0.76712877,train,0.982941288,train,0.790429127,train,1.5276543,train,1.496978225
2020-12-06,0.80486038,train,0.7896307,train,0.805994921,train,0.731019615,train,1.5276543,train,0.671843664
2020-12-07,1.310141811,train,0.9514476,train,1.239511559,train,1.232748206,train,1.6099132,train,0.995389566
2020-12-08,0.128177757,train,1.2444637,train,0.475712837,train,0.384864211,train,1.4995636,train,1.03442837
2020-12-09,1.896608575,train,1.486686,train,1.568291952,train,1.407753457,train,1.4063983,train,1.363668443
2020-12-10,3.127262766,train,1.6658484,train,2.417989879,train,2.533031983,train,1.6099132,train,1.848489743
2020-12-11,0.462866385,train,1.7309779,train,0.826902679,train,0.882577115,train,1.6030552,train,1.66434129
2020-12-12,1.058580258,train,1.4166385,train,1.16645155,train,0.965610386,train,1.5386162,train,0.498011176
2020-12-13,1.790668538,train,1.3504912,train,1.523573942,train,1.550408568,train,1.6099132,train,1.885961498
2020-12-14,0.818996812,train,1.0668119,train,0.84573609,train,0.850291366,train,1.4063983,train,0.996644431
2020-12-15,0.364889924,train,1.1311202,train,0.611378881,train,0.680827294,train,1.5276543,train,1.10849312
2020-12-16,1.57167041,train,1.1794108,train,1.472594909,train,1.556647385,train,1.6099132,train,1.503203338
2020-12-17,8e-06,train,1.0108865,train,0.495635315,train,0.472788651,train,1.5276543,train,1.290662762
2020-12-18,1.085437793,train,1.0091523,train,1.070809042,train,1.074321721,train,1.4063983,train,0.888135735
2020-12-19,0.271306432,train,1.1426145,train,0.586678746,train,0.74663126,train,1.6099132,train,1.30967599
2020-12-20,0.394192533,train,1.238687,train,0.589631858,train,0.60382994,train,1.4995636,train,0.938918344
2020-12-21,0.360985811,train,0.9982334,train,0.606592771,train,0.60257639,train,1.4063983,train,0.784113444
2020-12-22,0.080482902,train,1.2130842,train,0.450577837,train,0.429314391,train,1.5276543,train,1.136074625
2020-12-23,0.281407221,train,1.3509773,train,0.701607906,train,0.610670829,train,1.4995636,train,0.981702195
2020-12-24,1.117776109,train,0.8389638,train,1.15967468,train,1.417063004,train,1.4995636,train,1.233994371
2020-12-25,0.22572946,train,0.37311816,train,0.621600918,train,0.405948555,train,1.4995636,train,1.625723308
2020-12-26,1.22769916,train,0.52059263,train,1.212885764,train,1.04300017,train,1.4995636,train,0.938781089
2020-12-27,1.032187374,train,0.81763715,train,1.025889161,train,1.161851665,train,1.4995636,train,1.22364309
2020-12-28,0.399700011,train,1.0086125,train,0.688581077,train,0.692781391,train,1.4995636,train,1.256778606
2020-12-29,1.648286497,train,1.1878597,train,1.439780843,train,1.686644218,train,1.6815445,train,1.655636597
2020-12-30,7.97e-06,train,1.0768248,train,0.430083242,train,0.403089639,train,1.4995636,train,1.275077924
2020-12-31,2.247285585,train,1.1239879,train,1.778056483,train,1.706178254,train,1.4995636,train,0.141683766
2021-01-01,1.036149252,train,1.0857116,train,1.193442425,train,1.252189134,train,1.6030552,train,0.565960753
2021-01-02,0.586281029,train,1.210774,train,0.828256251,train,1.247230955,train,1.4995636,train,1.005418363
2021-01-03,1.227453716,train,1.5098648,train,1.182927604,train,1.14973692,train,1.4886572,train,1.004898771
2021-01-04,0.873395403,train,1.5028818,train,0.974482144,train,0.977593705,train,1.4995636,train,1.475016191
2021-01-05,0.835825761,train,1.492911,train,1.040227867,train,0.832529364,train,1.5276543,train,0.81128212
2021-01-06,3.414965985,train,1.292774,train,2.610999649,train,2.758542943,train,2.0166526,train,1.592598153
2021-01-07,0.165289294,train,1.0627474,train,0.887795494,train,0.903072572,train,1.2759807,train,1.368995249
2021-01-08,2.124262884,train,1.0821916,train,1.732064587,train,1.735051319,train,1.5105255,train,1.102778014
2021-01-09,0.491212795,train,1.0855324,train,0.800376398,train,0.7189338,train,1.5749645,train,1.881519246
2021-01-10,0.967403888,train,1.1468699,train,1.005984662,train,0.86566259,train,1.5276543,train,0.659163933
2021-01-11,1.359471301,train,0.68752027,train,1.147100865,train,1.180736525,train,1.4886572,train,0.819639632
2021-01-12,0.041177682,train,1.4176786,train,0.510803046,train,0.494692219,train,1.5276543,train,1.825086895
2021-01-13,3.122086134,train,1.6738915,train,2.609716699,train,2.622613921,train,1.5276543,train,1.898828847
2021-01-14,1.662746146,train,1.7731779,train,1.585508774,train,1.652384974,train,1.9528676,train,2.963880203
2021-01-15,0.626225138,train,1.6200912,train,0.892414169,train,0.816630546,train,2.136574,train,2.064904535
2021-01-16,0.557095986,train,1.5450507,train,0.820986877,train,0.842521283,train,1.6099132,train,1.9472616
2021-01-17,0.316738917,train,1.4304436,train,0.591862556,train,0.917701871,train,1.6099132,train,0.693106285
2021-01-18,0.312651049,train,1.2553898,train,0.529268973,train,0.439022739,train,1.4063983,train,0.693332708
2021-01-19,1.344579948,train,0.8263743,train,1.221876088,train,1.180675116,train,1.4063983,train,1.004709726
2021-01-20,1.54550332,train,1.3128672,train,1.250197279,train,1.348962796,train,1.4995636,train,1.317217476
2021-01-21,0.993451445,train,0.9960458,train,1.209474074,train,1.028252417,train,1.4995636,train,1.624090848
2021-01-22,1.916226298,train,1.0744642,train,1.657374782,train,1.594063248,train,1.5818225,train,1.748012418
2021-01-23,1.403801103,train,1.2904166,train,1.299633056,train,1.455597456,train,1.5818225,train,1.848227978
2021-01-24,0.004835815,train,1.0275236,train,0.361898933,train,0.466529779,train,1.4063983,train,0.734347259
2021-01-25,0.751975566,train,1.0213675,train,0.83871276,train,0.871008667,train,1.4886572,train,1.162975714
2021-01-26,1.009090298,train,1.1629577,train,1.006562096,train,1.078936427,train,1.5818225,train,1.265054246
2021-01-27,0.800004267,train,1.2720646,train,1.059033535,train,1.107250318,train,1.4063983,train,1.451482283
2021-01-28,1.202419297,train,1.0631545,train,1.091782787,train,1.1683204,train,1.4063983,train,0.833035044
2021-01-29,0.850379694,train,0.8708579,train,0.851310069,train,0.970135054,train,1.4995636,train,1.15466191
2021-01-30,0.793023577,train,1.0390397,train,0.914205878,train,0.921545347,train,1.4995636,train,1.372151045
2021-01-31,1.208304852,train,0.5657152,train,1.140777501,train,1.136014128,train,1.5818225,train,1.14346361
2021-02-01,0.068122835,train,0.82031685,train,0.415488696,train,0.503713628,train,1.4995636,train,1.154460034
2021-02-02,1.567871313,train,0.6653279,train,1.37613212,train,1.435982693,train,1.4995636,train,1.24261313
2021-02-03,0.444714701,train,0.3473645,train,0.700231048,train,0.686892141,train,1.5818225,train,1.672138502
2021-02-04,0.080645166,train,0.17900603,train,0.460439697,train,0.434112781,train,1.5276543,train,0.715729784
2021-02-05,0.362100577,train,0.2726677,train,0.608469004,train,0.620860685,train,1.5818225,train,1.20879533
2021-02-06,0.222743782,train,0.26501876,train,0.530200441,train,0.804635055,train,1.5276543,train,0.765515793
2021-02-07,0.115931441,train,0.79282516,train,0.484720206,train,0.402829834,train,1.4063983,train,0.753610793
2021-02-08,0.42861471,train,0.8529075,train,0.581787564,train,0.540022367,train,1.4995636,train,0.317021504
2021-02-09,0.930992355,train,0.7814149,train,0.946652037,train,0.927411186,train,1.4995636,train,0.880284054
2021-02-10,1.51611181,train,0.8762614,train,1.226586748,train,1.375120809,train,1.5276543,train,0.903410363
2021-02-11,0.082542308,train,0.79083985,train,0.484186961,train,0.356371682,train,1.4995636,train,0.693829803
2021-02-12,0.041262637,train,0.69558436,train,0.499842441,train,0.423687752,train,1.4995636,train,0.608624458
2021-02-13,0.224627882,train,0.6083167,train,0.488417951,train,0.654727288,train,1.5818225,train,1.058627793
2021-02-14,0.624944327,train,0.7574521,train,0.707227014,train,0.823069607,train,1.4995636,train,0.589533043
2021-02-15,0.851128578,train,0.8937977,train,0.792198963,train,0.902677599,train,1.5276543,train,0.703891575
2021-02-16,0.906371513,train,1.0500441,train,0.88183091,train,0.936101888,train,1.4995636,train,1.094841454
2021-02-17,1.079794535,train,0.9034857,train,1.04201848,train,1.110838727,train,1.4995636,train,0.788246277
2021-02-18,1.500225531,train,1.2631671,train,1.270249559,train,1.198735489,train,1.4995636,train,0.915101044
2021-02-19,0.078400631,train,1.1943744,train,0.538021028,train,0.436402655,train,1.4995636,train,1.203041163
2021-02-20,0.317166385,train,1.1307847,train,0.631646887,train,0.56918858,train,1.4995636,train,1.378660261
2021-02-21,1.489822096,train,1.2121354,train,1.408410972,train,1.42776886,train,1.5818225,train,1.200926499
2021-02-22,2.754062644,train,1.536311,train,2.073498323,train,2.178476959,train,1.5276543,train,0.924750494
2021-02-23,2.515855964,train,1.8271114,train,2.094389796,train,2.002436121,train,1.6030552,train,1.627481289
2021-02-24,0.880739638,train,1.9930431,train,1.118919621,train,1.188901652,train,1.5506229,train,1.926800816
2021-02-25,2.58337088,train,2.062829,train,2.02258182,train,1.899975364,train,1.869155,train,1.370380058
2021-02-26,1.702631241,train,1.8709366,train,1.505263963,train,1.52820265,train,1.4817992,train,1.53967429
2021-02-27,1.166490323,train,1.2382373,train,0.958332232,train,1.071258766,train,1.6085787,train,1.174964838
2021-02-28,0.12835725,train,0.9999579,train,0.460362129,train,0.521956989,train,1.4886572,train,1.557816835
2021-03-01,0.211883203,train,0.7021077,train,0.492399325,train,0.539068327,train,1.6099132,train,1.431895561
2021-03-02,1.453351462,train,1.0959548,train,1.320939244,train,1.297932021,train,1.5276543,train,1.45243948
2021-03-03,1.551005179,train,1.4670448,train,1.38579399,train,1.425412491,train,1.4063983,train,1.395161336
2021-03-04,2.119131506,train,1.3302512,train,1.766161085,train,2.001077874,train,1.4995636,train,1.196189121
2021-03-05,0.272214829,train,0.16701858,train,0.708810571,train,0.800294584,train,1.5749645,train,1.526915347
2021-03-06,0.424681418,train,0.63376474,train,0.669984913,train,0.881070394,train,1.6099132,train,1.421830665
2021-03-07,0.0203514,train,0.61781067,train,0.506906403,train,0.42924961,train,1.4886572,train,1.206958641
2021-03-08,0.171591356,train,0.45444846,train,0.55280445,train,0.68271611,train,1.4063983,train,1.575310994
2021-03-09,0.116301622,train,0.12160699,train,0.532774543,train,0.547409973,train,1.4063983,train,0.464436394
2021-03-10,0.348499869,train,0.8457356,train,0.781903169,train,0.95657903,train,1.4995636,train,1.091217079
2021-03-11,1.876371344,train,0.84040135,train,1.588577173,train,1.820691233,train,1.5276543,train,2.018166606
2021-03-12,0.491959365,train,0.8504367,train,0.743167774,train,0.697889435,train,1.5276543,train,1.881464893
2021-03-13,0.643016747,train,1.125221,train,0.922389857,train,0.936275617,train,1.5276543,train,1.182622549
2021-03-14,0.62469432,train,1.3410729,train,0.916049511,train,0.657932479,train,1.6099132,train,0.778877739
2021-03-15,0.509844613,train,1.4496843,train,0.789186244,train,0.732154761,train,1.5276543,train,1.18529992
2021-03-16,1.771959652,train,1.8169146,train,1.596440799,train,1.494502363,train,1.5276543,train,1.164372328
2021-03-17,0.712547549,train,2.2641096,train,1.089262993,train,1.500345735,train,1.5276543,train,1.94559041
2021-03-18,4.976919049,train,2.478949,train,3.465469679,train,3.855962858,train,1.5276543,train,1.84486216
2021-03-19,0.75442089,train,1.8303572,train,1.288497508,train,1.130102742,train,1.4932114,train,2.700287802
2021-03-20,1.753258595,train,1.5874913,train,1.361275265,train,1.446808775,train,1.7298347,train,1.270244334
2021-03-21,1.758523886,train,1.5196265,train,1.624980392,train,1.842699795,train,1.6099132,train,1.884482772
2021-03-22,0.127828789,train,1.4035347,train,0.424127295,train,0.434753343,train,1.5276543,train,2.090492676
2021-03-23,1.940301461,train,1.4267857,train,1.642455759,train,1.707098132,train,1.6099132,train,1.331351346
2021-03-24,0.865806274,train,1.5048239,train,0.933081591,train,0.828060285,train,1.6099132,train,1.537054043
2021-03-25,0.079020154,train,0.7091009,train,0.460598858,train,0.531387951,train,1.4063983,train,0.829288033
2021-03-26,1.489639463,train,0.92934644,train,1.411209968,train,1.478961002,train,1.6099132,train,0.908436579
2021-03-27,1.291579987,train,1.1760062,train,1.337310297,train,1.179709395,train,1.5276543,train,1.802202289
2021-03-28,0.071815372,train,1.3572502,train,0.489258694,train,0.253277239,train,1.5276543,train,1.435599722
2021-03-29,2.354584072,train,1.5063834,train,1.955732816,train,1.779189922,train,1.6099132,train,1.160466637
2021-03-30,3.565368626,train,1.5587794,train,2.937612935,train,2.989204211,train,2.2098477,train,2.274164535
2021-03-31,0.731413257,train,1.5943794,train,1.163002682,train,1.422119843,train,1.2759807,train,1.397421374
2021-04-01,1.550418654,train,1.4608717,train,1.487589167,train,1.677049356,train,1.7298347,train,1.692843503
2021-04-02,2.094020224,train,1.3938357,train,1.84477725,train,1.612820629,train,1.6099132,train,2.228458161
2021-04-03,1.061279627,train,1.4232621,train,1.089803822,train,1.043618169,train,1.6030552,train,1.596993417
2021-04-04,0.639911885,train,1.1839514,train,0.771204474,train,1.005025791,train,1.6099132,train,0.894408847
2021-04-05,2.925729124,train,1.0615584,train,2.350712436,train,2.040061603,train,1.6099132,train,1.580726448
2021-04-06,3.816490493,train,1.0998461,train,3.117965464,train,2.872340865,train,1.6030552,train,2.161788461
2021-04-07,0.078864357,train,1.1016254,train,0.55261346,train,1.066009668,train,1.2759807,train,2.210654208
2021-04-08,0.864105927,train,0.7561235,train,0.974915606,train,0.962981849,train,1.701744,train,1.32400483
2021-04-09,0.470404631,train,0.74175286,train,0.756047183,train,0.75870373,train,1.6099132,train,1.766502884
2021-04-10,0.463051525,train,0.72896016,train,0.658672915,train,0.80908346,train,1.5276543,train,0.982772271
2021-04-11,0.212509817,train,0.7643887,train,0.524234822,train,0.441623893,train,1.5276543,train,1.245079229
2021-04-12,0.916297055,train,0.85916936,train,0.909318274,train,0.989441852,train,1.5276543,train,1.56485485
2021-04-13,1.510778299,train,1.201092,train,1.306477519,train,1.330271615,train,1.5276543,train,1.600745311
2021-04-14,1.564021963,train,1.2642287,train,1.37696278,train,1.356976884,train,1.4995636,train,1.788785477
2021-04-15,0.453172981,train,1.3127424,train,0.606205356,train,0.709895065,train,1.4995636,train,1.306698492
2021-04-16,2.71164218,train,1.2489127,train,2.047326484,train,2.185112352,train,1.5818225,train,1.320076407
2021-04-17,1.663774831,train,1.2060769,train,1.553642229,train,1.502047185,train,1.7261105,train,1.286373122
2021-04-18,0.350148028,train,1.0875145,train,0.583488348,train,0.654621362,train,1.5386162,train,1.268616626
2021-04-19,1.85416866,train,1.0653098,train,1.575024176,train,1.585550393,train,1.6099132,train,1.111288582
2021-04-20,1.982527761,train,1.0904249,train,1.731678598,train,1.654925594,train,1.6099132,train,1.412852068
2021-04-21,0.18892883,train,1.0586674,train,0.638498302,train,0.580798959,train,1.5276543,train,1.135225786
2021-04-22,1.576017611,train,0.98632175,train,1.469345717,train,1.422127183,train,1.6099132,train,1.06385384
2021-04-23,1.880933196,train,1.0955169,train,1.700433644,train,1.756402154,train,1.6099132,train,1.150197733
2021-04-24,1.173268625,train,1.0733536,train,1.073495453,train,1.165741157,train,1.5276543,train,0.869350057
2021-04-25,0.944641547,train,1.1361446,train,1.200081097,train,0.92729395,train,1.6099132,train,1.455031988
2021-04-26,1.400040541,train,0.9809302,train,1.327781838,train,1.268061757,train,1.5818225,train,1.399800084
2021-04-27,1.81759635,train,0.97195363,train,1.698037233,train,1.732423343,train,1.6099132,train,1.265741736
2021-04-28,0.034644033,train,1.0399543,train,0.473931066,train,0.492950871,train,1.5276543,train,1.579421447
2021-04-29,2.030171232,train,1.0610573,train,1.658610232,train,1.883604993,train,1.6099132,train,1.106236465
2021-04-30,1.03075375,train,1.218687,train,1.261911796,train,1.348470261,train,1.6030552,train,2.406488242
2021-05-01,0.084765715,train,1.3840305,train,0.432443939,train,0.795186646,train,1.5276543,train,1.934814143
2021-05-02,0.013030829,train,1.3693403,train,0.487428551,train,0.655716758,train,1.4886572,train,1.193077134
2021-05-03,0.763349789,train,1.2485952,train,0.963326626,train,0.913385755,train,1.4995636,train,0.987838636
2021-05-04,0.108049713,train,1.3417864,train,0.351881437,train,0.439679403,train,1.4063983,train,1.414510444
2021-05-05,6.683070848,train,1.445714,train,4.96936111,train,3.906848638,train,2.427921,train,0.934049009
2021-05-06,3.311560878,train,1.528004,train,3.232652799,train,3.107310799,train,2.7947228,train,2.658384119
2021-05-07,0.784830713,train,1.4598236,train,1.083455964,train,1.211429549,train,1.5464911,train,1.74422728
2021-05-08,1.592088361,train,1.3166962,train,1.450126046,train,1.211795132,train,1.5105255,train,1.763698747
2021-05-09,1.231224404,train,1.2862952,train,1.33390787,train,1.254848771,train,1.5818225,train,1.568035897
2021-05-10,0.311322008,train,1.2491689,train,0.545077133,train,0.602333718,train,1.4063983,train,1.163632721
2021-05-11,0.203045755,train,1.3912263,train,0.573071444,train,0.639225244,train,1.6099132,train,0.740213508
2021-05-12,1.464354449,train,1.5230516,train,1.498341346,train,1.397828348,train,1.5818225,train,1.526574648
2021-05-13,0.068634183,train,1.4256345,train,0.489343537,train,0.72177394,train,1.5276543,train,1.456994491
2021-05-14,0.965857802,train,1.4067035,train,0.97599913,train,1.010894686,train,1.5276543,train,0.924558
2021-05-15,1.630195862,train,1.5694829,train,1.533495691,train,1.489361035,train,1.6099132,train,1.40311141
2021-05-16,0.468431039,train,1.8674616,train,0.67977043,train,0.556797235,train,1.5276543,train,0.996845778
2021-05-17,2.617210604,train,1.8724033,train,2.09682942,train,2.199997027,train,1.5276543,train,1.298247917
2021-05-18,4.583012254,train,1.8452983,train,3.580925801,train,3.112562078,train,2.2098477,train,2.233591567
2021-05-19,0.561514256,train,1.6984483,train,0.977610137,train,0.741039879,train,1.2759807,train,2.251152395
2021-05-20,6.62e-06,train,1.1536282,train,0.420207171,train,0.577661809,train,1.4173602,train,1.047277295
2021-05-21,0.564691751,train,1.0328804,train,0.885136365,train,0.808904816,train,1.6099132,train,1.75147057
2021-05-22,0.507531589,train,1.1297176,train,0.745623207,train,0.747556343,train,1.5276543,train,1.375959072
2021-05-23,0.188628382,train,1.2912658,train,0.436739813,train,0.438912172,train,1.4063983,train,1.063706762
2021-05-24,0.039383298,train,1.2896439,train,0.405222423,train,0.27660742,train,1.5276543,train,0.910469964
2021-05-25,1.001677824,train,1.3770301,train,1.071953906,train,1.104911092,train,1.5276543,train,0.933397356
2021-05-26,3.396799465,train,1.4644375,train,2.620294944,train,2.493274766,train,1.4995636,train,0.868526425
2021-05-27,0.2250443,train,1.6638558,train,0.975863186,train,1.089480479,train,1.2759807,train,1.806996386
2021-05-28,4.407386271,train,1.8295668,train,3.340496012,train,2.944520577,train,2.4619477,train,1.8608722
2021-05-29,2.290697881,train,1.9444984,train,2.21283136,train,2.562075515,train,2.0714772,train,2.547450968
2021-05-30,0.608386591,train,1.8929313,train,1.122796388,train,0.803116032,train,1.7261105,train,0.970036153
2021-05-31,1.654822952,train,1.859768,train,1.678165969,train,1.684599074,train,1.6099132,train,2.075243689
2021-06-01,0.831450615,train,1.7743393,train,1.047693032,train,1.118388176,train,1.6099132,train,1.521119031
2021-06-02,0.062073248,train,1.7365377,train,0.731062584,train,0.507512857,train,1.4063983,train,0.952551875
2021-06-03,2.227543084,train,1.8268405,train,1.88061674,train,1.868582182,train,1.8537484,train,1.205247931
2021-06-04,2.537332675,train,1.877308,train,2.204594713,train,2.060100344,train,1.6030552,train,2.419906948
2021-06-05,1.461053758,train,1.8587787,train,1.453018341,train,1.198850269,train,1.7261105,train,1.247637559
2021-06-06,0.701874353,train,1.9956783,train,0.791056657,train,0.944742589,train,1.5105255,train,0.660500851
2021-06-07,1.691442216,train,2.1901808,train,1.677095007,train,1.615634506,train,1.5818225,train,0.908547772
2021-06-08,1.541638209,train,2.3742483,train,1.411658015,train,1.470806987,train,1.4886572,train,1.553402688
2021-06-09,0.317561397,train,2.3769817,train,0.933931036,train,0.75675992,train,1.4063983,train,1.358266183
2021-06-10,0.949674754,train,2.4020379,train,1.100641909,train,1.048744242,train,1.6099132,train,1.469186742
2021-06-11,0.790767999,train,2.3956063,train,1.237000292,train,0.918479509,train,1.5818225,train,1.370594474
2021-06-12,0.445081767,train,2.139491,train,0.757786571,train,0.782920454,train,1.5276543,train,0.517582411
2021-06-13,0.298127765,train,2.1935623,train,0.784378551,train,0.66281006,train,1.4063983,train,0.955538667
2021-06-14,1.40741099,train,1.9161831,train,1.282389818,train,1.106210289,train,1.4995636,train,0.790484451
2021-06-15,1.899827858,train,1.9807074,train,1.608919922,train,1.572722401,train,1.4995636,train,0.898260647
2021-06-16,1.411942681,train,2.0043488,train,1.431793976,train,1.375449568,train,1.4995636,train,1.765559325
2021-06-17,2.509210548,train,2.1096923,train,2.163238918,train,2.012320755,train,1.5818225,train,1.440621461
2021-06-18,0.233762003,train,2.177717,train,1.012484074,train,0.50588628,train,1.5749645,train,2.169482192
2021-06-19,1.23152473,train,2.0508564,train,1.185097164,train,1.275684,train,1.4173602,train,1.276534706
2021-06-20,0.707059478,train,2.0207283,train,0.926397496,train,0.774554397,train,1.4886572,train,0.972312123
2021-06-21,0.317374176,train,1.727376,train,0.581441079,train,0.522493006,train,1.4063983,train,0.201039732
2021-06-22,0.724640852,train,1.499497,train,0.927330865,train,0.889615967,train,1.4886572,train,0.386268598
2021-06-23,1.248373637,train,1.4708657,train,1.265492341,train,1.227075684,train,1.4995636,train,1.411757085
2021-06-24,0.490919003,train,1.4396696,train,0.887557428,train,0.835434912,train,1.5276543,train,1.266341761
2021-06-25,3.132825233,train,1.3144382,train,2.751546736,train,2.336399371,train,1.4995636,train,0.979074034
2021-06-26,2.785656981,train,1.491589,train,2.335388851,train,2.280255514,train,2.2098477,train,0.991443195
2021-06-27,1.032661687,train,1.691804,train,1.128066766,train,1.04989938,train,1.6030552,train,1.011745673
2021-06-28,0.688172668,train,1.2192961,train,0.93795395,train,1.225296097,train,1.4173602,train,1.578535455
2021-06-29,1.584130036,train,1.3536025,train,1.457634506,train,1.529698403,train,1.6099132,train,1.716783992
2021-06-30,0.219401436,train,1.652869,train,0.643247072,train,0.883200509,train,1.5276543,train,1.121440524
2021-07-01,2.124703361,train,1.6949766,train,1.783753637,train,1.674292876,train,1.5276543,train,1.010406973
2021-07-02,2.236359609,train,1.581668,train,2.204156765,train,2.02983265,train,2.0220177,train,2.189509587
2021-07-03,1.735358202,train,1.5832144,train,1.611797855,train,1.504141135,train,1.6030552,train,1.859678594
2021-07-04,1.176412141,train,1.6603557,train,1.089787756,train,1.300372821,train,1.6099132,train,1.079992496
2021-07-05,0.491838651,train,1.7378789,train,0.820804237,train,0.986541848,train,1.6099132,train,1.028185964
2021-07-06,0.30800485,train,1.6843079,train,0.918795405,train,0.692305384,train,1.6099132,train,1.663020854
2021-07-07,1.243086728,train,1.5887151,train,1.197036669,train,1.085255319,train,1.6099132,train,1.663075356
2021-07-08,1.524217713,train,1.5563905,train,1.263344621,train,1.264503991,train,1.5276543,train,1.19856807
2021-07-09,0.494479333,train,1.5026454,train,0.797360244,train,0.560878605,train,1.4995636,train,1.068122831
2021-07-10,0.636182491,train,1.4850407,train,0.71159436,train,0.96989385,train,1.6099132,train,0.746817369
2021-07-11,1.202709417,train,1.5362542,train,1.130846155,train,1.100282535,train,1.6099132,train,1.347390565
2021-07-12,0.167543811,train,1.663563,train,0.529759466,train,0.549043566,train,1.5276543,train,1.428872375
2021-07-13,1.14399025,train,1.6965647,train,1.126905668,train,1.210747757,train,1.5276543,train,1.906938793
2021-07-14,2.819827085,train,1.7438807,train,2.167833609,train,2.438177862,train,1.6099132,train,1.996353455
2021-07-15,0.287218962,train,1.9412575,train,0.617323884,train,0.586124505,train,1.6030552,train,2.278633389
2021-07-16,2.703717033,train,1.8771778,train,2.134769471,train,2.284211687,train,1.7298347,train,1.704721923
2021-07-17,1.298584925,train,1.9371111,train,1.44373548,train,1.431698202,train,1.6030552,train,2.258508212
2021-07-18,3.163672434,train,1.7765471,train,2.369464133,train,2.513514182,train,2.4619477,train,1.238505793
2021-07-19,0.701346434,train,1.6593195,train,1.25108395,train,1.184814179,train,1.6030552,train,1.888229979
2021-07-20,6.484040793,train,1.4176214,train,4.456155651,train,4.084938313,train,2.4619477,train,2.028621436
2021-07-21,6.060686629,train,1.5512589,train,5.074307556,train,4.476759642,train,3.65548,train,3.618612902
2021-07-22,9.556841092,train,1.2689598,train,6.701510119,train,6.061583095,train,4.396331,train,3.166324486
2021-07-23,2.43053909,train,1.0069642,train,2.772649806,train,2.90190164,train,2.0059803,train,3.991670126
2021-07-24,1.564713874,train,0.9458321,train,1.708321811,train,1.718275368,train,1.6030552,train,2.179266811
2021-07-25,5.388283405,train,1.0874702,train,3.717787926,train,4.096088329,train,3.4868588,train,3.027999892
2021-07-26,2.529909081,train,1.0308238,train,2.554230566,train,2.515373585,train,2.1378582,train,2.807607925
2021-07-27,2.954677152,train,1.3944227,train,2.544011047,train,2.290717884,train,2.4536831,train,1.835145287
2021-07-28,0.646446806,train,1.5675656,train,1.099017015,train,1.035374752,train,1.6030552,train,2.084448614
2021-07-29,1.990240778,train,1.6365423,train,1.857180446,train,1.784793664,train,2.4619477,train,1.935500536
2021-07-30,9.020871064,train,1.6393347,train,6.564615659,train,4.926189525,train,3.91787,train,2.978517038
2021-07-31,5.426121227,train,1.6247063,train,4.38316663,train,4.853947062,train,3.1706712,train,3.761863897
2021-08-01,0.23458742,train,1.2726731,train,1.437394895,train,1.554957297,train,1.3825392,train,1.542705426
2021-08-02,1.828822217,train,1.0802498,train,2.161279555,train,2.016536208,train,1.5386162,train,1.80196964
2021-08-03,1.179360714,train,1.0531253,train,1.356122996,train,1.438782565,train,1.6099132,train,2.589234189
2021-08-04,0.45649152,train,1.0755298,train,0.950534416,train,0.860442274,train,1.5276543,train,1.911350549
2021-08-05,0.709122245,train,1.0490226,train,0.967562501,train,0.883912575,train,1.6099132,train,1.563870944
2021-08-06,0.510060613,train,0.79298973,train,0.822264226,train,1.134157017,train,1.6099132,train,1.138428971
2021-08-07,0.121997034,train,0.6948017,train,2.166741192,train,1.294981684,train,1.4063983,train,0.649160288
2021-08-08,0.688540216,train,0.6883301,train,0.854429896,train,0.99359904,train,1.4995636,train,0.644214364
2021-08-09,1.318977712,train,0.6479207,train,1.365771391,train,1.374000465,train,1.5276543,train,1.235163691
2021-08-10,1.46674831,train,0.60504293,train,1.397150428,train,1.465016085,train,1.4995636,train,1.425148036
2021-08-11,1.011352067,train,0.60420305,train,1.010806676,train,1.044503441,train,1.5276543,train,0.936712747
2021-08-12,1.457909192,train,0.8431896,train,1.504303685,train,1.566267791,train,1.6099132,train,1.668133735
2021-08-13,2.058020104,train,0.9960932,train,1.73892883,train,1.666864862,train,1.6099132,train,0.989631332
2021-08-14,0.344528849,train,1.2557645,train,0.724147561,train,0.711610198,train,1.6030552,train,0.546345167
2021-08-15,0.982607734,train,1.5300647,train,1.059962096,train,1.198601603,train,1.6099132,train,0.947949291
2021-08-16,0.392143524,train,1.7920219,train,0.604489929,train,0.637516258,train,1.5818225,train,0.393313759
2021-08-17,2.347201503,train,1.9138442,train,2.033702893,train,1.967352828,train,1.5276543,train,1.514780746
2021-08-18,0.418235658,train,1.9207028,train,0.834775373,train,0.617643908,train,1.6030552,train,1.539396508
2021-08-19,0.838227875,train,1.9476941,train,0.882263538,train,0.989411158,train,1.5276543,train,1.175798942
2021-08-20,0.028054426,train,1.8621603,train,0.634218124,train,0.207587107,train,1.6099132,train,1.893916191
2021-08-21,0.059592895,train,1.8611699,train,0.469147157,train,0.250076443,train,1.5276543,train,1.074160073
2021-08-22,0.027506448,train,1.0813,train,0.427805704,train,0.584118659,train,1.4063983,train,0.890570287
2021-08-23,0.981283971,train,1.2977879,train,1.048309065,train,1.029062956,train,1.5276543,train,0.952352781
2021-08-24,1.844512032,train,1.4313825,train,1.589305439,train,1.644923697,train,1.4995636,train,1.64132169
2021-08-25,0.408330498,train,1.599738,train,0.806266946,train,0.688706459,train,1.5276543,train,2.263476492
2021-08-26,0.86557208,train,1.5417281,train,0.969218046,train,0.916633556,train,1.5276543,train,1.448216387
2021-08-27,2.05258439,train,1.5326831,train,1.867953057,train,1.66133429,train,1.6099132,train,1.205826828
2021-08-28,2.515324174,train,1.5493429,train,2.07605569,train,1.906634566,train,1.7261105,train,1.294267347
2021-08-29,1.769919175,train,1.5809505,train,1.584614597,train,1.848589041,train,2.2098477,train,1.324522985
2021-08-30,0.200933101,train,1.6341882,train,0.706974214,train,0.642331635,train,1.7298347,train,1.441715028
2021-08-31,2.021304585,train,1.1982387,train,1.899822877,train,1.745839911,train,1.6099132,train,1.409561611
2021-09-01,0.129315937,train,1.139615,train,0.862981483,train,0.784069436,train,1.6030552,train,1.325895081
2021-09-02,0.675151876,train,1.1382035,train,1.084473371,train,0.84580642,train,1.5276543,train,1.345830339
2021-09-03,0.705977569,train,1.1513175,train,0.986716612,train,0.901467181,train,1.4886572,train,1.608260477
2021-09-04,0.193238199,train,1.1200413,train,0.60530498,train,0.48578637,train,1.5276543,train,0.743371324
2021-09-05,0.644375469,train,1.0417347,train,0.766754332,train,0.836887126,train,1.4063983,train,1.056425156
2021-09-06,0.348238606,train,0.7663684,train,0.654790252,train,0.875626823,train,1.4995636,train,0.803854843
2021-09-07,0.688534143,train,0.7414859,train,0.985313332,train,1.359480366,train,1.5276543,train,0.81884001
2021-09-08,1.977651798,train,0.72601366,train,1.823247236,train,1.784390589,train,1.4995636,train,1.445255875
2021-09-09,1.475546557,train,0.84712017,train,1.566195665,train,1.302221157,train,1.5276543,train,1.287243629
2021-09-10,0.323799527,train,1.0188453,train,0.602645134,train,0.764115768,train,1.4995636,train,1.456054239
2021-09-11,0.405141667,train,1.0702248,train,0.77220435,train,0.826238535,train,1.6099132,train,0.308362296
2021-09-12,0.165541532,train,1.2168171,train,0.631423217,train,0.714164154,train,1.6099132,train,0.609397485
2021-09-13,0.915369702,train,1.2625971,train,0.898813247,train,0.823662247,train,1.5276543,train,0.727761531
2021-09-14,0.734997184,train,1.2954365,train,0.799472761,train,0.847322162,train,1.5276543,train,0.850835325
2021-09-15,2.162246401,train,1.3987547,train,1.68654663,train,1.998687919,train,1.5276543,train,1.20705043
2021-09-16,0.426894992,train,1.3987628,train,0.798270579,train,0.878894676,train,1.6030552,train,1.336049994
2021-09-17,0.266595732,train,1.3694273,train,0.632988679,train,0.484215219,train,1.5276543,train,0.99028126
2021-09-18,0.64996225,train,1.2537678,train,0.901524121,train,0.800921842,train,1.6099132,train,1.123039843
2021-09-19,0.81607525,train,1.1533071,train,0.843121183,train,0.72843064,train,1.4995636,train,0.645831924
2021-09-20,0.583656695,train,1.0802473,train,0.66152333,train,0.638006688,train,1.5276543,train,1.128108767
2021-09-21,0.081777298,train,0.94906807,train,0.407615505,train,0.384879686,train,1.5276543,train,1.568809857
2021-09-22,0.814779087,train,0.94766337,train,1.402217983,train,1.059134577,train,1.5276543,train,1.395759489
2021-09-23,3.063230584,train,0.9472128,train,2.414840185,train,2.2587146,train,1.5276543,train,1.65041709
2021-09-24,1.948366608,train,0.7759353,train,1.986025564,train,1.642265275,train,1.8468904,train,1.664417212
2021-09-25,0.423929931,train,0.9150798,train,0.704538133,train,0.727454608,train,1.7298347,train,1.115114403
2021-09-26,0.947049791,train,0.8929181,train,1.17009874,train,1.227135205,train,1.6099132,train,2.050343596
2021-09-27,1.010154588,train,0.98169684,train,1.209485226,train,1.386880776,train,1.6099132,train,1.67373275
2021-09-28,2.524034565,train,1.0008045,train,2.004027715,train,2.003201531,train,1.5276543,train,1.585971731
2021-09-29,2.653216859,train,1.056997,train,2.441906138,train,1.964817566,train,1.6030552,train,2.047036039
2021-09-30,0.309757604,train,1.1717628,train,0.78716517,train,0.885863017,train,1.6030552,train,1.592279824
2021-10-01,5.050690279,train,1.0650662,train,3.955086233,train,3.737477897,train,2.4619477,train,1.574269602
2021-10-02,2.616765598,train,1.3179942,train,2.503265534,train,2.604374837,train,2.3696172,train,2.605053704
2021-10-03,0.827957931,train,1.1378136,train,1.22328086,train,1.018836282,train,1.6030552,train,1.492430944
2021-10-04,3.618730144,,,train,2.753145221,train,2.944510997,train,1.7298347,train,1.755297593
2021-10-05,4.309143407,,,train,3.264562548,train,3.978441472,train,3.1706712,train,2.486848265
2021-10-06,0.804467813,,,train,1.483320324,train,1.291593797,train,1.4891208,train,2.610134838
2021-10-07,2.274277146,,,train,1.901862256,train,2.152801066,train,1.5386162,train,1.991086921
2021-10-08,1.728283469,,,train,1.912364402,train,1.983715095,train,1.6030552,train,2.361076406
2021-10-09,0.386527,,,train,0.807287573,train,0.693117078,test,1.9343938,train,1.830862211
2021-10-10,0.518083623,,,train,0.710436436,train,0.588311254,test,1.6099132,train,0.998166487
2021-10-11,2.334615267,,,train,1.981527192,train,2.161356457,test,1.6099132,test,1.12593556
2021-10-12,4.265140947,,,train,3.373414483,test,1.440629711,test,1.6030552,test,1.855542841
2021-10-13,2.133793617,,,train,1.978510795,test,1.829953927,test,1.5551077,test,2.262377817
2021-10-14,0.287150233,test,1.0502354,train,0.788974616,test,1.418003097,test,2.2098477,test,1.793390528
2021-10-15,2.835522576,test,1.0598036,train,2.313714634,test,1.198582302,test,1.6099132,test,1.407327235
2021-10-16,1.972536766,test,1.1748068,train,1.881734433,test,2.037819016,test,1.6030552,test,1.944504816
2021-10-17,0.001804928,test,1.1551155,train,0.288214696,test,1.247099703,test,2.4619477,test,1.092215869
2021-10-18,1.085446952,test,1.048178,train,1.209802754,test,1.24538539,test,1.6099132,test,1.295801889
2021-10-19,1.305919754,test,1.1345993,test,1.737747193,test,1.916806987,test,1.6099132,test,1.861013373
2021-10-20,0.63445796,test,1.1138709,test,1.523989237,test,1.766576127,test,2.427921,test,1.787751827
2021-10-21,1.100659271,test,1.0594786,test,1.249765693,test,1.537310104,test,1.5276543,test,1.550268366
2021-10-22,1.711563548,test,1.0459237,test,1.590664261,test,1.584946205,test,1.6099132,test,1.413161621
2021-10-23,1.19534296,test,1.1089834,test,1.389855806,test,1.40211433,test,1.5276543,test,1.37092482
2021-10-24,0.185814627,test,1.0387957,test,1.295041414,test,1.088155575,test,1.5276543,test,1.161624504
2021-10-25,2.351496782,test,1.1320591,test,1.570932297,test,2.158178341,test,1.6099132,test,1.174290426
2021-10-26,2.703196375,test,1.3393502,test,2.13905643,test,1.978961911,test,2.2098477,test,1.915677453
2021-10-27,3.29740461,test,1.4476984,test,1.577572674,test,1.570855368,test,1.6030552,test,1.486770286
2021-10-28,0.6977352,test,1.2856164,test,2.196972569,test,2.244074245,test,1.7682477,test,1.89135644
2021-10-29,1.980753047,test,1.2383811,test,1.591869507,test,2.00768157,test,1.7298347,test,1.578570883
2021-10-30,1.607204304,test,1.2726448,test,1.658101667,test,1.4817748,test,1.6099132,test,1.573543425
2021-10-31,0.731247306,test,1.326753,test,1.358603828,test,1.309489136,test,1.5276543,test,1.111069238
2021-11-01,0.036156777,test,1.4386957,test,1.472687632,test,1.742370721,test,1.6099132,test,1.580096892
2021-11-02,0.311937865,test,1.2632827,test,1.664435103,test,2.298517808,test,1.6099132,test,1.461985986
2021-11-03,0.599019402,test,1.3419743,test,1.782680511,test,1.500724994,test,1.5276543,test,1.055187242
2021-11-04,0.335008689,test,1.317909,test,1.2424848,test,1.024459683,test,1.5276543,test,1.290097865
2021-11-05,2.450686762,test,1.4097476,test,1.683845267,test,1.439768001,test,1.4995636,test,1.320726912
2021-11-06,2.544805597,test,1.6950341,test,1.753400469,test,1.421551514,test,1.6030552,test,1.677149846
2021-11-07,1.056543129,test,1.8371776,test,1.551765912,test,1.334054124,test,1.6030552,test,2.027808541
2021-11-08,1.666764582,test,1.4024638,test,1.488967225,test,1.717485987,test,1.5105255,test,2.019420193
2021-11-09,3.082478052,test,1.6008646,test,2.121789737,test,1.84885723,test,1.6099132,test,1.965638355
2021-11-10,0.927062019,test,1.7647005,test,2.260122671,test,2.093203877,test,1.8989625,test,2.961880429
2021-11-11,3.326409364,test,1.7544979,test,1.677767786,test,2.254532308,test,1.5386162,test,2.602526789
2021-11-12,4.087889191,test,1.8253621,test,2.592350257,test,1.42379335,test,1.7236528,test,2.654096059
2021-11-13,2.196230376,test,1.7404056,test,2.37791812,test,1.576448648,test,2.5201936,test,2.341894231
2021-11-14,0.353533964,test,1.679505,test,1.417365638,test,1.272196087,test,1.7261105,test,1.335110526
2021-11-15,1.171055644,test,1.5260774,test,1.536902766,test,1.840597866,test,1.6099132,test,1.352813175
2021-11-16,0.314748461,test,1.6687189,test,1.400391002,test,1.223035726,test,1.6099132,test,1.431392243
2021-11-17,4.641765835,test,1.558196,test,1.191732159,test,1.226657063,test,1.5276543,test,1.293180115
2021-11-18,1.581660098,test,1.5565051,test,2.334311976,test,1.705574602,test,3.65548,test,2.275790487
2021-11-19,1.882153992,test,1.5803258,test,1.561052631,test,1.295189061,test,1.7298347,test,1.493437704
2021-11-20,0.2412154,test,1.6684575,test,1.431806312,test,1.08361964,test,1.6099132,test,1.630455296
2021-11-21,1.620956006,test,1.6571261,test,1.249768873,test,1.449762403,test,1.6099132,test,1.212113294
2021-11-22,1.022825038,test,1.6878953,test,1.304039195,test,1.202900076,test,1.6099132,test,1.714565231
2021-11-23,4.727615934,test,1.9255508,test,1.372879595,test,1.231377184,test,1.4063983,test,1.12550452
2021-11-24,1.534243044,test,1.9786676,test,2.463179049,test,1.928629868,test,2.4737341,test,1.810755661
2021-11-25,0.128908039,test,1.9297392,test,1.39122574,test,1.67887494,test,1.7298347,test,1.090598282
2021-11-26,0.870794258,test,1.8700502,test,1.493726513,test,1.171042624,test,2.6348243,test,1.627527811
2021-11-27,1.466551626,test,1.6702428,test,1.466901954,test,1.12004481,test,1.6099132,test,1.570670649
2021-11-28,1.589998734,test,1.4645572,test,1.0661735,test,1.428955925,test,1.5276543,test,1.030902956
2021-11-29,1.130789439,test,1.3332369,test,1.270495102,test,1.151858253,test,1.4063983,test,0.80614658
2021-11-30,0.256904444,test,1.3135434,test,1.352378758,test,1.317953547,test,1.6099132,test,0.8945906
2021-12-01,0.406461144,test,0.9825166,test,1.205351548,test,1.372163483,test,1.5818225,test,1.495417315
2021-12-02,1.378162383,test,0.7725583,test,1.209294635,test,1.190111861,test,1.5276543,test,1.151770087
2021-12-03,2.741604734,test,0.68801475,test,1.171093183,test,0.911576602,test,1.5276543,test,1.556711282
2021-12-04,2.474026411,test,0.5380212,test,1.356171139,test,1.117405912,test,1.6030552,test,1.479363152
2021-12-05,1.109093567,test,0.13200657,test,1.356546987,test,1.20508108,test,2.1817572,test,1.275468915
2021-12-06,1.094372408,test,0.2560702,test,1.307710661,test,1.781900613,test,1.7298347,test,1.535127909
2021-12-07,2.550229281,test,0.49022102,test,1.275155229,test,1.227926214,test,1.6099132,test,2.013453757
2021-12-08,0.347897619,test,0.610781,test,2.138546386,test,1.485084552,test,1.9528676,test,1.854510305
2021-12-09,1.814108707,test,0.7066647,test,2.16998386,test,1.563277753,test,1.7298347,test,0.584855164
2021-12-10,3.234612403,test,0.80323845,test,1.727452215,test,1.223543227,test,1.6099132,test,1.887092466
2021-12-11,0.75338165,test,1.09354,test,2.102226883,test,1.918646626,test,2.4737341,test,1.664978191
2021-12-12,1.193070702,test,1.0637633,test,1.55886686,test,1.904143235,test,1.7298347,test,1.550799605
2021-12-13,1.26465557,test,1.1002516,test,1.373559275,test,1.403762587,test,1.6099132,test,1.607247145
2021-12-14,0.18993358,test,0.9941269,test,1.275125155,test,1.100960933,test,1.5276543,test,1.522396121
2021-12-15,0.105362985,test,1.0446148,test,1.511499282,test,1.235271105,test,1.6099132,test,1.479929836
2021-12-16,0.189733376,test,1.0201688,test,1.243877043,test,1.545546419,test,1.6099132,test,0.938637754
2021-12-17,0.4441162,test,0.939451,test,1.399083362,test,1.323770172,test,1.5276543,test,0.966473365
2021-12-18,1.842458986,test,0.89038205,test,1.096019922,test,1.008620659,test,1.5276543,test,0.730575986
2021-12-19,2.254198301,test,0.85209924,test,1.210772825,test,1.852464783,test,1.5276543,test,0.854403991
2021-12-20,0.901123989,test,0.891022,test,1.326751405,test,1.276152067,test,1.6030552,test,1.541674293
2021-12-21,1.701134583,test,0.9644204,test,1.260919431,test,1.392836109,test,1.6099132,test,1.492942932
2021-12-22,2.295466747,test,0.8814575,test,1.760187636,test,1.431225141,test,1.6099132,test,1.835498468
2021-12-23,1.011305015,test,0.87933713,test,1.293683671,test,1.327175561,test,1.6030552,test,1.485070783
2021-12-24,0.961375123,test,0.82502484,test,1.105815204,test,1.212318039,test,1.6099132,test,1.125457267
2021-12-25,0.224223349,test,0.875032,test,1.114109069,test,0.89923616,test,1.5818225,test,0.913610259
2021-12-26,0.082279144,test,0.76046574,test,0.95727542,test,0.773152975,test,1.4063983,test,0.950100009
2021-12-27,0.54341031,test,0.7362276,test,0.97024669,test,0.839091487,test,1.4063983,test,0.995384736
2021-12-28,0.640673792,test,0.8599581,test,1.171018733,test,1.103369267,test,1.4995636,test,1.124152739
2021-12-29,1.452170733,test,1.2045488,test,1.043460068,test,1.237893557,test,1.4995636,test,1.194211153
2021-12-30,0.021845986,test,1.3648832,test,1.177161742,test,1.294374213,test,1.4995636,test,1.846112961
2021-12-31,1.208938782,test,1.4588561,test,1.086058258,test,0.868312799,test,1.5276543,test,0.987050789
2022-01-01,1.834263582,test,1.4524481,test,1.016776159,test,0.891366241,test,1.5818225,test,0.65391779
2022-01-02,1.014806122,test,1.0151122,test,1.017583113,test,1.058503705,test,1.4995636,test,0.869017288
2022-01-03,1.60294766,test,1.1526875,test,1.218752043,test,1.048387954,test,1.4886572,test,1.286112989
2022-01-04,3.714308875,test,1.3995781,test,1.3072444,test,1.907903415,test,1.6099132,test,1.830568884
2022-01-05,4.31e-06,test,1.7504346,test,1.828467948,test,1.898342625,test,3.001445,test,2.677603064
2022-01-06,0.021577301,test,1.8150964,test,1.49695165,test,1.576353661,test,1.5386162,test,1.463905739
2022-01-07,2.871621331,test,1.6834173,test,1.504619488,test,1.384968949,test,1.6099132,test,1.59709361
2022-01-08,0.713028884,test,1.9750563,test,1.478017944,test,2.056242891,test,2.5033221,test,1.745162143
2022-01-09,1.191487018,test,1.9537671,test,1.2086477,test,1.560460925,test,1.7298347,test,1.014649254
2022-01-10,1.021517174,test,2.1179097,test,1.363428502,test,1.161056539,test,1.6099132,test,1.533214696
2022-01-11,0.911119768,test,2.0151258,test,1.403081849,test,1.520927114,test,1.5276543,test,1.96942963
2022-01-12,1.590324373,test,1.6763443,test,1.493584918,test,1.320288271,test,1.6099132,test,1.721626508
2022-01-13,1.611419194,test,1.5793092,test,1.509295954,test,1.736017788,test,1.5276543,test,1.899837177
2022-01-14,1.111938447,test,1.468868,test,1.158932876,test,1.493282107,test,1.5276543,test,1.158558648
2022-01-15,0.449385798,test,1.4265292,test,1.319376126,test,1.033390327,test,1.6099132,test,1.387627095
2022-01-16,0.651683523,test,1.21065,test,1.410560893,test,0.885085595,test,1.6099132,test,1.454115201
2022-01-17,0.559348301,test,1.0997645,test,1.438441431,test,1.114360283,test,1.5276543,test,1.633946911
2022-01-18,0.740780089,test,1.2314562,test,1.133261845,test,1.047270596,test,1.5276543,test,1.713233888
2022-01-19,2.003992278,test,1.2119592,test,1.522696156,test,1.083254329,test,1.5276543,test,1.635012684
2022-01-20,0.327801974,test,1.2233989,test,2.716087631,test,1.921708192,test,2.892959,test,1.168711387
2022-01-21,2.388235198,test,1.1110814,test,1.17574008,test,1.220188337,test,1.5276543,test,0.80013058
2022-01-22,2.051591973,test,1.1292676,test,1.817447936,test,1.50078381,test,2.2098477,test,0.937486976
2022-01-23,0.826637512,test,1.1622336,test,1.130065736,test,1.290286612,test,1.7261105,test,2.047329814
2022-01-24,0.775571581,test,1.169575,test,1.451818455,test,1.203195928,test,1.6099132,test,1.833170093
2022-01-25,2.102657905,test,1.1951859,test,1.277761113,test,1.259771013,test,1.6099132,test,1.584316688
2022-01-26,0.419463702,test,1.0487213,test,2.422819564,test,1.067890427,test,1.6030552,test,1.695723912
2022-01-27,2.909218864,test,0.9684495,test,1.278943554,test,1.171868039,test,1.5276543,test,1.273770428
2022-01-28,1.645512073,test,0.94520086,test,2.201577904,test,2.062563012,test,1.6030552,test,2.559187551
2022-01-29,0.806028821,test,0.7561683,test,1.244435523,test,1.473934832,test,1.7298347,test,1.596341721
2022-01-30,0.679545004,test,0.7881158,test,1.067368577,test,1.157392249,test,1.6099132,test,1.62591303
2022-01-31,0.466186903,test,0.4748224,test,1.322713143,test,1.41971949,test,1.6099132,test,2.018493539
2022-02-01,0.678256097,test,0.5594218,test,1.480227889,test,0.950205224,test,1.5276543,test,1.837110257
2022-02-02,0.8832865,test,0.71910006,test,1.404998337,test,1.949308748,test,1.5276543,test,2.178516949
2022-02-03,2.11319237,test,0.7897387,test,1.259765343,test,1.45743552,test,1.5276543,test,2.069511856
2022-02-04,0.844060595,test,0.8867604,test,2.382564106,test,1.252108897,test,2.0097947,test,2.452590003
2022-02-05,1.140952412,test,0.99280065,test,1.041913864,test,1.222338237,test,1.5276543,test,1.486945973
2022-02-06,0.133680466,test,1.1074828,test,1.207372588,test,0.962908632,test,1.6099132,test,1.568681724
2022-02-07,1.19190278,test,1.1467979,test,1.117895367,test,1.327693439,test,1.5276543,test,1.454117222
2022-02-08,2.97616748,test,1.3188894,test,1.227037655,test,1.48046727,test,1.5276543,test,1.665166297
2022-02-09,3.706318165,test,1.4537017,test,1.735236001,test,1.718050658,test,1.6030552,test,2.002480423
2022-02-10,1.226770326,test,1.3428693,test,1.604031439,test,1.813303529,test,1.5551077,test,1.819201003
2022-02-11,1.400831825,test,1.1329712,test,1.33241284,test,1.41336094,test,1.7298347,test,2.129569059
2022-02-12,1.299265434,test,0.8537659,test,1.416135605,test,1.141363783,test,1.6099132,test,1.868873912
2022-02-13,0.856773355,test,0.73883486,test,1.008373536,test,1.131165001,test,1.6099132,test,0.934205304
2022-02-14,0.513373648,test,0.6310358,test,1.165620123,test,0.745431989,test,1.6099132,test,1.521003107
2022-02-15,1.722109038,test,0.6391144,test,1.297181873,test,0.992898861,test,1.6099132,test,1.466183828
2022-02-16,0.158698704,test,0.6656966,test,1.509967527,test,1.464226722,test,1.5276543,test,1.535315111
2022-02-17,0.297766969,test,0.5605036,test,1.084042385,test,1.346603882,test,1.5276543,test,1.151645482
2022-02-18,1.866212483,test,0.5974737,test,1.116625713,test,1.158486646,test,1.6099132,test,0.986971611
2022-02-19,1.218256652,test,0.6126127,test,0.967720693,test,0.717758697,test,1.5276543,test,0.892307234
2022-02-20,0.078224715,test,0.5453029,test,0.95869062,test,0.851537463,test,1.4063983,test,0.905319292
2022-02-21,0.73564944,test,0.63610506,test,1.228773172,test,1.057704742,test,1.6099132,test,1.877358942
2022-02-22,1.206907262,test,0.8007234,test,1.169936255,test,1.27027305,test,1.6099132,test,1.659609146
2022-02-23,0.060356103,test,0.7749352,test,1.203153609,test,1.002703413,test,1.5276543,test,0.843747367
2022-02-24,3.791826324,test,0.7857323,test,1.952657148,test,0.973202054,test,1.5276543,test,0.981460283
2022-02-25,0.292031914,test,0.88962436,test,2.276018139,test,2.150353977,test,2.7947228,test,2.078514331
2022-02-26,0.595074831,test,0.75506485,test,0.965151749,test,0.795117147,test,1.7298347,test,0.632829208
2022-02-27,1.613240844,test,0.7667259,test,1.136066518,test,1.352160961,test,1.6099132,test,1.642933171
2022-02-28,0.237515711,test,-0.12435396,test,1.149639551,test,1.232066324,test,1.4995636,test,1.060094509
2022-03-01,1.272551637,test,-0.8626583,test,1.048059347,test,0.852231774,test,1.4063983,test,0.572821916
2022-03-02,2.908051832,test,-0.12984462,test,1.539491387,test,1.345746116,test,1.6099132,test,1.727556181
2022-03-03,2.771840395,test,-0.12124176,test,2.288027142,test,1.780572046,test,1.9528676,test,2.597412713
2022-03-04,4.46e-06,test,-0.14696927,test,1.593332036,test,1.840702473,test,1.9528676,test,1.839307239
2022-03-05,0.689789907,test,-0.12771316,test,1.544734902,test,1.786723898,test,1.7298347,test,0.87189021
2022-03-06,0.571296315,test,-0.003959013,test,1.673672752,test,1.493966371,test,1.6099132,test,1.406487796
2022-03-07,1.861555057,test,-0.05655844,test,1.241940361,test,1.667320775,test,2.427921,test,0.882268943
2022-03-08,3.72146088,test,0.27457005,test,1.168294705,test,1.214751743,test,1.5276543,test,1.755233857
2022-03-09,1.550084858,test,0.48313332,test,1.846308031,test,1.93950362,test,1.2759807,test,1.742140601
2022-03-10,2.30450229,test,0.7227166,test,1.587124849,test,1.538516946,test,1.7298347,test,1.201994278
2022-03-11,1.004136519,test,0.9279548,test,1.954821424,test,1.358598167,test,1.6030552,test,2.251317885
2022-03-12,0.418500955,test,0.8788732,test,1.708625305,test,1.619043983,test,1.6099132,test,1.893193583
2022-03-13,0.201153282,test,0.9458849,test,1.566596619,test,0.922198644,test,1.6099132,test,1.26574749
2022-03-14,2.110870302,test,1.1215128,test,1.385439739,test,1.150288781,test,1.5276543,test,1.230625492
2022-03-15,3.403500171,test,1.8428242,test,1.846496697,test,1.70098013,test,1.6030552,test,1.993070997
2022-03-16,2.924320703,test,2.2027621,test,1.97225708,test,2.014775754,test,1.2759807,test,2.05281266
2022-03-17,0.596468848,test,1.7253284,test,1.894616268,test,1.654475407,test,1.6030552,test,1.878690838
2022-03-18,1.371136655,test,1.4505627,test,1.668765588,test,1.559875371,test,2.136574,test,2.046164097
2022-03-19,1.631937785,test,1.4265233,test,1.401320453,test,1.367126532,test,1.6099132,test,1.600169866
2022-03-20,0.832249484,test,1.3212293,test,1.014013709,test,1.077487419,test,1.5276543,test,1.38838415
2022-03-21,0.02389356,test,1.1553358,test,1.402828809,test,1.555972628,test,1.6099132,test,1.64452569
2022-03-22,0.354846236,test,1.0456492,test,1.714986444,test,1.985541066,test,1.6099132,test,1.210202274
2022-03-23,0.11102477,test,1.1216639,test,1.339338116,test,1.078612144,test,1.5276543,test,1.172215982
2022-03-24,1.543132454,test,0.89365685,test,1.271325558,test,0.912299589,test,1.5276543,test,1.145981615
2022-03-25,4.51e-06,test,0.913211,test,1.035709964,test,0.856572861,test,1.5276543,test,1.861047678
2022-03-26,0.729018789,test,0.93886304,test,0.982051344,test,1.248115881,test,1.5276543,test,0.81954509
2022-03-27,1.488041182,test,0.915822,test,1.176461318,test,1.202307337,test,1.6099132,test,0.967128541
2022-03-28,1.128806667,test,1.0456923,test,1.350420572,test,1.450448636,test,2.427921,test,1.48696738
2022-03-29,0.534574196,test,1.304397,test,1.224712747,test,1.335791118,test,1.5276543,test,1.505481228
2022-03-30,2.811292443,test,1.5263625,test,1.343838631,test,1.377320599,test,1.6099132,test,1.719339169
2022-03-31,2.03018685,test,1.4757645,test,1.785181339,test,1.898571956,test,1.6030552,test,1.89013565
2022-04-01,0.879513145,test,1.5412947,test,1.521912432,test,1.343381649,test,1.6030552,test,1.393459917
2022-04-02,0.332554663,test,1.4674395,test,1.705817189,test,1.710841703,test,1.6099132,test,0.92407159
2022-04-03,0.20009603,test,1.5062612,test,1.478913504,test,1.366100995,test,1.6099132,test,1.158224468
2022-04-04,0.425962312,test,1.4058425,test,1.410812847,test,1.445251468,test,1.5276543,test,1.407800674
2022-04-05,0.30309614,test,1.4804052,test,1.547945455,test,1.322434558,test,1.5276543,test,1.699488257
2022-04-06,1.612586699,test,1.3851634,test,1.270019047,test,1.337627429,test,1.4995636,test,1.255732034
2022-04-07,0.639120633,test,1.2746023,test,1.396722254,test,1.246762523,test,1.5276543,test,1.714529837
2022-04-08,2.402911594,test,1.2811432,test,1.314385497,test,1.370418513,test,1.5276543,test,1.659211043
2022-04-09,1.765903979,test,1.246112,test,1.729981496,test,1.367628871,test,1.6030552,test,1.803459634
2022-04-10,0.532616465,test,1.3004628,test,1.040996251,test,0.932590081,test,1.5276543,test,1.450978023
2022-04-11,0.184186476,test,1.1671475,test,1.253296245,test,0.930549914,test,1.6099132,test,1.249372924
2022-04-12,1.276070059,test,1.0318869,test,1.462570606,test,1.08262755,test,1.6099132,test,0.768669667
2022-04-13,3.728765122,test,1.0197237,test,1.310119194,test,1.29509037,test,1.5276543,test,1.733869958
2022-04-14,0.646385846,test,1.0742378,test,1.844618368,test,1.872485587,test,2.2605941,test,2.227746933
2022-04-15,0.26992629,test,0.8898024,test,1.204221788,test,1.232468793,test,1.7298347,test,1.382523666
2022-04-16,0.125523068,test,0.80398905,test,1.714956605,test,0.993473281,test,1.6099132,test,1.312864743
2022-04-17,0.055200325,test,0.77968127,test,0.924503543,test,0.88948274,test,1.5276543,test,1.06103806
2022-04-18,0.273187445,test,0.7942458,test,1.077274824,test,1.153446604,test,1.5276543,test,0.724054263
2022-04-19,0.920424053,test,0.93849707,test,1.01066548,test,0.717462205,test,1.5276543,test,1.160576467
2022-04-20,1.020070049,test,0.9863427,test,1.489432853,test,1.328794807,test,1.5276543,test,1.260009397
2022-04-21,3.865971316,test,1.0886784,test,1.143289076,test,1.014538062,test,1.5276543,test,1.232166297
2022-04-22,0.351339843,test,1.1407486,test,1.787189797,test,1.519382566,test,2.4737341,test,2.216273794
2022-04-23,1.683200401,test,1.0615563,test,1.098414478,test,1.574033931,test,1.7298347,test,0.824145568
2022-04-24,1.138589138,test,1.0941643,test,1.479377174,test,1.315069666,test,1.6099132,test,1.542498492
2022-04-25,0.079552107,test,0.98862493,test,1.175565819,test,1.330759439,test,1.5276543,test,1.106088454
2022-04-26,0.158388991,test,0.98103446,test,1.288347678,test,0.984562122,test,1.6099132,test,1.595660798
2022-04-27,2.504537659,test,0.872538,test,1.204964452,test,0.753537649,test,1.4995636,test,0.854585605
2022-04-28,0.886268726,test,0.80526197,test,2.046918888,test,1.569295166,test,1.6030552,test,0.821372799
2022-04-29,2.249328048,test,0.82633114,test,1.012824665,test,1.278846584,test,2.4619477,test,1.329273827
2022-04-30,0.068871992,test,0.7783111,test,1.376052503,test,1.466958713,test,2.2098477,test,1.428837934
2022-05-01,1.57592923,test,0.50653446,test,1.176878691,test,1.291644987,test,1.5276543,test,0.674234297
2022-05-02,1.166766198,test,0.8487534,test,1.412031571,test,1.970757113,test,1.6099132,test,2.169453098
2022-05-03,0.722955742,test,0.97997874,test,1.405331766,test,1.903262556,test,1.475222,test,2.229410664
2022-05-04,1.299163572,test,0.9746478,test,1.244427853,test,1.404661519,test,1.9058204,test,2.05853169
2022-05-05,1.620855026,test,0.82985383,test,1.292951697,test,1.295402793,test,1.9343938,test,1.812659547
2022-05-06,3.180066893,test,0.999144,test,1.253505104,test,1.19250257,test,1.5276543,test,1.203017939
2022-05-07,0.92661384,test,1.0358204,test,1.755572612,test,1.673164832,test,1.6030552,test,2.027190194
2022-05-08,0.185589157,test,0.82853675,test,1.118250895,test,1.612330296,test,1.7298347,test,2.352946564
2022-05-09,1.347636049,test,0.66256475,test,1.535310589,test,1.440175073,test,2.0166526,test,2.753674517
2022-05-10,1.122236711,test,0.82535386,test,2.148459807,test,1.315295611,test,1.5276543,test,1.745131866
2022-05-11,7.603377677,test,0.90918034,test,1.442830415,test,1.521175223,test,1.5276543,test,1.45971382
2022-05-12,2.114049319,test,1.3578204,test,2.916749448,test,2.441153721,test,1.8354884,test,3.357834532
2022-05-13,1.120983247,test,1.103462,test,1.711157711,test,1.757241466,test,1.6030552,test,2.398665666
2022-05-14,1.220908417,test,1.0545467,test,1.362680803,test,1.309116284,test,1.6099132,test,2.108557797
2022-05-15,2.191975525,test,0.8203727,test,1.194031298,test,1.186268127,test,1.6099132,test,1.85169361
2022-05-16,2.469824039,test,0.84399855,test,1.831901192,test,1.595028859,test,1.6030552,test,1.439147005
2022-05-17,0.618103513,test,1.0555092,test,1.725618756,test,1.494797249,test,1.6030552,test,2.122095328
2022-05-18,4.317217187,test,0.7859627,test,1.572837852,test,1.704211109,test,1.5386162,test,1.540915944
2022-05-19,0.50424127,test,0.69229394,test,2.985160778,test,2.588478908,test,2.2605941,test,2.429464387
2022-05-20,1.311720568,test,0.46262807,test,0.985250215,test,0.940222301,test,1.7298347,test,1.404824381
2022-05-21,0.510724125,test,0.35957676,test,1.592091966,test,1.12362699,test,1.6099132,test,1.684554013
2022-05-22,0.49650221,test,0.5631596,test,1.179896989,test,0.953874968,test,1.5276543,test,1.163845259
2022-05-23,0.032117289,test,0.6051907,test,1.206921502,test,1.123501555,test,1.6099132,test,1.439678596
2022-05-24,0.978116787,test,0.7926369,test,1.058358726,test,0.835083027,test,1.5276543,test,1.462772854
2022-05-25,1.578857966,test,1.1045941,test,1.266777471,test,1.146849144,test,1.4063983,test,1.367481782
2022-05-26,4.305860685,test,1.0516188,test,1.225430979,test,1.407194475,test,1.5276543,test,1.238968765
2022-05-27,1.249879225,test,1.1577773,test,1.733065205,test,1.423324424,test,2.2605941,test,2.668915187
2022-05-28,0.593642981,test,1.0501593,test,1.620164157,test,1.608930484,test,1.9453557,test,1.553004291
2022-05-29,0.843646899,test,1.075314,test,1.33200905,test,0.972395323,test,1.6099132,test,1.920852128
2022-05-30,0.075550447,test,1.0487002,test,1.46004752,test,1.146782617,test,1.6099132,test,1.273881535
2022-05-31,2.143162988,test,1.1138431,test,1.021833957,test,1.448664754,test,1.4063983,test,0.766443377
2022-06-01,3.48452504,test,1.2161509,test,1.337178523,test,1.170891201,test,1.7261105,test,1.69662957
2022-06-02,0.502408425,test,1.2423316,test,1.892201058,test,2.029221862,test,1.936793,test,2.166352883
2022-06-03,2.486051756,test,1.0477668,test,1.349885723,test,1.252578051,test,1.5386162,test,1.25303163
2022-06-04,0.247779433,test,0.9412379,test,1.546173854,test,1.90067443,test,1.6030552,test,2.100011395
2022-06-05,1.701539579,test,0.7852383,test,1.28594474,test,1.126393915,test,1.7298347,test,1.067125148
2022-06-06,0.242491254,test,0.8148822,test,1.354434366,test,1.538253759,test,1.6099132,test,1.534624285
2022-06-07,2.299441317,test,0.8361167,test,1.148610938,test,1.176647411,test,1.5276543,test,1.114766089
2022-06-08,0.129310363,test,0.9146788,test,2.046325744,test,2.125059077,test,1.6030552,test,1.515469176
2022-06-09,1.20044314,test,0.7742498,test,1.18698051,test,1.121350624,test,1.5276543,test,0.966830826
2022-06-10,2.480981528,test,0.75131243,test,1.725571961,test,1.398853039,test,1.6099132,test,1.609563606
2022-06-11,2.371904765,test,0.85360545,test,1.465856328,test,1.703660592,test,1.6030552,test,1.382028733
2022-06-12,0.830715713,test,0.9268279,test,1.741129498,test,1.508053039,test,1.6030552,test,1.413838801
2022-06-13,0.748102562,test,0.82115185,test,1.589399398,test,1.3074163,test,1.6099132,test,1.29839451
2022-06-14,1.59896811,test,0.76027614,test,1.555997942,test,1.239866633,test,1.6099132,test,1.324600116
2022-06-15,0.680648143,test,0.62269545,test,1.187652643,test,1.163744875,test,1.5276543,test,1.390431256
2022-06-16,1.498562086,test,0.48350912,test,0.955256262,test,1.028265387,test,1.5276543,test,1.048035995
2022-06-17,1.871246942,test,0.34935147,test,1.307175065,test,1.057857901,test,1.6099132,test,1.450399371
2022-06-18,1.594223661,test,0.42360222,test,1.192019596,test,1.16217986,test,1.5276543,test,1.49119435
2022-06-19,0.07011638,test,0.28830057,test,1.144294953,test,0.806905263,test,1.6099132,test,1.77223889
2022-06-20,1.285500095,test,0.41302603,test,1.182530678,test,1.05330088,test,1.6099132,test,1.293061057
2022-06-21,2.422389321,test,1.1986222,test,1.28806202,test,0.867542335,test,1.6099132,test,1.908657291
2022-06-22,1.728043,test,1.777964,test,1.700846768,test,1.69257702,test,1.6030552,test,1.716571433
2022-06-23,3.180328198,test,2.0607574,test,1.361565799,test,1.270006099,test,1.6099132,test,2.125355488
2022-06-24,1.053565496,test,2.1495202,test,1.838111098,test,1.537963765,test,1.6030552,test,2.626173514
2022-06-25,0.207891245,test,1.8848175,test,1.326600258,test,1.557784169,test,1.7298347,test,1.143363667
2022-06-26,0.278720639,test,1.6446983,test,1.478000645,test,1.42593134,test,1.6099132,test,1.438384317
2022-06-27,1.935032375,test,1.6052175,test,1.445302935,test,1.607397348,test,1.5276543,test,1.361221236
2022-06-28,1.978011517,test,1.7517103,test,1.149887594,test,1.14926591,test,1.5276543,test,1.744049175
2022-06-29,4.709390374,test,1.5472461,test,1.379778579,test,1.491298501,test,1.5276543,test,1.614522917
2022-06-30,0.807247757,test,1.2447484,test,2.444556839,test,2.263887731,test,1.4891208,test,2.287119905
2022-07-01,0.719662903,test,0.83615136,test,1.635825817,test,1.439786986,test,1.7298347,test,1.700387805
2022-07-02,0.778571857,test,0.6254282,test,1.444278422,test,1.241067043,test,1.4886572,test,1.365867778
2022-07-03,0.819483344,test,0.65753657,test,1.152532528,test,0.885261305,test,1.5276543,test,1.469069912
2022-07-04,0.84380444,test,0.7750554,test,1.027905714,test,0.705087227,test,1.5276543,test,1.673706336
2022-07-05,0.850985133,test,0.7244539,test,1.155347634,test,0.64093389,test,1.5276543,test,1.152421353
2022-07-06,0.84043652,test,0.76109445,test,1.622200868,test,1.094987676,test,1.5276543,test,1.220766818
