Fecha,Vol. Futuros,typeLSTM,LSTM,typeRandomForest,RandomForest,typeXGBoost,XGBoost,typeELM,ELM
2020-01-01,1.2899457760904345,,,,,,,,
2020-01-02,0.7350455366085377,,,,,,,,
2020-01-03,0.5918344361205096,,,,,,,,
2020-01-04,1.367154258393283,,,,,train,1.7933295,,
2020-01-05,1.505321285893915,,,,,train,1.7933295,,
2020-01-06,0.5081280687581757,,,,,train,1.7933295,,
2020-01-07,0.2044572374476228,,,,,train,1.7933295,,
2020-01-08,2.69111665334746,,,,,train,1.7933295,,
2020-01-09,1.5222281247718752,,,,,train,2.2770402,,
2020-01-10,1.3542314451934303,,,,,train,1.7933295,,
2020-01-11,0.4681859701626271,train,0.43577546,,,train,1.7933295,train,1.1126924279602337
2020-01-12,1.9493140031636056,train,0.3095085,,,train,1.7933295,train,0.9592589596316848
2020-01-13,1.3516828116199882,train,0.4601968,,,train,1.7933295,train,1.150616128878054
2020-01-14,0.3050775955205447,train,0.5001623,,,train,1.7933295,train,0.8735491223944086
2020-01-15,0.5235614053945052,train,0.41586155,,,train,1.7933295,train,0.8586814025498511
2020-01-16,1.1881327886752675,train,0.45718318,train,1.1291154030996322,train,1.7933295,train,1.1463710435569587
2020-01-17,0.7107981947794908,train,0.54869777,train,0.7744176182990654,train,1.7933295,train,0.7414405431314453
2020-01-18,0.2995874402042159,train,0.55665284,train,0.4504993994116184,train,1.7933295,train,0.8399436157599663
2020-01-19,0.1299080621834803,train,0.5581714,train,0.4173612861017368,train,1.7933295,train,0.854461339785631
2020-01-20,0.1611754499106269,train,0.6339063,train,0.3639317042352337,train,1.7933295,train,1.02551076511067
2020-01-21,0.3950001102797744,train,0.80410546,train,0.5990876405428007,train,1.7933295,train,0.8301914030635739
2020-01-22,0.0450349028102233,train,0.9025491,train,0.4804853490859236,train,1.7933295,train,0.8828808618775499
2020-01-23,1.4311514393255726,train,1.1276724,train,1.2435022440837864,train,1.7933295,train,0.8181206751336116
2020-01-24,2.1998642457237776,train,1.5165725,train,1.7293606638159522,train,1.7933295,train,1.171783010284761
2020-01-25,1.904046571174338,train,1.6385471,train,1.8248712006904624,train,1.7933295,train,1.0285111077019513
2020-01-26,0.797569047456087,train,1.6604303,train,0.950885438765521,train,1.7933295,train,1.18661262731896
2020-01-27,0.5743405330303827,train,1.6382347,train,0.8708322917447766,train,1.7933295,train,1.0836798623710002
2020-01-28,1.4647084440734763,train,1.5860755,train,1.4414315987880175,train,1.7010586,train,0.9512118632208189
2020-01-29,2.897353803515561,train,1.5071309,train,2.270320812208184,train,1.7933295,train,1.098197515406371
2020-01-30,0.5404090774011734,train,1.5241303,train,1.1206559148497768,train,1.8525201,train,1.192683277592146
2020-01-31,1.1266344983100531,train,1.2070386,train,1.1852513817259969,train,1.7933295,train,1.0059188403795505
2020-02-01,0.949190543424825,train,1.1384902,train,1.0851939847117655,train,1.7933295,train,1.4350665690514948
2020-02-02,2.2841217784914933,train,1.0014304,train,1.8459669432181791,train,1.7933295,train,1.3855655958831825
2020-02-03,1.5045470709314714,train,1.0888568,train,1.5337737447334103,train,1.8525201,train,1.1072326868563618
2020-02-04,0.2550371186005288,train,0.987383,train,0.5124511437288813,train,1.7010586,train,1.1180439743454251
2020-02-05,0.4083721856994941,train,0.8281301,train,0.6455729240191396,train,1.7933295,train,1.1360932613941288
2020-02-06,0.4083721856995077,train,0.80837905,train,0.8904531447410526,train,1.7010586,train,1.4063739491275549
2020-02-07,0.2035624112597794,train,0.7498149,train,0.3399991363058001,train,1.7010586,train,0.7048062716107816
2020-02-08,0.4964518092232793,train,0.6343589,train,0.6175933967459823,train,1.7010586,train,0.9210229166851268
2020-02-09,0.7667193305619916,train,0.69026077,train,0.9380692809910942,train,1.7933295,train,0.9495695760684736
2020-02-10,0.7001438734968917,train,0.664165,train,0.7683922692958325,train,1.7933295,train,1.1997800792801
2020-02-11,0.1992032531240576,train,0.7518136,train,0.469425896211422,train,1.7933295,train,0.9270640338778996
2020-02-12,0.1491424586670119,train,0.94461226,train,0.6024194983584253,train,1.7010586,train,0.9546046175358645
2020-02-13,3.7059335916774248,train,1.4951609,train,2.5690257175746027,train,1.7933295,train,0.993940239902516
2020-02-14,4.35564048364502,train,2.1107883,train,3.5247703535157022,train,2.3561294,train,1.7432420248408986
2020-02-15,1.1724009371212356,train,1.9214398,train,1.6321010653289971,train,1.8468434,train,1.4300971076761115
2020-02-16,1.2240897412521297,train,1.6145265,train,1.279001591280417,train,1.7933295,train,1.1015760551851057
2020-02-17,1.8066111016514084,train,1.5953484,train,1.6062297004701014,train,1.7933295,train,1.495040868919476
2020-02-18,0.5067535236575924,train,1.6247647,train,0.8924001699290649,train,1.7010586,train,1.2732827867304557
2020-02-19,0.2343567981468269,train,1.4140706,train,0.7061908085928283,train,1.7933295,train,0.8685825718686042
2020-02-20,3.0420596700711853,train,1.3834422,train,2.4463673965171,train,1.7010586,train,1.0336191704139437
2020-02-21,4.943345785517375,train,1.6118324,train,3.938886024310719,train,2.2770402,train,1.695998194109946
2020-02-22,1.571832626950776,train,1.6857898,train,2.058043774554882,train,1.8468434,train,1.83802131977061
2020-02-23,2.24620381678938,train,1.3743485,train,1.7562676949072775,train,1.7933295,train,1.3674506967943532
2020-02-24,2.073182317480946,train,1.411253,train,1.9859808665160177,train,1.8525201,train,1.829488585508611
2020-02-25,1.1267724846342289,train,1.3245488,train,1.305424853751871,train,1.7933295,train,1.4669953030391365
2020-02-26,1.8501915385321988,train,1.0822845,train,1.5548342487606386,train,1.7933295,train,1.0529099407764588
2020-02-27,0.8283526426643875,train,1.1419983,train,0.9869450251915516,train,1.7933295,train,1.4406017559176372
2020-02-28,1.7407677316253023,train,0.76961994,train,1.548957398296454,train,1.7933295,train,1.4064197901644635
2020-02-29,0.4069836621173391,train,0.6121762,train,0.81527078367337,train,1.7933295,train,2.0039593498188224
2020-03-01,0.2639822201410393,train,0.87417805,train,0.6503004299318307,train,1.7010586,train,1.9590475895589607
2020-03-02,3.3785306752695474,train,2.671157,train,2.539872687751742,train,1.7933295,train,2.511932562024953
2020-03-03,5.431967408015392,train,4.9277544,train,4.3338732079724975,train,3.2915335,train,3.28460976927947
2020-03-04,3.274851843026279,train,5.1174397,train,3.0936597067101133,train,2.1799753,train,3.389289099350244
2020-03-05,6.43393661231856,train,4.9597306,train,4.841973471902001,train,2.7333183,train,3.8255802079806713
2020-03-06,3.945742755845812,train,3.4580438,train,3.754837303759967,train,2.7333183,train,3.8061577049131072
2020-03-07,1.7091587710159044,train,2.091581,train,1.9755759816368708,train,1.9451212,train,2.443095978373435
2020-03-08,0.8233164760327127,train,1.953899,train,1.119943668464498,train,1.7010586,train,2.399190849286668
2020-03-09,4.008911306829982,train,3.167501,train,3.0767847881918096,train,1.7010586,train,2.6061311708811
2020-03-10,4.749996838368508,train,3.8831325,train,3.922925158620069,train,2.7333183,train,2.45333993587115
2020-03-11,2.3916108895772603,train,2.8305945,train,2.7701461029256773,train,2.1670637,train,2.895106373932281
2020-03-12,2.17498378825885,train,1.6098409,train,2.380363175343464,train,1.8525201,train,2.6748626557287563
2020-03-13,1.9427067960261155,train,1.5945549,train,1.9210438479411784,train,1.7010586,train,3.041542257326144
2020-03-14,1.1161971158534345,train,1.1915894,train,1.3402798025007028,train,1.7010586,train,2.178561604384857
2020-03-15,0.6741892823474449,train,0.85781705,train,1.0177059544608444,train,1.7933295,train,1.783169140973167
2020-03-16,1.1963252948501308,train,1.0526882,train,1.279737124911478,train,1.7010586,train,0.9788236600722772
2020-03-17,0.967125526517775,train,1.5025458,train,1.3926986665154104,train,1.7010586,train,1.6020851559373008
2020-03-18,4.883644011289098,train,5.0471845,train,3.8681987436288647,train,2.421294,train,4.151249344366456
2020-03-19,7.658391551454409,train,6.855697,train,6.128876125766018,train,3.2915335,train,4.952668375641036
2020-03-20,2.581061409648843,train,3.2769904,train,3.327052186379179,train,2.096514,train,3.390579958774592
2020-03-21,0.1341637271150786,train,0.41144484,train,1.3177348666131317,train,1.5910919,train,1.1036775634587157
2020-03-22,0.0565309975216359,train,-0.2865129,train,0.9752691184867994,train,1.7010586,train,0.8492757782369353
2020-03-23,1.20895899577306,train,1.509335,train,1.6245014805938016,train,1.7076197,train,1.3074244979891805
2020-03-24,3.524772421650577,train,3.2537704,train,3.0887412836040733,train,2.2820172,train,2.775521270097496
2020-03-25,3.4047507053401,train,4.129522,train,3.396882618779509,train,2.346284,train,3.2268586623342976
2020-03-26,4.163995111793222,train,4.7522817,train,3.7714071428446334,train,2.346284,train,3.61057960949446
2020-03-27,7.321355909118174,train,5.9390645,train,5.488170174294607,train,3.2915335,train,4.214952621416187
2020-03-28,2.254793138616029,train,3.4960575,train,2.885977845005914,train,2.0269663,train,2.247253388979272
2020-03-29,2.1659056793209683,train,2.3652825,train,2.1444970637481973,train,1.9650624,train,1.3233894187510669
2020-03-30,3.0233952818435723,train,2.8229837,train,2.7377993420164444,train,2.190736,train,2.144971870875106
2020-03-31,0.2093364800463322,train,1.0164633,train,1.1590124493963272,train,1.8525201,train,1.7396726381637522
2020-04-01,3.0144502797969013,train,2.6891942,train,2.883347601089244,train,1.9650624,train,2.3498585719623915
2020-04-02,2.8470161678474364,train,2.964984,train,2.721353568186111,train,1.8310052,train,3.1114276512631323
2020-04-03,3.7998167930129023,train,3.97441,train,3.159963908291251,train,2.2820172,train,2.8773688308230545
2020-04-04,2.489985335026472,train,2.6746156,train,2.6294797452954346,train,2.096514,train,2.204878989872393
2020-04-05,1.0450388660914405,train,1.9141563,train,1.494387174662133,train,1.9650624,train,1.9259321343349625
2020-04-06,2.956527830207942,train,2.824513,train,2.5166951985471395,train,2.190736,train,1.9238975739141235
2020-04-07,2.748006356602968,train,2.4272408,train,2.442959738017386,train,2.1765168,train,3.036299862862397
2020-04-08,0.0834376352119672,train,0.7317103,train,0.6109814134198863,train,1.7076197,train,1.230881116773643
2020-04-09,1.0067199117723968,train,0.8194767,train,1.5352007981371414,train,1.7076197,train,1.6401999984000204
2020-04-10,0.4094553113787866,train,0.6415665,train,0.988316217153166,train,1.7010586,train,1.8415181599749104
2020-04-11,1.195154981536982,train,1.0233675,train,1.2661349101200794,train,1.7076197,train,0.9862018102408264
2020-04-12,0.6287110822764721,train,0.9324252,train,0.9592120608156388,train,1.7010586,train,0.6897403128350549
2020-04-13,1.2683464024522668,train,1.7107999,train,1.4099925754593703,train,1.7010586,train,1.1888112135078734
2020-04-14,2.152435914811232,train,2.6101449,train,2.1188568748133694,train,1.9650624,train,2.440251146138211
2020-04-15,2.527514495819501,train,2.4952974,train,2.291428609984571,train,1.851356,train,2.6357709429682816
2020-04-16,1.3400535537482228,train,2.3235302,train,1.5427828080668442,train,1.7076197,train,2.317838813668049
2020-04-17,2.1735353843179044,train,2.1159873,train,1.910881863322808,train,1.7010586,train,1.1604068887761023
2020-04-18,0.3634800837719493,train,0.9884646,train,0.6885887722548197,train,1.7010586,train,0.7959933738114653
2020-04-19,0.0388147020045831,train,0.90791273,train,0.5603608097057144,train,1.7010586,train,0.3663276494709647
2020-04-20,1.765092860422011,train,1.7397181,train,1.6588990525667164,train,1.9617691,train,1.047142637195905
2020-04-21,3.583007543465498,train,2.4143562,train,2.76750450674684,train,2.2820172,train,1.9283892975153325
2020-04-22,0.8626614224337044,train,1.9227594,train,1.1565771059081271,train,1.8181466,train,1.7912338452659815
2020-04-23,0.4060461252201952,train,2.5002508,train,0.8410317408987757,train,1.7076197,train,1.296126952303175
2020-04-24,5.411725003682691,train,3.4262521,train,4.018511393046779,train,2.8826718,train,2.033037144673426
2020-04-25,3.106590554108553,train,2.2081907,train,2.641625948493211,train,2.1670637,train,1.6437089994280287
2020-04-26,0.4682361659512219,train,0.91121364,train,0.9113935123291912,train,1.5910919,train,0.4330371623123542
2020-04-27,2.066379520878636,train,1.985446,train,1.905993162485324,train,1.9650624,train,1.7263633350176817
2020-04-28,1.046134124536955,train,2.1008673,train,1.3440085220553843,train,1.9650624,train,2.185312675382902
2020-04-29,1.958505399440336,train,2.1024685,train,1.8083404955222169,train,1.9617691,train,1.4163159523234856
2020-04-30,0.960161001022007,train,1.5491583,train,1.21325843045489,train,1.7076197,train,1.1283823030644142
2020-05-01,0.1912960889433992,train,1.1613659,train,0.8311998964584838,train,1.7010586,train,0.8506130833551742
2020-05-02,0.7256541503481568,train,0.9981687,train,0.9329823893854036,train,1.7010586,train,0.7078749628325695
2020-05-03,0.046421713359991,train,1.0382962,train,0.5689782638316393,train,1.7010586,train,0.4435072366766068
2020-05-04,1.726861066163664,train,2.1740975,train,1.601283638021281,train,1.7076197,train,0.9473398066085232
2020-05-05,3.0786013386226707,train,2.4035256,train,2.4690287226779057,train,1.7010586,train,1.8046800378081365
2020-05-06,0.4582959442220386,train,2.0482256,train,0.8845823420501601,train,1.7076197,train,1.7556708480731087
2020-05-07,1.7528124034257349,train,2.071531,train,1.705195054753467,train,1.7010586,train,1.577205099254034
2020-05-08,2.436342064011467,train,2.5091653,train,2.275278011832641,train,1.9650624,train,2.68839728281265
2020-05-09,1.6048701893034436,train,2.0312343,train,1.5577290480432733,train,1.8525201,train,0.859228699479406
2020-05-10,0.5101508549501993,train,1.7259896,train,0.8799932468316323,train,1.7010586,train,0.4877555718680242
2020-05-11,2.144717568153759,train,2.3986697,train,1.7788671849451994,train,1.7010586,train,0.9630368924080857
2020-05-12,3.123069011846781,train,2.7706273,train,2.3966124725008777,train,2.1765168,train,2.808411991655232
2020-05-13,1.9603783430567927,train,2.1941283,train,1.854984703548071,train,2.2820172,train,1.8864344423629031
2020-05-14,1.2952927560658456,train,1.2249717,train,1.364572815711801,train,1.7076197,train,1.175610269189806
2020-05-15,0.0953743515309779,train,0.31961936,train,0.4664629500874779,train,1.7010586,train,0.869834078100991
2020-05-16,0.4157195243621409,train,0.47703505,train,0.9162708119038044,train,1.7076197,train,0.7249495197693165
2020-05-17,0.175441756717522,train,0.40475905,train,0.4995798547906248,train,1.7010586,train,0.6550387899309221
2020-05-18,1.0953898665696638,train,1.1674819,train,1.1411730978920216,train,1.7010586,train,0.6954383834940562
2020-05-19,1.2691122159499717,train,1.8237083,train,1.2208765116903355,train,1.7010586,train,0.961509132782422
2020-05-20,1.3164270973625969,train,1.6699593,train,1.3027707469295349,train,1.9650624,train,1.5950626713641702
2020-05-21,0.8555185259818665,train,1.6666969,train,1.124685725056407,train,1.7010586,train,1.5957563795924894
2020-05-22,1.103922897686448,train,1.4979414,train,1.2509069419291436,train,1.7010586,train,1.3341714054736278
2020-05-23,0.1422673733033917,train,1.0755649,train,0.4985705974093195,train,1.7933295,train,0.379812026506642
2020-05-24,1.0296226309939194,train,1.0309463,train,1.1268517930246555,train,1.7010586,train,0.5252100672185767
2020-05-25,0.7963874936654175,train,1.183659,train,0.9804092128448016,train,1.7010586,train,0.7510323707926608
2020-05-26,0.5307826922104625,train,1.8890965,train,0.8673443900076458,train,1.7010586,train,0.8357441507221097
2020-05-27,2.504947930444253,train,2.3270328,train,2.075491306946066,train,1.7010586,train,1.056436444119773
2020-05-28,3.373335724252059,train,2.5677168,train,2.759699759601569,train,2.2770402,train,1.960442382274404
2020-05-29,2.866112253186237,train,2.0369973,train,3.025590153500392,train,2.1670637,train,1.378403935162567
2020-05-30,0.2399621655782306,train,1.2340462,train,0.6694028635055087,train,1.5910919,train,1.2760584719623491
2020-05-31,1.3419664701185163,train,1.0769956,train,1.186462244978231,train,1.7933295,train,0.1597296837829636
2020-06-01,0.9535665303638144,train,1.0816703,train,1.0495436866227563,train,1.7010586,train,1.4335696534626836
2020-06-02,0.1017811792700603,train,0.33631235,train,0.5283149396498882,train,1.7010586,train,0.9368874509457332
2020-06-03,0.9123225975521972,train,1.7050202,train,1.15789244358683,train,1.851356,train,1.0528712264985298
2020-06-04,0.963252061347217,train,1.2774663,train,1.0780389079810628,train,1.7010586,train,0.949325927621373
2020-06-05,0.7612317906196397,train,0.6439611,train,1.2385464058017202,train,1.7010586,train,1.4521204087884023
2020-06-06,0.7096608095053457,train,0.40325457,train,0.7861858142031029,train,1.7010586,train,0.1223325384062941
2020-06-07,0.0386625070637545,train,0.524943,train,0.5487003813614145,train,1.7010586,train,0.8952410461398292
2020-06-08,0.670998302441591,train,0.7552949,train,0.7961135180154797,train,1.7010586,train,0.437086340020882
2020-06-09,1.1184661587894815,train,0.95657593,train,1.1979796749721991,train,1.7010586,train,1.5844812681155096
2020-06-10,1.0794245130880402,train,1.1102597,train,1.254957596383273,train,1.7010586,train,1.076999351627285
2020-06-11,0.7782140442054963,train,0.8249561,train,1.0107580352802674,train,1.7010586,train,1.162110347778267
2020-06-12,0.8368249670516579,train,0.942259,train,1.022413902349343,train,1.7010586,train,0.9006867132702587
2020-06-13,0.34810787231702,train,0.76884174,train,0.6064446445940564,train,1.7010586,train,0.4586273147880154
2020-06-14,0.2010167862218936,train,0.7135567,train,0.479776614921616,train,1.7010586,train,0.6254808906494943
2020-06-15,0.7193912941926641,train,0.70757943,train,1.0222185545564766,train,1.7010586,train,1.1107847066259744
2020-06-16,0.3730353379906367,train,1.0364575,train,0.7250397947220723,train,1.7010586,train,1.3075410026316203
2020-06-17,2.738454427779605,train,1.9202226,train,2.1591597001868688,train,1.7010586,train,1.4771953893746943
2020-06-18,1.729149711006111,train,1.9816024,train,1.7080529566821745,train,1.8310052,train,2.242259051905138
2020-06-19,0.9025811207312332,train,1.529723,train,1.0074151519229149,train,1.7010586,train,1.7205821681701563
2020-06-20,0.552212160417347,train,0.76611423,train,0.8274354297421127,train,1.7010586,train,1.4212003760376295
2020-06-21,1.022935370234095,train,0.8898366,train,0.9658051886730128,train,1.7010586,train,1.0910526229117834
2020-06-22,0.7444082296674301,train,0.8725691,train,0.8228600577386431,train,1.7010586,train,0.5871437976934778
2020-06-23,0.3121750714184585,train,0.8156796,train,0.5551413103161242,train,1.7010586,train,1.0242851076486166
2020-06-24,0.4147232486446389,train,1.4498365,train,0.8383815460685426,train,1.7010586,train,1.4710953293885178
2020-06-25,1.8799509273316783,train,2.402062,train,1.6254917205286457,train,1.7010586,train,1.5207949127779292
2020-06-26,0.8398999505238683,train,1.6569275,train,0.96461622045534,train,1.7010586,train,1.590898027977546
2020-06-27,1.3368582843108796,train,1.444074,train,1.0986104072436482,train,1.7010586,train,0.776051632031289
2020-06-28,0.97077287599299,train,0.6643994,train,0.9808730030712668,train,1.7010586,train,0.8101541804612383
2020-06-29,0.7806224979323902,train,1.0207175,train,0.8077355259674474,train,1.7010586,train,0.5255783429411413
2020-06-30,1.409182856111807,train,1.5742835,train,1.370192661814189,train,1.7010586,train,1.593760237309739
2020-07-01,2.954424630672552,train,2.509322,train,2.380779945844393,train,2.190736,train,2.308793586646509
2020-07-02,0.7793512413556868,train,2.101354,train,0.9682959122934848,train,1.8525201,train,1.5921856146356306
2020-07-03,2.304224712610933,train,2.2420435,train,1.9938570388789163,train,1.7010586,train,1.547150399408172
2020-07-04,2.207136362714829,train,2.0371237,train,1.8906546252148564,train,1.8525201,train,1.069223934791849
2020-07-05,1.2234897140103504,train,1.3724785,train,1.3401634319651805,train,1.7010586,train,1.4872312813790354
2020-07-06,0.6698424436843388,train,1.220139,train,0.8355585989309661,train,1.7010586,train,1.2638532214016345
2020-07-07,2.0871208100906458,train,1.2283671,train,1.6409317659674518,train,1.7010586,train,1.111772972254128
2020-07-08,0.3027247518724999,train,1.1306628,train,0.694224442438667,train,1.7010586,train,1.1799080625187397
2020-07-09,1.2713112999837726,train,1.7186745,train,1.2758426830244836,train,1.7010586,train,1.062094023524724
2020-07-10,1.5992087013948306,train,1.3806412,train,1.5013745680023611,train,1.7010586,train,1.6596511451305307
2020-07-11,0.0806220584778462,train,0.9379671,train,0.5098551608930385,train,1.7010586,train,1.29266112526649
2020-07-12,0.8788478225145714,train,0.91102016,train,0.8587050569263083,train,1.7010586,train,0.3626507778694841
2020-07-13,0.4934480973333447,train,0.54500306,train,0.6645226955944045,train,1.7010586,train,0.8904445656952589
2020-07-14,0.7212808189240798,train,0.7667318,train,0.8950623841029781,train,1.7010586,train,0.684987047211584
2020-07-15,0.7786180005539735,train,1.5207992,train,1.0245762673470349,train,1.7010586,train,1.911846481860542
2020-07-16,1.1914152843570252,train,2.1684833,train,1.2392852633268343,train,1.7010586,train,1.630947282775489
2020-07-17,3.9874068552350734,train,2.875186,train,3.168371038500175,train,1.7010586,train,1.6955241089024298
2020-07-18,0.901258613632955,train,1.8837024,train,1.2735873801492463,train,1.6091673,train,1.239194570285199
2020-07-19,1.6831915769216597,train,2.423109,train,1.495443106137046,train,1.7010586,train,1.379412987199197
2020-07-20,1.773956603869982,train,2.5791466,train,1.6698464920913694,train,2.190736,train,1.5824031874224032
2020-07-21,2.0101179321087304,train,3.445955,train,1.7220992877110206,train,1.7933295,train,1.802588446042325
2020-07-22,7.520900048323763,train,4.210158,train,5.250701099206935,train,2.8826718,train,2.531271358724081
2020-07-23,0.7875880414650491,train,1.8907788,train,1.398295673501521,train,1.6091673,train,2.0092444804910548
2020-07-24,0.8337241437828343,train,1.1306006,train,1.0314831142132534,train,1.7010586,train,1.3432753947396645
2020-07-25,1.4532559397682223,train,0.83663344,train,1.2559839632090088,train,1.7010586,train,1.3647007035221714
2020-07-26,0.6809830918086858,train,0.3254246,train,0.8761192183438644,train,1.7010586,train,0.7335529103594985
2020-07-27,0.3060345478319902,train,0.37692547,train,0.6429687386912581,train,1.7010586,train,0.9252451304894284
2020-07-28,0.6816658979097681,train,1.3519641,train,1.01832584633274,train,1.7010586,train,1.3607764156442903
2020-07-29,1.7627575083313238,train,2.226197,train,1.5774860194659124,train,1.7933295,train,1.7405760507229893
2020-07-30,3.304993467255219,train,2.763661,train,3.084620569737254,train,2.190736,train,2.1074348026754746
2020-07-31,3.073225212920414,train,2.2618556,train,2.466811378891796,train,2.1397858,train,1.4833324276679862
2020-08-01,0.1664637721459027,train,1.0543637,train,0.6626596235475696,train,1.5910919,train,1.2099943222597065
2020-08-02,1.2029062408784643,train,1.6024816,train,1.1073913350137945,train,1.7010586,train,0.8752595819345894
2020-08-03,0.1497995481684192,train,1.3328843,train,0.5055240029624493,train,1.7010586,train,0.9515171856237362
2020-08-04,2.636687584074213,train,1.8586099,train,2.1217702786051205,train,1.7933295,train,1.2000469474946922
2020-08-05,0.412201737806486,train,1.5519779,train,0.9202832197488968,train,1.8310052,train,1.550225896042677
2020-08-06,3.815176596437617,train,2.2994556,train,2.662710275618948,train,1.7010586,train,1.7548428588324714
2020-08-07,1.3336398997251708,train,1.352617,train,1.5192797468581782,train,1.8887933,train,2.21609279601562
2020-08-08,0.5870225032774898,train,0.70059484,train,0.8272698008988462,train,1.7933295,train,0.4182648877057293
2020-08-09,0.8351353108472437,train,0.9271062,train,0.9872168993132946,train,1.7933295,train,0.9355129326976844
2020-08-10,1.077424195366705,train,1.1240648,train,1.0593721527436109,train,1.7010586,train,1.1378826024125528
2020-08-11,1.1163322002213376,train,1.8372891,train,1.0428073444271884,train,1.7010586,train,1.6576985799341517
2020-08-12,0.6266806543559487,train,2.156567,train,0.9275190173490628,train,1.7010586,train,1.4200890543829228
2020-08-13,3.636764417087479,train,2.2341208,train,2.89630358686658,train,1.7933295,train,1.513111442360933
2020-08-14,1.2992820282485815,train,1.2449102,train,1.46113726068216,train,1.8468434,train,1.4587235971273729
2020-08-15,1.7002377428534146,train,1.4871111,train,1.40976559543401,train,1.7010586,train,1.1344845654070062
2020-08-16,0.0982265378326265,train,1.245899,train,0.477401700390055,train,1.7010586,train,1.153493645589014
2020-08-17,2.340342463527248,train,2.0796175,train,1.9150478966936253,train,1.7010586,train,1.2149840305947437
2020-08-18,3.193799238348068,train,1.622682,train,2.568127614522792,train,2.2770402,train,1.984671019549622
2020-08-19,0.7150398499075876,train,1.020434,train,1.0008302489214556,train,1.851356,train,1.672712442934356
2020-08-20,0.0843881906620056,train,1.1583405,train,0.6764618148270628,train,1.7010586,train,1.3272834977256798
2020-08-21,1.298991657452344,train,1.3752898,train,1.4001684178909792,train,1.7933295,train,2.1808766351803905
2020-08-22,0.1077101662365514,train,1.145981,train,0.4663538950392287,train,1.7010586,train,0.8523235736247532
2020-08-23,0.6037726501179205,train,1.1160089,train,0.8253255740156235,train,1.7010586,train,0.6932927452586668
2020-08-24,0.8363008063477586,train,1.1196789,train,1.007137491278269,train,1.7010586,train,1.376558672772641
2020-08-25,2.4236142113548897,train,1.30068,train,1.881858680677746,train,1.7010586,train,1.7952843486727563
2020-08-26,0.3252035386377343,train,0.84330606,train,0.8002457875975546,train,1.8525201,train,1.5012274807777113
2020-08-27,0.1220752949159428,train,1.2372098,train,0.5739852493343467,train,1.7010586,train,0.6461639188219789
2020-08-28,3.3196409533206706,train,1.8059621,train,2.462220039550793,train,1.7933295,train,1.2494829394737237
2020-08-29,1.5519376679876329,train,1.393993,train,1.6127706741135204,train,1.921538,train,0.960812201191542
2020-08-30,0.0364400364405488,train,0.95530736,train,0.3789516170582562,train,1.7010586,train,0.7849838849680698
2020-08-31,0.513684903029952,train,0.9225701,train,0.7610664797539035,train,1.7010586,train,1.271527147246076
2020-09-01,1.6049255453279232,train,1.1745712,train,1.3364812336448653,train,1.7010586,train,0.8212023332617251
2020-09-02,0.3037208105449671,train,0.9109565,train,0.5644088659365443,train,1.7933295,train,0.1672224206342276
2020-09-03,0.0760167273397525,train,1.1734551,train,0.4245298050610177,train,1.7010586,train,0.1291797560672531
2020-09-04,2.402517958699005,train,1.5432656,train,1.992036364650004,train,1.7010586,train,0.8902379582087887
2020-09-05,1.7582809300030866,train,1.1221662,train,1.6324352017690116,train,1.8310052,train,1.004532293285742
2020-09-06,0.3250724220450234,train,0.9879467,train,0.5873231537961029,train,1.7010586,train,0.5112694776631613
2020-09-07,1.0753899988156652,train,1.6811824,train,1.2114294990737675,train,1.7010586,train,0.6378000478410862
2020-09-08,2.50275949681977,train,2.467245,train,2.0664683596121503,train,1.7010586,train,1.8771498107716773
2020-09-09,2.4005725057660103,train,2.1284606,train,1.9325941285837,train,1.8525201,train,1.935967996311756
2020-09-10,2.174413344160351,train,1.7118651,train,1.9773658823922136,train,1.8525201,train,1.747249626356918
2020-09-11,0.6394605201746353,train,0.8326801,train,1.041472104213466,train,1.7010586,train,1.096542912318108
2020-09-12,1.9507809761442367,train,2.3523793,train,1.7784766234804883,train,1.7010586,train,1.170367802625103
2020-09-13,3.100508352219829,train,2.719853,train,2.3901963390164243,train,1.7010586,train,2.5344425904271803
2020-09-14,2.581842490976357,train,2.3860273,train,2.116499330629731,train,1.8525201,train,1.9165687238961235
2020-09-15,1.0986885697124038,train,1.4122673,train,1.3016402177821875,train,1.5910919,train,1.3265752048430604
2020-09-16,1.3594442110314993,train,1.7296069,train,1.4370242689511032,train,1.7010586,train,1.5411244829641435
2020-09-17,2.0532881423863465,train,2.4808881,train,1.867497979891619,train,1.7010586,train,2.1524777697812074
2020-09-18,3.8848216916265694,train,2.54264,train,2.911356671158913,train,1.7010586,train,3.0846011607866872
2020-09-19,1.6537165313746631,train,1.4747754,train,1.6334522010370034,train,1.8468434,train,1.4546978227173977
2020-09-20,0.2283661936803517,train,0.8889556,train,0.6439331124187196,train,1.7010586,train,0.7855273902577936
2020-09-21,0.0068868384986555,train,0.08581142,train,0.4196819681605426,train,1.7010586,train,0.6113901886495839
2020-09-22,1.2126804798035775,train,0.54143685,train,1.2854866815085078,train,1.7010586,train,1.5257721111610854
2020-09-23,0.1356545539251232,train,0.9440097,train,0.5726523162032585,train,1.7010586,train,1.441473198068331
2020-09-24,0.5865119452398058,train,1.4454187,train,0.8079465854995314,train,1.7010586,train,0.7559388725487121
2020-09-25,2.2242909888346616,train,1.6093689,train,1.8416529969009665,train,1.7010586,train,0.9458529253922252
2020-09-26,0.0407471177466863,train,1.3683487,train,0.4960741511400202,train,1.7010586,train,0.5965641346674928
2020-09-27,1.8170663078358045,train,1.6276288,train,1.4630269702317134,train,1.7010586,train,1.0861297444854705
2020-09-28,1.897920107367025,train,1.4793915,train,1.5687690472223474,train,1.7010586,train,1.4172032912206975
2020-09-29,9.128251527171026e-06,train,1.6542814,train,0.3166901055246209,train,1.7010586,train,0.8941625834295881
2020-09-30,1.2698583337127345,train,1.9674991,train,1.1853885752426203,train,1.7010586,train,1.2128744110278382
2020-10-01,3.578363434291121,train,2.1934896,train,2.6033011107237294,train,1.7010586,train,1.3279426838802932
2020-10-02,1.7593046354937074,train,1.5426443,train,1.66152628874082,train,1.8468434,train,1.739454606865309
2020-10-03,0.7865107578291946,train,1.0462695,train,0.8689271955255131,train,1.7010586,train,0.6605559550787388
2020-10-04,1.1734960621435058,train,0.86423033,train,1.209997322884177,train,1.7010586,train,1.1697069370327646
2020-10-05,1.23229597107841,train,0.88021755,train,1.1669172971046926,train,1.7010586,train,1.53725947169663
2020-10-06,0.4188975173670387,train,1.0220858,train,0.5937798406426501,train,1.7010586,train,0.8745094637132745
2020-10-07,1.7952150703543095,train,0.68266505,train,1.5052747113089588,train,1.7010586,train,1.3478639046623633
2020-10-08,0.5913139813040367,train,0.61428785,train,0.739516098438829,train,1.7010586,train,1.37589363172473
2020-10-09,1.1722406551586042,train,0.54424447,train,1.1961363584761455,train,1.7010586,train,1.2774362798468526
2020-10-10,0.3835601446697049,train,0.41861814,train,0.6976201975376927,train,1.7933295,train,1.3200968751784252
2020-10-11,1.3117183888135422,train,0.65949416,train,1.1627877600272558,train,1.7010586,train,1.2545300888268949
2020-10-12,0.4797052547756029,train,0.7137115,train,0.6372427528031153,train,1.7010586,train,1.6806345477945188
2020-10-13,0.8665960732681199,train,1.3126503,train,0.9414073736500832,train,1.7933295,train,1.7752468915806578
2020-10-14,0.4551669214719075,train,1.522926,train,0.698981231160846,train,1.7010586,train,1.2636824555689683
2020-10-15,0.0912825257359577,train,1.5581505,train,0.4736775461226217,train,1.7010586,train,0.4655942816936479
2020-10-16,2.0761991448429127,train,1.8518842,train,1.7904950632707437,train,1.7010586,train,1.177620378862962
2020-10-17,1.0838029795529842,train,1.2845837,train,1.08309442117531,train,1.7933295,train,1.3640147875084063
2020-10-18,0.0264663906676429,train,0.8117082,train,0.3333940298715223,train,1.7010586,train,0.6796220345799222
2020-10-19,0.0678510908581406,train,0.14322583,train,0.3903498677409885,train,1.7010586,train,0.7532983866401534
2020-10-20,1.0903165608439855,train,0.6994071,train,1.057046399606732,train,1.7010586,train,0.612981549373532
2020-10-21,0.7175347695270455,train,0.9415812,train,0.8879875452618826,train,1.7010586,train,1.0188287258785464
2020-10-22,2.4188990600726745,train,1.8683944,train,2.1028103448171,train,1.7933295,train,1.1406562114092331
2020-10-23,1.036278703554666,train,1.4775099,train,1.1838016939344056,train,1.5910919,train,1.7989748219562116
2020-10-24,0.6799773726328711,train,0.95100164,train,0.7458480432378715,train,1.7010586,train,0.8638408025621823
2020-10-25,0.5998398622521253,train,0.86406755,train,0.6885787622126917,train,1.7010586,train,-0.0766815943623151
2020-10-26,1.0695448749005985,train,0.5754345,train,0.956542246119695,train,1.7010586,train,0.5793802660418516
2020-10-27,0.2808990611054952,train,0.7531354,train,0.5176229666235894,train,1.7010586,train,0.291434744583291
2020-10-28,1.840108537089129,train,1.2723413,train,1.4767254000209251,train,1.7010586,train,1.0246435770647002
2020-10-29,0.3816798526700853,train,1.1744353,train,0.6669329268784796,train,1.7010586,train,1.3254999829847516
2020-10-30,0.1913876182284053,train,1.1737088,train,0.6203039847183164,train,1.7010586,train,0.515143911203045
2020-10-31,0.7859499009242498,train,1.1304475,train,0.8893104856768843,train,1.7010586,train,0.4808575786830518
2020-11-01,0.7889041013650951,train,0.69840366,train,0.8254573901656017,train,1.7010586,train,0.716152213172326
2020-11-02,0.030421759541966,train,0.51556677,train,0.3825268253957667,train,1.7010586,train,0.0722232270330445
2020-11-03,0.6303051170487282,train,0.7283761,train,0.7839597745555422,train,1.7010586,train,0.3673563445341135
2020-11-04,0.4359415961916282,train,1.3036954,train,0.7152518607045374,train,1.7010586,train,1.3651679148353495
2020-11-05,2.823829648467227,train,1.7493963,train,2.0850124348716355,train,1.7010586,train,1.7144381155611066
2020-11-06,0.9394150814106452,train,1.0476463,train,1.057379389771531,train,1.8310052,train,1.645771605218228
2020-11-07,0.027110468190713,train,0.57369,train,0.4588945808391824,train,1.7010586,train,1.0685326614706767
2020-11-08,0.0776665865669314,train,0.32414418,train,0.3977572527205152,train,1.7010586,train,0.1210891397053954
2020-11-09,0.0429892579495941,train,0.6854987,train,0.4363956978085127,train,1.7010586,train,0.6219106749847123
2020-11-10,0.4202667871496199,train,0.9146146,train,0.638152313552682,train,1.7010586,train,0.430199474144865
2020-11-11,1.6636243202372292,train,1.1514891,train,1.3945175536892904,train,1.7010586,train,0.4772069014329273
2020-11-12,0.9124150889609192,train,1.1024455,train,0.9668464423766674,train,1.7010586,train,1.3980557410125245
2020-11-13,0.7750209752934694,train,1.3443376,train,0.9449715138212732,train,1.7933295,train,0.626495605888975
2020-11-14,1.324186832762031,train,1.7269024,train,1.237545055169303,train,1.7010586,train,0.9278683058704476
2020-11-15,2.636155283206452,train,1.9911617,train,1.931127941148568,train,1.7010586,train,1.315079291192103
2020-11-16,1.7326133542063953,train,1.7462004,train,1.526751844962447,train,1.8525201,train,0.5857156827660125
2020-11-17,0.4744455740362649,train,1.9998664,train,0.6855939503540649,train,1.7010586,train,0.8842824941302856
2020-11-18,3.0093391873213826,train,2.5204167,train,2.341039428744585,train,1.7010586,train,1.4235436976624776
2020-11-19,0.7487555780016064,train,1.9554071,train,1.03841312759314,train,1.8310052,train,1.292011876943459
2020-11-20,4.362326210919261,train,2.3677,train,2.9905589974882743,train,1.7933295,train,1.4486826214719766
2020-11-21,1.91517309451818,train,1.0806403,train,1.7795539573385866,train,1.8468434,train,1.977699781018096
2020-11-22,0.644617794143361,train,0.7461831,train,0.7544531977860928,train,1.7010586,train,0.3008957751721177
2020-11-23,0.3573069440475507,train,0.5988401,train,0.603449537591725,train,1.7010586,train,1.1703516884363183
2020-11-24,1.1423674319029344,train,1.2029715,train,1.0776131313314063,train,1.7010586,train,1.324440899865339
2020-11-25,1.1860450914747842,train,1.6349916,train,1.096049169953602,train,1.7010586,train,0.6245202517753399
2020-11-26,2.97809586888492,train,2.1491764,train,2.241697877333528,train,1.7933295,train,1.676605009239324
2020-11-27,3.120321831033816,train,2.1822057,train,2.5618888486036973,train,1.8525201,train,1.821237088345868
2020-11-28,1.964289045451832,train,1.8356403,train,1.8970179351889287,train,1.8525201,train,1.723169968082487
2020-11-29,0.0073215931374394,train,1.6057312,train,0.5022971256861994,train,1.7010586,train,0.7603111737709644
2020-11-30,2.78205464131397,train,2.0914738,train,2.145084972307252,train,1.7010586,train,1.9067249201649736
2020-12-01,4.273973942603764,train,1.9659299,train,3.2593677734654287,train,2.2770402,train,1.6651625780263657
2020-12-02,1.032267230741874,train,1.2803952,train,1.264118413510869,train,1.6091673,train,1.605673180034715
2020-12-03,0.6823054188504716,train,1.4183896,train,0.8924120169827839,train,1.7933295,train,0.8217784430880077
2020-12-04,1.974313055360886,train,1.2341872,train,1.727551646964965,train,1.7010586,train,2.6266761180980938
2020-12-05,0.7374513500124452,train,0.6305087,train,0.8947414975025076,train,1.7010586,train,1.4940033183127333
2020-12-06,0.8048603796258484,train,0.6025308,train,0.914323593953196,train,1.7933295,train,0.3100729182382833
2020-12-07,1.3101418114291377,train,1.0336012,train,1.1880019074192272,train,1.7010586,train,0.6796946272570333
2020-12-08,0.1281777573483601,train,1.3808614,train,0.5653770492856363,train,1.7010586,train,0.7078268048481663
2020-12-09,1.8966085748961603,train,1.8585032,train,1.5337291642848587,train,1.7010586,train,1.2693919173168866
2020-12-10,3.1272627656704515,train,1.9858441,train,2.481940806289482,train,1.7933295,train,1.6520270894200693
2020-12-11,0.4628663849840002,train,1.6626662,train,0.8617004616862761,train,1.8525201,train,0.9746602731769398
2020-12-12,1.0585802578357169,train,0.8849379,train,1.2151235947057064,train,1.7010586,train,0.218607163959116
2020-12-13,1.7906685375964584,train,0.85681146,train,1.5625192643083807,train,1.7010586,train,1.2848232290116306
2020-12-14,0.8189968119042876,train,0.63006395,train,0.8779592107339378,train,1.7010586,train,0.832479428534945
2020-12-15,0.3648899244211221,train,0.75259435,train,0.5610764667026608,train,1.7010586,train,0.6971719594035389
2020-12-16,1.571670410122981,train,1.3509319,train,1.5441515648234154,train,1.7010586,train,1.2805336691303495
2020-12-17,7.99680096363875e-06,train,0.43997788,train,0.4086951937517372,train,1.7010586,train,1.1859775641350008
2020-12-18,1.0854377925185816,train,0.2566797,train,1.1335109782551052,train,1.7010586,train,1.1551533554267053
2020-12-19,0.2713064319186639,train,0.1726443,train,0.6532112389628492,train,1.7010586,train,1.0422076980262198
2020-12-20,0.3941925329579669,train,0.28168708,train,0.6835743240778983,train,1.7933295,train,0.9454966924182246
2020-12-21,0.3609858107830235,train,0.07409029,train,0.5335913542463506,train,1.7010586,train,0.6203366169278385
2020-12-22,0.0804829017287039,train,0.68055695,train,0.3990301314357535,train,1.7010586,train,0.838233682560347
2020-12-23,0.281407220881105,train,0.92591447,train,0.7373165618210271,train,1.7010586,train,0.7318376747839537
2020-12-24,1.1177761090429714,train,0.41837716,train,1.2512670331272109,train,1.7010586,train,0.7935136757898335
2020-12-25,0.225729459972935,train,0.40956664,train,0.5662302413896078,train,1.7010586,train,1.1184526438582685
2020-12-26,1.2276991596925624,train,0.8716843,train,1.243554124579627,train,1.7010586,train,0.8467355919740533
2020-12-27,1.032187374147404,train,1.1654515,train,1.039811198464161,train,1.7010586,train,0.8228494153971818
2020-12-28,0.3997000114875456,train,1.0738801,train,0.6077465642964576,train,1.7010586,train,0.8924012457746944
2020-12-29,1.648286496826824,train,1.1727145,train,1.4585637274705063,train,1.7076197,train,1.5598917915779225
2020-12-30,7.974481337929537e-06,train,0.8676344,train,0.5198027266776356,train,1.7010586,train,1.4126225245338495
2020-12-31,2.2472855852058577,train,1.2278826,train,1.7151469969306357,train,1.7010586,train,1.0046076544873428
2021-01-01,1.036149251833146,train,0.9224855,train,1.1823582233485412,train,2.2770402,train,1.0143428340116452
2021-01-02,0.5862810293291678,train,0.97526246,train,0.9178737241006149,train,1.7010586,train,0.7157648583537394
2021-01-03,1.2274537163828605,train,1.159096,train,1.1519743743603132,train,1.7010586,train,1.0019817653280452
2021-01-04,0.8733954025023426,train,1.1738471,train,0.928950333337464,train,1.7010586,train,1.0999929380888105
2021-01-05,0.8358257614201359,train,1.9920009,train,1.0291120254471804,train,1.7010586,train,0.7258394084424891
2021-01-06,3.4149659852118366,train,2.0284376,train,2.6321761554858725,train,1.7010586,train,1.3038136132545044
2021-01-07,0.1652892938299594,train,0.95994884,train,0.7466714613399914,train,1.6091673,train,0.5175125537958323
2021-01-08,2.124262883939581,train,1.5022129,train,1.7077699468757812,train,1.7010586,train,1.2715395496005206
2021-01-09,0.4912127947270844,train,0.7654415,train,0.7684500970785693,train,1.7010586,train,1.2391136717615066
2021-01-10,0.9674038884658388,train,1.1012086,train,0.8825722978481461,train,1.7010586,train,0.6750318755818783
2021-01-11,1.3594713012873068,train,0.35316998,train,1.2126019013760176,train,1.7010586,train,0.4689071341992632
2021-01-12,0.0411776822783592,train,0.9373259,train,0.500572177949144,train,1.7010586,train,1.4821960656034228
2021-01-13,3.1220861339576143,train,2.26635,train,2.5002347284676585,train,1.7933295,train,1.426634525750205
2021-01-14,1.6627461460491832,train,1.0432523,train,1.6812360011043734,train,2.2770402,train,2.50580016978928
2021-01-15,0.6262251384614294,train,0.84070635,train,1.0317615069125166,train,1.7010586,train,1.366705964904917
2021-01-16,0.5570959860640303,train,0.7789073,train,0.7580393641165242,train,1.7010586,train,1.868812441004296
2021-01-17,0.3167389165471437,train,0.44359308,train,0.4705794875834042,train,1.7933295,train,0.3523787264408491
2021-01-18,0.3126510489137863,train,0.49899167,train,0.5284603102115737,train,1.7010586,train,0.5734479658631517
2021-01-19,1.3445799478925478,train,1.073408,train,1.2134229035108277,train,1.7010586,train,1.207150022919848
2021-01-20,1.5455033202130486,train,1.3459251,train,1.3552539875328686,train,1.7010586,train,1.3031210282137011
2021-01-21,0.9934514449976062,train,0.93855363,train,1.158744314179362,train,1.7010586,train,1.4797207443787923
2021-01-22,1.916226297816419,train,0.7271377,train,1.625939279581052,train,1.7010586,train,1.247218512883525
2021-01-23,1.4038011029026043,train,0.6872554,train,1.2939786614762017,train,1.7933295,train,1.4567254775669725
2021-01-24,0.0048358151145005,train,0.2595939,train,0.3531823185857772,train,1.7010586,train,0.3803502803564343
2021-01-25,0.75197556628705,train,0.7010406,train,0.7751029800457556,train,1.7933295,train,0.712579102142099
2021-01-26,1.009090298196272,train,1.007731,train,1.0604972253856673,train,1.7010586,train,1.0124269525148362
2021-01-27,0.800004266707637,train,1.1959009,train,0.8802734612356145,train,1.7010586,train,1.281829273372138
2021-01-28,1.20241929668017,train,1.211832,train,1.1827902814718556,train,1.7010586,train,1.2594115085809376
2021-01-29,0.8503796942835252,train,1.2904037,train,0.9782563462188776,train,1.7010586,train,0.9520592846740026
2021-01-30,0.7930235766740932,train,1.2294538,train,0.8786808174982534,train,1.7010586,train,1.1639926176602526
2021-01-31,1.2083048523913535,train,0.7813778,train,1.1150683844844875,train,1.7010586,train,1.2452773415910527
2021-02-01,0.0681228348553591,train,0.7324798,train,0.4140872197508342,train,1.7010586,train,0.8243254346208789
2021-02-02,1.5678713133014912,train,0.6900655,train,1.376186713766455,train,1.7010586,train,0.9939484932672262
2021-02-03,0.4447147009912066,train,0.38748842,train,0.6867375178124618,train,1.7010586,train,1.6053607268353485
2021-02-04,0.080645165661051,train,0.37606448,train,0.3539766714463646,train,1.7010586,train,0.6206289660192167
2021-02-05,0.3621005766952362,train,0.32073528,train,0.6181209895701109,train,1.7010586,train,0.8507576112773972
2021-02-06,0.2227437818736067,train,0.28426677,train,0.5033677491651232,train,1.7933295,train,0.5510873408522107
2021-02-07,0.1159314414097698,train,0.5305384,train,0.4467326535350421,train,1.7010586,train,0.8225476534703837
2021-02-08,0.4286147098839108,train,0.738136,train,0.5509020064616837,train,1.7010586,train,0.0377714910406932
2021-02-09,0.9309923548359876,train,0.5140299,train,0.8575186580342264,train,1.7010586,train,0.4149069515639154
2021-02-10,1.516111810315513,train,1.0906374,train,1.4248780084495103,train,1.7933295,train,0.8713458852559781
2021-02-11,0.0825423076167643,train,0.71753615,train,0.3449720963266069,train,1.7933295,train,0.3372992265458958
2021-02-12,0.0412626372679301,train,0.5932274,train,0.4225489989451653,train,1.7933295,train,0.3868212249463345
2021-02-13,0.2246278817870075,train,0.42202222,train,0.5888045019459648,train,1.7010586,train,0.9666428576214718
2021-02-14,0.6249443265192054,train,0.7392276,train,0.7041344767256481,train,1.7010586,train,0.4468241540189932
2021-02-15,0.8511285777471033,train,0.85534734,train,0.8400816814227934,train,1.7010586,train,0.3279947541214894
2021-02-16,0.9063715126345606,train,1.044843,train,0.862128347338024,train,1.7010586,train,0.6944615768441225
2021-02-17,1.079794534678813,train,1.2365185,train,1.0820006067063868,train,1.7933295,train,0.3650948708529752
2021-02-18,1.500225531448775,train,0.96834856,train,1.3057762778066893,train,1.7010586,train,0.8071201651244817
2021-02-19,0.0784006312208645,train,0.6778924,train,0.3955855977923539,train,1.7010586,train,0.6126387004910365
2021-02-20,0.3171663847027518,train,1.147844,train,0.6258969197204932,train,1.7010586,train,0.7236492683818914
2021-02-21,1.4898220961723396,train,1.6714587,train,1.3966167499643396,train,1.7933295,train,1.1098359628417531
2021-02-22,2.754062644330132,train,2.012638,train,2.109770778829434,train,1.7010586,train,0.7839804153901756
2021-02-23,2.5158559636154934,train,1.9332881,train,2.015754972762424,train,1.8525201,train,1.4508454688526264
2021-02-24,0.8807396381747277,train,1.9519374,train,1.1082944503958088,train,1.8525201,train,1.749364098835934
2021-02-25,2.5833708795378483,train,2.0255291,train,2.03517070393424,train,1.7010586,train,1.256681944461014
2021-02-26,1.702631241363118,train,1.5979843,train,1.533567867308008,train,1.8525201,train,1.5869958522075804
2021-02-27,1.1664903233595554,train,0.9297166,train,0.9899840922229308,train,1.7010586,train,0.7590950774352035
2021-02-28,0.128357249632123,train,0.73489517,train,0.4201430979483258,train,1.7010586,train,1.2197562649267517
2021-03-01,0.2118832026957116,train,0.651655,train,0.4522897689790125,train,1.7010586,train,1.60068795829352
2021-03-02,1.453351461616802,train,1.416151,train,1.3003346924604149,train,1.7010586,train,1.5370733152063625
2021-03-03,1.551005179340594,train,1.780751,train,1.3561979512176503,train,1.7010586,train,1.2357992258430532
2021-03-04,2.119131505702192,train,1.7840043,train,1.768357650789742,train,1.7933295,train,0.7481756916768489
2021-03-05,0.272214828798463,train,-0.060408663,train,0.6594964471800028,train,1.7010586,train,1.3406153597634207
2021-03-06,0.4246814181820856,train,0.1829689,train,0.7318435574772384,train,1.7010586,train,1.0912376293283363
2021-03-07,0.0203514003958032,train,0.28168136,train,0.4059850736903626,train,1.7933295,train,0.6979356646834226
2021-03-08,0.1715913557085326,train,0.46731246,train,0.5823872702139503,train,1.7010586,train,1.1240943754286976
2021-03-09,0.1163016219481259,train,-0.11638196,train,0.4309376383727246,train,1.7010586,train,0.2136107779810205
2021-03-10,0.3484998686896385,train,0.89438444,train,0.7439417526570149,train,1.7010586,train,0.9211368135015376
2021-03-11,1.876371343636888,train,1.2168715,train,1.5485653087668747,train,1.7010586,train,1.8348320553350912
2021-03-12,0.4919593649671585,train,0.8952717,train,0.7659658355122375,train,1.7010586,train,1.1666350988325531
2021-03-13,0.6430167466759421,train,0.7898725,train,0.822516936270376,train,1.7933295,train,0.9423632897584
2021-03-14,0.6246943202233841,train,0.58383465,train,0.8046948324309534,train,1.7010586,train,0.7394780847650764
2021-03-15,0.5098446126804762,train,0.692798,train,0.692009160107667,train,1.7010586,train,1.0019709985033445
2021-03-16,1.7719596518238103,train,0.8809435,train,1.4782280990946437,train,1.7010586,train,1.6531976072029682
2021-03-17,0.7125475488305716,train,1.426906,train,0.9111635415553654,train,1.7010586,train,0.9793199099571904
2021-03-18,4.976919049306535,train,4.52667,train,3.755095855971207,train,1.7933295,train,3.6583415085296576
2021-03-19,0.7544208900325737,train,0.968335,train,1.324512729366567,train,1.6091673,train,2.728261476670544
2021-03-20,1.7532585953061277,train,0.7206463,train,1.3698768866271511,train,1.7010586,train,0.6478506054020994
2021-03-21,1.7585238860130774,train,0.808405,train,1.567172900112633,train,1.7010586,train,1.8210169065691983
2021-03-22,0.1278287892836164,train,0.5513044,train,0.2990038240813053,train,1.7010586,train,1.415097463056577
2021-03-23,1.9403014607770128,train,1.1381282,train,1.676919625593485,train,1.7010586,train,1.63071107537474
2021-03-24,0.8658062743114542,train,1.5265197,train,0.9335152791321032,train,1.7933295,train,1.7938024194703794
2021-03-25,0.0790201542500882,train,0.34372777,train,0.5267386103954426,train,1.7010586,train,0.2762605870390993
2021-03-26,1.489639462519874,train,1.1850226,train,1.4471755981832624,train,1.7010586,train,1.590528100292146
2021-03-27,1.291579986695489,train,1.5772824,train,1.1948405815604974,train,1.7010586,train,1.7301367023571546
2021-03-28,0.0718153720209743,train,1.5750488,train,0.5376763225515546,train,1.7010586,train,1.4562959734242211
2021-03-29,2.3545840715846524,train,2.1453068,train,1.90558483378834,train,1.7010586,train,1.438606143572244
2021-03-30,3.565368626406208,train,2.1678934,train,2.822009209560448,train,2.2770402,train,2.1584157835478863
2021-03-31,0.7314132565920994,train,1.4730389,train,0.9823252798979492,train,1.6091673,train,1.2166935548735047
2021-04-01,1.5504186535965312,train,1.6321783,train,1.4485476616799515,train,1.7933295,train,1.6469660386195484
2021-04-02,2.094020224151404,train,1.4966384,train,1.732233512646279,train,1.7010586,train,2.323914411626393
2021-04-03,1.0612796265319198,train,1.721412,train,1.0291839957821107,train,1.7010586,train,1.432982636765597
2021-04-04,0.6399118847695404,train,1.4290571,train,0.8061111120873521,train,1.7010586,train,0.811609818697787
2021-04-05,2.925729124373015,train,1.3084005,train,2.3104688937670588,train,1.7933295,train,1.330482340765369
2021-04-06,3.81649049286318,train,1.2583975,train,2.9870018134880345,train,2.2770402,train,2.321979300684645
2021-04-07,0.0788643573998235,train,0.779812,train,0.85838117110226,train,1.6091673,train,2.101556624528922
2021-04-08,0.8641059265902948,train,0.3361352,train,0.9630331265450468,train,1.7933295,train,0.8826391399320854
2021-04-09,0.4704046306563473,train,0.45566005,train,0.7470488013970339,train,1.7010586,train,1.473479026736615
2021-04-10,0.4630515248437872,train,0.7429378,train,0.7523272839435928,train,1.7933295,train,0.8166348481766793
2021-04-11,0.2125098170900305,train,0.7386512,train,0.4964192632746744,train,1.7010586,train,1.000446031446815
2021-04-12,0.9162970549593976,train,1.1036209,train,0.9257401482856212,train,1.7010586,train,1.634286361934719
2021-04-13,1.5107782991972114,train,1.6271682,train,1.3795727030178455,train,1.7010586,train,1.622635927525699
2021-04-14,1.5640219633619057,train,1.4857813,train,1.4253599320077726,train,1.7010586,train,1.7495396007661288
2021-04-15,0.4531729809882099,train,1.2965968,train,0.6490632641253099,train,1.7010586,train,0.8421378603881945
2021-04-16,2.711642179631215,train,1.5443426,train,2.2474609294511,train,1.7010586,train,1.2627006212450025
2021-04-17,1.6637748310163425,train,1.7548134,train,1.5372416890921732,train,2.2770402,train,1.2550289851989933
2021-04-18,0.3501480278495216,train,1.2411685,train,0.5556138122930673,train,1.7010586,train,1.2984592611360302
2021-04-19,1.854168659857616,train,1.4725473,train,1.6481738455802426,train,1.7010586,train,1.2898211571170402
2021-04-20,1.9825277609321168,train,1.3939412,train,1.8407350385183987,train,1.7010586,train,1.620525797174064
2021-04-21,0.188928830049276,train,1.2525373,train,0.5955768936772818,train,1.7010586,train,1.0164476977405896
2021-04-22,1.5760176111606132,train,0.8257616,train,1.392889255239634,train,1.7933295,train,0.997978894660153
2021-04-23,1.880933195749608,train,1.020622,train,1.5855644984400747,train,1.7010586,train,0.989375911139302
2021-04-24,1.1732686248288338,train,0.92672443,train,1.081128082332104,train,1.7010586,train,0.8343878913729744
2021-04-25,0.9446415466424812,train,0.9673577,train,1.1110673675035043,train,1.7010586,train,1.362651003527452
2021-04-26,1.400040540646035,train,0.67758816,train,1.2698779510468357,train,1.7010586,train,1.380822956424051
2021-04-27,1.817596350108256,train,0.7246056,train,1.746128125287851,train,1.7010586,train,1.370421954103739
2021-04-28,0.0346440329118824,train,0.61568356,train,0.4880436287981197,train,1.7010586,train,1.5264824281620657
2021-04-29,2.030171231735279,train,0.70347506,train,1.739809941646048,train,1.7933295,train,0.88956485431705
2021-04-30,1.0307537501009962,train,0.767288,train,1.1950166187403963,train,1.7933295,train,2.4259138016273365
2021-05-01,0.0847657150166819,train,1.2289242,train,0.4613055231995826,train,1.7010586,train,1.9133213303583545
2021-05-02,0.0130308294724553,train,1.3397506,train,0.4953579771473252,train,1.7010586,train,1.1650059462259057
2021-05-03,0.7633497890027204,train,1.5900841,train,1.0079427763662747,train,1.7010586,train,1.0843688054532403
2021-05-04,0.1080497133754178,train,2.1415644,train,0.3421235798988749,train,1.7010586,train,1.2936125499296944
2021-05-05,6.6830708482456185,train,2.6754863,train,4.928847557476942,train,1.7933295,train,1.7451631446624656
2021-05-06,3.3115608784497605,train,1.7106371,train,3.1618059037408583,train,2.3561294,train,2.6358250453009866
2021-05-07,0.7848307126135698,train,1.2654636,train,1.0320505995609623,train,1.6091673,train,2.2957785935713093
2021-05-08,1.5920883608280418,train,1.1043802,train,1.4036941405510193,train,1.7010586,train,1.965826479271393
2021-05-09,1.231224404262876,train,0.7284225,train,1.40455967725626,train,1.7010586,train,1.5865129718143878
2021-05-10,0.3113220083834817,train,0.7857271,train,0.6073128790714005,train,1.7010586,train,0.6211581367298874
2021-05-11,0.2030457550382143,train,0.99797255,train,0.5976422871235854,train,1.7010586,train,0.9587582096654224
2021-05-12,1.4643544486152449,train,1.1826938,train,1.482580382020349,train,1.7010586,train,1.4873504922880056
2021-05-13,0.0686341825158139,train,1.0009385,train,0.4507929537516129,train,1.7933295,train,2.0160543096959174
2021-05-14,0.965857801723472,train,1.0926261,train,1.0507267016259494,train,1.7010586,train,0.7867321845151952
2021-05-15,1.630195862342295,train,1.2300878,train,1.4688470482781957,train,1.7010586,train,1.1451222195363693
2021-05-16,0.4684310387270091,train,2.307464,train,0.650649212991742,train,1.7933295,train,0.6671898291903904
2021-05-17,2.6172106043058583,train,2.6479359,train,1.895046330049932,train,1.7010586,train,1.2376653071145147
2021-05-18,4.58301225409552,train,2.4570801,train,3.501618121461062,train,2.2770402,train,2.1042824130166475
2021-05-19,0.5615142561582331,train,1.6020052,train,1.0778056703003296,train,1.6091673,train,1.486531028584569
2021-05-20,6.624709955769793e-06,train,0.9681668,train,0.4375362475667135,train,1.7010586,train,0.3724057810572471
2021-05-21,0.5646917513431539,train,0.9201661,train,0.9367938001987838,train,1.7010586,train,1.0408166514306718
2021-05-22,0.5075315886839461,train,0.9948691,train,0.666876317238326,train,1.7010586,train,1.2662493115594753
2021-05-23,0.1886283823897944,train,1.233952,train,0.4587813914182591,train,1.7010586,train,0.9898192122076328
2021-05-24,0.0393832983219712,train,1.330924,train,0.3465186839018901,train,1.7010586,train,0.9632776417163188
2021-05-25,1.001677824347121,train,1.860472,train,1.034108768871574,train,1.7010586,train,1.2225935074116516
2021-05-26,3.396799465102219,train,2.2118893,train,2.4579552002226905,train,1.7010586,train,0.990367515193999
2021-05-27,0.2250443000896182,train,1.9086661,train,0.9352076627533966,train,1.6091673,train,1.6010370325274883
2021-05-28,4.40738627097985,train,2.6459618,train,3.082879032648167,train,1.7933295,train,2.028732315552148
2021-05-29,2.29069788100424,train,2.4330502,train,2.367438017321443,train,2.032352,train,2.6692190739196056
2021-05-30,0.6083865909179648,train,1.9980646,train,0.9772232111174384,train,1.8525201,train,0.5921639829856427
2021-05-31,1.654822952000131,train,1.687432,train,1.5652524756804682,train,1.7010586,train,1.8021674662772824
2021-06-01,0.8314506152508406,train,1.5198402,train,1.007040135457126,train,1.7010586,train,1.556317640806527
2021-06-02,0.0620732484238898,train,1.3497412,train,0.5752838875718027,train,1.7010586,train,0.8909748278429017
2021-06-03,2.2275430837668173,train,1.5005144,train,1.8828674475687048,train,1.7010586,train,1.3939027760507636
2021-06-04,2.537332674766331,train,1.2461267,train,2.2098053279654177,train,1.8310052,train,2.0047003283700944
2021-06-05,1.461053758057067,train,0.9174901,train,1.3955349790968268,train,1.8525201,train,1.2540684106711042
2021-06-06,0.7018743532045301,train,0.99389255,train,0.7881302287116612,train,1.7010586,train,0.2268544400699008
2021-06-07,1.6914422164800305,train,1.2762964,train,1.5965381423628855,train,1.7010586,train,0.6988580824304286
2021-06-08,1.5416382086174614,train,1.7964523,train,1.4399116168031696,train,1.7010586,train,1.2891564722659006
2021-06-09,0.3175613973886551,train,2.1200438,train,0.8313800918370994,train,1.7010586,train,0.959582386143648
2021-06-10,0.9496747537257209,train,2.4232595,train,1.1522556574886378,train,1.7010586,train,0.9866882529852214
2021-06-11,0.7907679985329737,train,2.5745811,train,1.3442313309692355,train,1.7010586,train,1.1224599286520278
2021-06-12,0.4450817668010047,train,2.2827086,train,0.730662357778607,train,1.7010586,train,0.1392998109881418
2021-06-13,0.2981277651573857,train,2.3399377,train,0.6764910907947569,train,1.7010586,train,0.5733101561276509
2021-06-14,1.4074109901379668,train,2.349854,train,1.205308612235004,train,1.7010586,train,0.6361599933563417
2021-06-15,1.899827858063752,train,2.4598324,train,1.6712844152948236,train,1.7010586,train,1.0780440324583709
2021-06-16,1.411942681482794,train,2.2776377,train,1.373506203008233,train,1.7010586,train,1.497083135335565
2021-06-17,2.509210548430343,train,2.1837707,train,2.087929881393177,train,1.7010586,train,1.128323831243912
2021-06-18,0.2337620032594893,train,2.0177658,train,0.9424965257685712,train,1.5910919,train,1.7681711274901517
2021-06-19,1.2315247303271313,train,2.083793,train,1.1986277024181526,train,1.7010586,train,0.7527812925548598
2021-06-20,0.70705947756137,train,1.8582869,train,0.8088506853059367,train,1.7010586,train,0.5491589260349143
2021-06-21,0.317374175571901,train,1.8421496,train,0.621885325263545,train,1.7010586,train,0.0333577522781869
2021-06-22,0.7246408520767198,train,2.0440342,train,0.8683626747156894,train,1.7010586,train,0.0926697389835584
2021-06-23,1.248373636783343,train,1.7275131,train,1.263089429440226,train,1.7933295,train,1.4671848442944553
2021-06-24,0.4909190026238408,train,1.4714262,train,0.8182941850074424,train,1.7010586,train,1.2685103589614195
2021-06-25,3.1328252328003883,train,1.3169987,train,2.6790432500957,train,1.7933295,train,1.5674431692450994
2021-06-26,2.7856569814459786,train,1.2513591,train,2.3857735755815224,train,2.2770402,train,0.7590450957799687
2021-06-27,1.0326616871980192,train,1.1456103,train,1.0021832775921498,train,1.8525201,train,0.5676302269143811
2021-06-28,0.6881726682790604,train,1.0760465,train,0.8537857310592332,train,1.7010586,train,0.895611597044715
2021-06-29,1.584130036323264,train,0.98178935,train,1.4704999067300903,train,1.7010586,train,2.1626741078424376
2021-06-30,0.2194014357621272,train,1.5225693,train,0.709242314109779,train,1.7010586,train,0.8801008806600914
2021-07-01,2.124703361380837,train,1.9140153,train,1.7508938341551683,train,1.7010586,train,1.045779813378258
2021-07-02,2.236359608685832,train,1.5599884,train,2.065055524557339,train,1.7010586,train,1.594113506441769
2021-07-03,1.7353582023040677,train,1.3292792,train,1.6375863784449007,train,1.8525201,train,2.2715149573521902
2021-07-04,1.1764121410481654,train,1.476449,train,1.1795186918876692,train,1.7010586,train,1.435254940567173
2021-07-05,0.4918386514769173,train,1.430288,train,0.7231481908376527,train,1.7933295,train,1.5239869443285836
2021-07-06,0.308004850236699,train,1.7965326,train,0.8827789631116983,train,1.7010586,train,1.232104545324829
2021-07-07,1.2430867278804527,train,2.0821946,train,1.1678317760926094,train,1.7010586,train,2.073054398043628
2021-07-08,1.524217712781499,train,1.751593,train,1.3245088270663452,train,1.7010586,train,1.2454380830412402
2021-07-09,0.494479332906342,train,1.484859,train,0.8089585563845992,train,1.7010586,train,0.6932430796254505
2021-07-10,0.6361824906016906,train,1.6442056,train,0.7919982387011062,train,1.7010586,train,0.3662049753660785
2021-07-11,1.202709417414856,train,1.6656674,train,1.1786935346417111,train,1.7010586,train,1.732726793406166
2021-07-12,0.1675438106425117,train,1.8417653,train,0.4669596397938712,train,1.7933295,train,1.485024778787607
2021-07-13,1.14399025028037,train,2.1994255,train,1.1109109553988352,train,1.7010586,train,2.281472221347725
2021-07-14,2.819827084964401,train,2.6358392,train,2.242460771302208,train,1.7010586,train,2.0364040434426816
2021-07-15,0.2872189624095807,train,2.5334709,train,0.5619613985709064,train,1.8525201,train,1.8955004143540592
2021-07-16,2.7037170333540987,train,2.4497416,train,2.167825351688324,train,1.7010586,train,1.495037398791781
2021-07-17,1.2985849253246993,train,2.2076757,train,1.480855493722241,train,1.8310052,train,2.3315087182286374
2021-07-18,3.163672434394824,train,1.9945453,train,2.343711330234982,train,1.7010586,train,1.3442541061003803
2021-07-19,0.7013464338255436,train,1.3743417,train,1.074810244359755,train,1.8525201,train,2.053789947260181
2021-07-20,6.484040793231667,train,1.1779021,train,4.420916640295582,train,1.7010586,train,2.5440343484139323
2021-07-21,6.060686629224696,train,0.5304497,train,4.828481908376209,train,3.2915335,train,3.9551037846395527
2021-07-22,9.556841092260946,train,-0.016023232,train,6.57749273386091,train,3.2915335,train,3.683624878758759
2021-07-23,2.430539090111886,train,-0.573922,train,2.730267129774518,train,2.1397858,train,3.927034611776553
2021-07-24,1.5647138739562008,train,-0.63776094,train,1.5210601373546075,train,1.8525201,train,2.705072804804674
2021-07-25,5.38828340542635,train,-0.37774867,train,3.889289338193195,train,2.9992287,train,3.360743680131692
2021-07-26,2.5299090811659286,train,-0.53622943,train,2.6800255297750075,train,2.0682337,train,3.3229803028724527
2021-07-27,2.9546771515068926,train,-0.06896527,train,2.679502944483965,train,1.8525201,train,2.08195776133044
2021-07-28,0.6464468061542319,train,-0.022310687,train,1.2087033023011424,train,1.5910919,train,1.7743477565576748
2021-07-29,1.9902407779199944,train,0.21398072,train,2.7794446856407085,train,1.9872835,train,2.3885980037863987
2021-07-30,9.020871063722398,train,-0.09132691,train,6.564063674950842,train,2.9992287,train,4.512022994551245
2021-07-31,5.426121227210468,train,-0.27818006,train,4.494448303938348,train,2.7333183,train,4.435571070685098
2021-08-01,0.2345874202884716,train,-0.55395573,train,1.547396377822826,train,1.7239355,train,0.943385227586062
2021-08-02,1.8288222172852728,train,-0.45925575,train,1.8460127892153413,train,1.7010586,train,1.6988864456622308
2021-08-03,1.1793607139429496,train,-0.35453624,train,1.408931876595435,train,1.7010586,train,2.07572341542144
2021-08-04,0.456491520245129,train,-0.21090408,train,0.9166056435335178,train,1.7010586,train,1.1051897240831825
2021-08-05,0.7091222453903453,train,0.03148191,train,0.9799996938189648,train,1.7010586,train,1.5429416839687171
2021-08-06,0.5100606127587797,train,0.13246708,train,0.8182839229197387,train,1.7010586,train,0.8291196429196485
2021-08-07,0.1219970338523831,train,0.32604116,train,1.5214409207247754,train,1.7010586,train,0.6021965074201368
2021-08-08,0.6885402160968336,train,0.52272743,train,0.8962531722428366,train,1.7010586,train,0.7069447303871443
2021-08-09,1.3189777117695372,train,0.66094047,train,1.3212211628129784,train,1.7010586,train,1.4105518013018892
2021-08-10,1.466748309850386,train,0.9747007,train,1.42047263164104,train,1.7010586,train,1.7958833909943488
2021-08-11,1.0113520670485627,train,1.1529413,train,1.1081870850550513,train,1.7010586,train,1.349927434507185
2021-08-12,1.4579091919885994,train,1.2056234,train,1.564652975421587,train,1.7010586,train,2.189986608239281
2021-08-13,2.058020103727908,train,1.2837672,train,1.8067255102543325,train,1.7010586,train,1.276409345218216
2021-08-14,0.3445288491617849,train,1.3222979,train,0.7620049885011544,train,1.7010586,train,0.6737286443896778
2021-08-15,0.9826077340974372,train,1.5443584,train,1.0568982915704035,train,1.7010586,train,1.0393383787963772
2021-08-16,0.3921435239214634,train,1.6279671,train,0.6720216556232438,train,1.7010586,train,0.6965800100230599
2021-08-17,2.34720150279951,train,1.8792466,train,2.009964367137327,train,1.7010586,train,1.454914913267614
2021-08-18,0.4182356577478573,train,1.5486326,train,0.9086362434311328,train,1.8310052,train,1.5900463782582273
2021-08-19,0.8382278752804388,train,1.761472,train,0.9240892255178732,train,1.7933295,train,0.8145922729303217
2021-08-20,0.0280544257696464,train,1.8072522,train,0.480191964936415,train,1.7010586,train,1.8901926271652472
2021-08-21,0.0595928953286461,train,1.9686922,train,0.3769389728269025,train,1.7933295,train,1.0219487204869175
2021-08-22,0.0275064476078183,train,2.3064632,train,0.3853481983117031,train,1.7010586,train,0.5872144812269444
2021-08-23,0.9812839707842652,train,2.2703044,train,1.037416492400875,train,1.7933295,train,0.7224136103951022
2021-08-24,1.8445120320619828,train,2.246394,train,1.5480194053936382,train,1.7010586,train,1.7944938019052994
2021-08-25,0.4083304979370781,train,2.2180874,train,0.7919770416325194,train,1.7010586,train,1.8776751234424145
2021-08-26,0.8655720798058845,train,2.0666587,train,0.9722588522600872,train,1.7010586,train,1.1735224307079897
2021-08-27,2.0525843899392004,train,1.9874876,train,1.8730818224692007,train,1.7010586,train,1.0825533389776605
2021-08-28,2.5153241738553724,train,1.8841864,train,1.9144712198728853,train,1.7010586,train,1.2910863331710682
2021-08-29,1.769919174869165,train,1.5386269,train,1.6067678098647589,train,1.8525201,train,1.9074913656923969
2021-08-30,0.2009331010345153,train,1.4283495,train,0.8235163256873883,train,1.7010586,train,1.2470663015317491
2021-08-31,2.021304585285927,train,1.6141405,train,1.888253509413906,train,1.7933295,train,2.370424685114643
2021-09-01,0.1293159368104388,train,0.9637859,train,0.7157771100756013,train,1.7010586,train,1.4229676219304157
2021-09-02,0.6751518764763362,train,0.9818334,train,1.1530736984191674,train,1.7900202,train,1.1672503841652144
2021-09-03,0.7059775693784941,train,0.9634541,train,1.0107202242573847,train,1.7010586,train,1.422666652449984
2021-09-04,0.1932381985206049,train,1.031982,train,0.5504373948001337,train,1.7010586,train,0.7375634020223996
2021-09-05,0.6443754688006476,train,1.0291996,train,0.7905820106791338,train,1.7010586,train,0.997145773643798
2021-09-06,0.3482386055461303,train,1.2719074,train,0.6334778094033859,train,1.7010586,train,0.7344637192085837
2021-09-07,0.6885341427842387,train,1.5102191,train,0.9255820764331142,train,1.7933295,train,0.9851191550430614
2021-09-08,1.97765179764566,train,1.6102693,train,1.8910839125159329,train,1.7010586,train,1.591981114540406
2021-09-09,1.4755465565919323,train,1.4632974,train,1.4693386135030126,train,1.7010586,train,1.2589612255041016
2021-09-10,0.3237995273775347,train,1.2612143,train,0.7434818775219323,train,1.7010586,train,1.3915335505672244
2021-09-11,0.4051416673936895,train,1.4731526,train,0.686117630585818,train,1.7010586,train,0.125045782294743
2021-09-12,0.1655415324619122,train,1.5814021,train,0.5950744491139367,train,1.7933295,train,0.2674276360261076
2021-09-13,0.9153697021264532,train,1.6895233,train,0.876232277558358,train,1.7010586,train,0.6289403827230917
2021-09-14,0.7349971838732549,train,1.6673299,train,0.8889257074363874,train,1.7010586,train,1.044707664507223
2021-09-15,2.1622464013165708,train,1.7035896,train,1.7971892922862671,train,1.7010586,train,1.7613468178243654
2021-09-16,0.4268949919576014,train,1.5444888,train,0.7493572076046783,train,1.7933295,train,1.7023063892503698
2021-09-17,0.266595732411972,train,1.5131016,train,0.5135663987158985,train,1.7933295,train,1.1498668030564831
2021-09-18,0.6499622502902311,train,1.4622852,train,0.7902893916895504,train,1.7010586,train,1.1612138433978951
2021-09-19,0.8160752498056991,train,1.4895964,train,0.8026134549612713,train,1.7010586,train,0.4154543249309831
2021-09-20,0.5836566954458597,train,1.4075646,train,0.6801050194602667,train,1.7010586,train,0.8510311214742561
2021-09-21,0.0817772977290011,train,1.38452,train,0.4288492149340788,train,1.7010586,train,1.5065481248964463
2021-09-22,0.814779086530592,train,1.4908607,train,1.3202773676158406,train,1.7010586,train,1.346312083766983
2021-09-23,3.0632305837460736,train,1.6000323,train,2.341741595946864,train,1.7010586,train,1.6082811775193893
2021-09-24,1.9483666078130344,train,1.204552,train,1.688654541237741,train,1.8525201,train,1.40275467561294
2021-09-25,0.4239299310693918,train,1.0104359,train,0.6567372305207043,train,1.7010586,train,1.0988925564151164
2021-09-26,0.9470497908032376,train,1.0900394,train,1.019615980509922,train,1.7010586,train,2.0868814207139263
2021-09-27,1.0101545881255398,train,1.182461,train,1.0815674144241023,train,1.7010586,train,1.6435433382893263
2021-09-28,2.524034565031103,train,1.2848595,train,1.950546477959782,train,1.7010586,train,1.5977362983957404
2021-09-29,2.653216859187823,train,1.1573086,train,2.485798968600178,train,1.8525201,train,2.0229986721326414
2021-09-30,0.3097576044134184,train,1.0039364,train,1.0301434551661608,train,1.8525201,train,1.6834469847628886
2021-10-01,5.050690278848659,train,1.0565646,train,3.955831239056218,train,2.9992287,train,2.107083285765822
2021-10-02,2.6167655976445903,train,0.686892,train,2.509878204118813,train,2.0812624,train,2.8640294843803904
2021-10-03,0.8279579310831557,train,0.80434334,train,1.2887545294307976,train,1.8525201,train,1.6959203241742131
2021-10-04,3.618730143527562,,,train,2.897638552735464,train,2.231557,train,1.8506244276702648
2021-10-05,4.309143406849934,,,train,3.306444978951804,train,2.7333183,train,2.722363806560506
2021-10-06,0.8044678132867645,,,train,1.4262556967566649,train,1.8468434,train,2.262645249792972
2021-10-07,2.274277146199811,,,train,2.078079270873614,test,2.231557,train,1.9803651587340043
2021-10-08,1.7282834688943065,,,train,1.7902211125119012,test,1.8525201,train,2.239765367849244
2021-10-09,0.3865269996295724,,,train,0.7201847135756728,test,1.7010586,train,2.064565765229809
2021-10-10,0.5180836226614973,,,train,0.854035486233207,test,1.7933295,train,1.1289986230810214
2021-10-11,2.3346152665559807,,,train,2.2472057639161145,test,2.231557,train,1.371166161128082
2021-10-12,4.265140947110719,,,train,3.530785211199184,test,2.231557,train,2.24497503985173
2021-10-13,2.133793617365769,,,train,1.9792544657263749,test,1.6091673,train,2.8824204383754344
2021-10-14,0.2871502332023162,test,0.34327418,train,1.0703722544908445,test,2.231557,test,2.2229048023260263
2021-10-15,2.8355225755125124,test,0.43256527,train,2.5443382012810902,test,2.231557,test,1.7086240046347907
2021-10-16,1.9725367657717607,test,0.39705873,train,1.9432320820611109,test,2.231557,test,1.8441093897671568
2021-10-17,0.0018049277663551,test,0.3008508,train,0.741207835849106,test,1.9872835,test,1.05069706526124
2021-10-18,1.0854469518135177,test,0.54822993,train,1.361576635098097,test,1.7900202,test,1.2955953895945316
2021-10-19,1.3059197542898833,test,0.72246575,test,1.808288357189619,test,1.9872835,test,2.217995505271636
2021-10-20,0.6344579603775157,test,0.92048454,test,1.9255100942764591,test,1.9872835,test,2.0742700508167347
2021-10-21,1.1006592709586478,test,0.97826564,test,1.767936028732405,test,1.7010586,test,1.602780516347241
2021-10-22,1.7115635476968505,test,0.95925415,test,1.7138124262823902,test,1.9872835,test,1.2758822426061525
2021-10-23,1.1953429600440924,test,1.058757,test,1.61358588314466,test,1.9872835,test,1.552719876831087
2021-10-24,0.1858146268608063,test,1.0742478,test,1.5445632735342758,test,1.9872835,test,1.2810840366347809
2021-10-25,2.351496782319992,test,1.232752,test,1.7439888070589615,test,1.7933295,test,1.411001855236243
2021-10-26,2.703196375088915,test,1.4430722,test,2.28455905857011,test,2.2770402,test,2.3659946781937458
2021-10-27,3.29740461021256,test,1.3988701,test,1.7353360767329502,test,1.8525201,test,1.8590012516109988
2021-10-28,0.6977352004635783,test,1.0573592,test,2.205252369552228,test,1.8468434,test,2.0251155327040555
2021-10-29,1.980753047074009,test,1.0430788,test,2.1743749405764468,test,1.9872835,test,1.938935020276424
2021-10-30,1.6072043035295325,test,0.95251167,test,1.7975533330752422,test,1.9872835,test,1.6536522240311458
2021-10-31,0.7312473056545415,test,0.8172967,test,1.6828884305814975,test,1.9872835,test,1.2933861437966376
2021-11-01,0.0361567772253144,test,0.8979435,test,2.192235983289057,test,1.9872835,test,1.7466678670751794
2021-11-02,0.3119378654204622,test,1.2132511,test,2.2610776345861527,test,1.7900202,test,2.0480807677869106
2021-11-03,0.5990194023003815,test,1.3045217,test,2.3453893954349265,test,1.7900202,test,1.5418343846322524
2021-11-04,0.3350086885282085,test,1.2982671,test,2.0293034025880115,test,1.9872835,test,2.012116353479697
2021-11-05,2.450686761768415,test,1.6379254,test,2.615165156815912,test,1.7900202,test,1.9174163004066744
2021-11-06,2.544805597087267,test,1.5182798,test,2.7447865977028667,test,1.9872835,test,2.495258434263848
2021-11-07,1.0565431292395673,test,1.65371,test,3.778605275624528,test,1.9872835,test,2.469797321873868
2021-11-08,1.6667645823510813,test,1.6812993,test,3.380797406053537,test,1.9872835,test,2.7341960288415343
2021-11-09,3.08247805245134,test,1.5933762,test,2.901416560860552,test,1.9872835,test,2.696611666710884
2021-11-10,0.9270620189527352,test,1.4611298,test,2.76143215975876,test,1.9872835,test,2.964854784636593
2021-11-11,3.326409364051261,test,1.6649569,test,2.3365330869832697,test,1.9872835,test,2.641310331395728
2021-11-12,4.0878891905835495,test,1.2267147,test,3.1500604250112207,test,1.6091673,test,3.003292903931549
2021-11-13,2.196230375748832,test,0.7480888,test,3.196861070050075,test,1.8468434,test,2.711693785524896
2021-11-14,0.3535339642461149,test,0.5344609,test,2.8524528538745253,test,2.9992287,test,1.518866801077324
2021-11-15,1.1710556439595514,test,0.4486726,test,3.953740249972328,test,1.7900202,test,2.3520046983075167
2021-11-16,0.314748461280731,test,0.54894406,test,3.842214354167033,test,1.9872835,test,1.871582577971344
2021-11-17,4.64176583464527,test,0.7190749,test,3.705743159982604,test,1.7900202,test,2.0056916774152755
2021-11-18,1.5816600981459594,test,0.5365547,test,3.794048056914842,test,3.2915335,test,2.667612424372205
2021-11-19,1.882153992428,test,0.47208482,test,3.726130004049878,test,1.9872835,test,1.8829053423104625
2021-11-20,0.2412153997350226,test,0.5853681,test,3.720235720887165,test,1.9872835,test,1.990229939147865
2021-11-21,1.6209560056319332,test,0.83406115,test,3.708336858358296,test,1.7900202,test,1.6264550476465034
2021-11-22,1.022825037929376,test,0.95470273,test,3.4763147927164564,test,2.9992287,test,1.925411064324792
2021-11-23,4.727615933821697,test,1.1497794,test,3.522397350655571,test,2.9992287,test,1.8049494357275848
2021-11-24,1.5342430435266623,test,0.75317425,test,3.635708702717164,test,1.8468434,test,1.8488769231976747
2021-11-25,0.1289080392787541,test,0.825274,test,3.490329461681971,test,2.9992287,test,1.6832774174741492
2021-11-26,0.8707942577643106,test,0.91005605,test,3.705779605517335,test,2.9992287,test,1.7276141733452752
2021-11-27,1.4665516260320666,test,0.73053813,test,3.6243270731601145,test,2.9992287,test,2.3512084570939145
2021-11-28,1.5899987337464545,test,0.75755733,test,3.452533111043734,test,2.9992287,test,1.2292786427760511
2021-11-29,1.1307894386381163,test,0.6362482,test,3.508391135871496,test,2.9992287,test,1.1096240296172488
2021-11-30,0.2569044444441959,test,0.67739254,test,3.699251756329773,test,2.9992287,test,0.877459653344413
2021-12-01,0.4064611436163735,test,0.8867291,test,3.540689792283822,test,2.9992287,test,1.9223050896347376
2021-12-02,1.3781623831513896,test,0.93032265,test,3.512113931480579,test,2.9992287,test,1.3390848696477582
2021-12-03,2.7416047338025846,test,0.7294486,test,3.46501484293924,test,2.9992287,test,1.3922907622253426
2021-12-04,2.474026410727435,test,0.6272937,test,3.7128263940563526,test,2.9992287,test,1.021495578484672
2021-12-05,1.1090935672915805,test,0.32174534,test,3.713741691677233,test,2.9992287,test,1.0009166121771254
2021-12-06,1.0943724080535997,test,0.39084798,test,3.755666411574049,test,2.9992287,test,1.4348324185350203
2021-12-07,2.550229281093612,test,0.47136635,test,3.673909194271979,test,2.9992287,test,2.22144156413062
2021-12-08,0.3478976188745228,test,0.460813,test,4.170880088419128,test,2.9992287,test,1.913905558686209
2021-12-09,1.814108707065004,test,0.6415337,test,3.884052167168592,test,2.9992287,test,0.8279451455346812
2021-12-10,3.234612403172373,test,0.5832972,test,3.949154667107954,test,2.9992287,test,2.248447927747081
2021-12-11,0.7533816504862287,test,0.4312147,test,3.869660922744993,test,1.8468434,test,1.7818309556291627
2021-12-12,1.1930707019291074,test,0.700731,test,3.588089021214809,test,2.9992287,test,1.5587637386894526
2021-12-13,1.2646555697263564,test,0.7283996,test,3.662864283089047,test,2.9992287,test,1.3521525084837154
2021-12-14,0.1899335803652537,test,0.7840285,test,3.313542261639636,test,1.9872835,test,1.1823639937004546
2021-12-15,0.105362985197695,test,0.9042256,test,3.6598005327734686,test,2.9992287,test,1.471431269589082
2021-12-16,0.1897333761970441,test,0.9838319,test,3.408389271208274,test,2.9992287,test,0.8342744203998569
2021-12-17,0.4441161999967936,test,1.0431315,test,3.741704273591818,test,2.9992287,test,1.22984233754824
2021-12-18,1.842458986305592,test,1.1736428,test,3.504771386808568,test,2.9992287,test,1.177705667657448
2021-12-19,2.2541983013831657,test,1.0991539,test,3.558664228123982,test,2.9992287,test,1.4743258033583593
2021-12-20,0.9011239888200528,test,1.0025355,test,3.762601905916296,test,2.9992287,test,1.837385843275596
2021-12-21,1.7011345826536537,test,1.0838825,test,3.666624659160576,test,2.9992287,test,1.9098671216786045
2021-12-22,2.2954667473039225,test,0.8312262,test,3.3458415179035392,test,2.9992287,test,1.858070275431588
2021-12-23,1.0113050149894764,test,0.6756058,test,3.5738737084913,test,2.9992287,test,1.549350563581542
2021-12-24,0.9613751227184242,test,0.6899001,test,3.605085789401437,test,2.9992287,test,1.2583130817037125
2021-12-25,0.2242233489397982,test,0.67710435,test,3.633891171955432,test,2.9992287,test,0.7700015213920601
2021-12-26,0.0822791437550442,test,0.80268353,test,3.5982612624633363,test,2.9992287,test,1.4018586760011489
2021-12-27,0.5434103100129577,test,0.96828175,test,3.531474860862809,test,2.9992287,test,1.4842055039986708
2021-12-28,0.6406737920056327,test,1.2205005,test,3.564399006204778,test,2.9992287,test,1.3891400671803251
2021-12-29,1.4521707334617195,test,1.1879177,test,3.517745308701069,test,2.9992287,test,1.2434789622490403
2021-12-30,0.0218459858869961,test,1.1718186,test,3.634377659047601,test,2.9992287,test,1.7995919485974636
2021-12-31,1.2089387815726966,test,1.2662258,test,3.389580079164231,test,1.7900202,test,1.0488606398876477
2022-01-01,1.8342635816655195,test,1.3120857,test,3.4317132926285936,test,1.9872835,test,0.6740184209962456
2022-01-02,1.0148061216558757,test,1.313051,test,3.446681757638196,test,1.9872835,test,0.5760622797244299
2022-01-03,1.6029476595401986,test,1.0359539,test,3.435375496403257,test,1.9872835,test,1.18066454816512
2022-01-04,3.7143088749797535,test,0.9236506,test,3.524714991620741,test,1.9872835,test,2.005080598392917
2022-01-05,4.314994510427406e-06,test,0.5356047,test,3.721394983229188,test,1.6091673,test,2.8727458453705097
2022-01-06,0.0215773007634084,test,0.78237087,test,3.726231137619319,test,1.7900202,test,1.5960224855479126
2022-01-07,2.8716213305902927,test,0.90440756,test,3.898147550377325,test,1.7900202,test,1.5972371149681874
2022-01-08,0.7130288836151006,test,0.6404875,test,3.770807923069011,test,2.9992287,test,1.7434511672577993
2022-01-09,1.1914870175876449,test,0.7923252,test,3.504516262222471,test,2.9992287,test,1.770895022501855
2022-01-10,1.0215171739640796,test,0.8395594,test,3.854752226751301,test,2.9992287,test,1.941195519902573
2022-01-11,0.911119768326033,test,0.9058418,test,3.683543663510769,test,2.9992287,test,2.315237550386548
2022-01-12,1.5903243728102392,test,0.8938754,test,3.711539025790111,test,2.9992287,test,2.699910698587208
2022-01-13,1.6114191941098592,test,0.8184488,test,3.786450389184698,test,2.9992287,test,2.3429002983312723
2022-01-14,1.1119384470509088,test,0.81741834,test,3.573354423099522,test,2.9992287,test,1.5748514456142324
2022-01-15,0.4493857983926261,test,0.90488166,test,3.510996364757121,test,1.9872835,test,1.3345416083148072
2022-01-16,0.65168352343201,test,0.91124696,test,3.6092432190411854,test,2.9992287,test,1.844996094940116
2022-01-17,0.5593483005756851,test,0.93663925,test,3.5491784930233727,test,2.9992287,test,1.9884521789623009
2022-01-18,0.7407800891804668,test,1.1282202,test,3.578210189620507,test,2.9992287,test,2.04441849919212
2022-01-19,2.003992278336036,test,1.1628788,test,3.43602265580581,test,2.9992287,test,1.889830796758905
2022-01-20,0.3278019735139351,test,0.98338825,test,4.2821352423117,test,2.9992287,test,1.5524631379866602
2022-01-21,2.3882351980603187,test,1.0639479,test,3.5688816114754145,test,2.9992287,test,1.0018988706006045
2022-01-22,2.051591973274978,test,0.9119823,test,4.005631612234654,test,2.9992287,test,1.2411734725582078
2022-01-23,0.826637512212899,test,0.82915694,test,3.6565121388732615,test,2.9992287,test,2.30882047151078
2022-01-24,0.7755715808772596,test,0.95774215,test,3.596149507898012,test,2.9992287,test,2.035852875628076
2022-01-25,2.102657904610637,test,1.12642,test,3.6961615725618095,test,2.9992287,test,1.8578803073008536
2022-01-26,0.4194637022851828,test,1.0281723,test,3.84542543262879,test,2.9992287,test,1.635662409130253
2022-01-27,2.909218864457904,test,1.1313459,test,3.570268161627623,test,2.9992287,test,1.7140384172920304
2022-01-28,1.6455120726444468,test,0.99393153,test,3.8740612579460727,test,2.9992287,test,2.5877807163667463
2022-01-29,0.8060288206473877,test,1.1148463,test,3.5396596455868075,test,2.9992287,test,1.8307324679938504
2022-01-30,0.6795450039391576,test,1.3432095,test,3.538164403804733,test,2.9992287,test,1.7690692077716337
2022-01-31,0.466186903468778,test,1.5180997,test,3.728442049936473,test,2.9992287,test,2.313144415319438
2022-02-01,0.6782560973914376,test,1.6941154,test,3.653037713931127,test,2.9992287,test,2.0086765434966773
2022-02-02,0.8832864998508885,test,1.7227592,test,3.700927719945112,test,2.9992287,test,2.204158249342712
2022-02-03,2.113192370342764,test,1.6309725,test,3.3854279325237435,test,2.9992287,test,1.8339337915156693
2022-02-04,0.8440605952882387,test,1.4353424,test,3.988274918742431,test,2.9992287,test,2.6030895323142413
2022-02-05,1.1409524124780053,test,1.4316467,test,3.6378701246524106,test,2.9992287,test,1.6398519490814842
2022-02-06,0.1336804655505439,test,1.3579468,test,3.6693401673860473,test,2.9992287,test,1.7883734631078136
2022-02-07,1.1919027802386306,test,1.5526922,test,3.5869368379769275,test,2.9992287,test,1.5397699776629958
2022-02-08,2.976167479709866,test,1.4177115,test,3.479589389710651,test,2.9992287,test,1.8755332036223409
2022-02-09,3.706318164500197,test,1.1596562,test,3.5255952920486457,test,2.9992287,test,2.4961721804677235
2022-02-10,1.2267703262558929,test,0.70090055,test,3.306758136010696,test,1.6091673,test,1.8934162763584963
2022-02-11,1.4008318248265723,test,0.6144196,test,3.600890410372613,test,2.9992287,test,2.3144415751683383
2022-02-12,1.2992654338349108,test,0.5192483,test,3.5451375911944805,test,2.9992287,test,1.873049836850324
2022-02-13,0.8567733553882049,test,0.50136024,test,3.5274988897443285,test,2.9992287,test,1.2991113458759898
2022-02-14,0.5133736477294342,test,0.6305661,test,3.461794892886492,test,2.9992287,test,1.5188679154563396
2022-02-15,1.7221090384227458,test,0.7681082,test,3.557660196869029,test,2.9992287,test,1.7671292424499
2022-02-16,0.1586987042058839,test,0.7326929,test,3.4748850996208187,test,2.9992287,test,1.904240221827182
2022-02-17,0.2977669693924392,test,0.8073749,test,3.473740935057311,test,2.9992287,test,1.5313372624680193
2022-02-18,1.866212483492205,test,0.9515896,test,3.542026645649247,test,2.9992287,test,1.4514433369941555
2022-02-19,1.218256652095539,test,0.9900305,test,3.4356154287988314,test,2.9992287,test,1.2550646911835246
2022-02-20,0.078224715356612,test,1.102675,test,3.374309950855893,test,2.9992287,test,0.9029390576684068
2022-02-21,0.7356494398357285,test,1.2727374,test,3.5975301583550188,test,2.9992287,test,1.9921264315231888
2022-02-22,1.2069072619621906,test,1.3188696,test,3.648338439283714,test,2.9992287,test,1.7856292421083702
2022-02-23,0.0603561028281161,test,1.342445,test,3.435752171729912,test,2.9992287,test,1.0459989533074814
2022-02-24,3.7918263238092704,test,1.3878909,test,3.919118281906524,test,2.9992287,test,1.0829507528342917
2022-02-25,0.2920319138431287,test,1.0329851,test,3.880274488573352,test,2.3561294,test,1.852544900403821
2022-02-26,0.595074830994138,test,1.2114929,test,3.438468199168992,test,2.9992287,test,0.8250728920092839
2022-02-27,1.6132408438084178,test,1.2526746,test,3.445361572278037,test,2.9992287,test,1.5672705269802865
2022-02-28,0.2375157110392321,test,0.7094729,test,3.408579489896196,test,2.9992287,test,0.9475005710448772
2022-03-01,1.272551637150564,test,0.30727738,test,3.613449459884591,test,2.9992287,test,1.0605964127762677
2022-03-02,2.908051832352,test,0.22205453,test,3.730318168477333,test,2.9992287,test,2.086482142624539
2022-03-03,2.771840395208736,test,-0.071704105,test,4.001678363551065,test,2.9992287,test,2.339861446070591
2022-03-04,4.461298141618061e-06,test,-0.08136065,test,3.888668449015804,test,2.9992287,test,2.3512411809159968
2022-03-05,0.6897899074519006,test,0.27372915,test,3.707102770996507,test,2.231557,test,0.4645911649020791
2022-03-06,0.5712963151220559,test,0.46201777,test,3.8244595886096455,test,2.231557,test,1.3224991255507672
2022-03-07,1.861555056702395,test,0.8197623,test,3.8419036679242913,test,2.231557,test,1.665584858603108
2022-03-08,3.721460880334669,test,1.05334,test,3.699567555463303,test,2.231557,test,2.378484381496696
2022-03-09,1.550084857956242,test,0.9587037,test,3.5422485294263053,test,1.6091673,test,1.7384019401405038
2022-03-10,2.3045022900981955,test,1.0980312,test,3.712736664291741,test,2.231557,test,0.9909143584571852
2022-03-11,1.0041365192049627,test,1.1673439,test,3.807980302397501,test,2.231557,test,2.1988431702710014
2022-03-12,0.4185009548471795,test,1.3694202,test,3.7256732251635,test,2.231557,test,1.5888572673342507
2022-03-13,0.2011532824462266,test,1.6914167,test,3.7602275129644687,test,2.9992287,test,1.4327460759561856
2022-03-14,2.110870302463106,test,2.3264215,test,3.747758254156625,test,2.9992287,test,1.235632302546862
2022-03-15,3.403500171257818,test,2.4127917,test,3.851154076830678,test,2.9992287,test,2.0056257734268086
2022-03-16,2.924320703322764,test,2.2909493,test,3.624712771514244,test,1.6091673,test,2.0425045737973795
2022-03-17,0.5964688480054197,test,1.7302767,test,3.736704690969432,test,2.9992287,test,1.7349641237705238
2022-03-18,1.371136654591344,test,1.5987334,test,3.842917839657007,test,2.9992287,test,2.2208934867736105
2022-03-19,1.6319377849570358,test,1.6776085,test,3.7294909478377214,test,2.9992287,test,1.3781637312936512
2022-03-20,0.8322494842874641,test,1.5607041,test,3.3769076503602093,test,2.9992287,test,1.5409223776747962
2022-03-21,0.0238935599870601,test,1.5882914,test,3.691559743616189,test,2.9992287,test,1.5231392994833737
2022-03-22,0.3548462361671388,test,1.7234038,test,3.674242017930209,test,2.9992287,test,1.5960223857779936
2022-03-23,0.111024769925696,test,1.793977,test,3.608577190732825,test,2.9992287,test,1.4196735594842576
2022-03-24,1.543132453777983,test,1.5507874,test,3.4366099099575056,test,2.231557,test,1.4942812858743124
2022-03-25,4.507550046000308e-06,test,1.4642378,test,3.41153295629982,test,2.231557,test,1.893586303312385
2022-03-26,0.7290187894430307,test,1.59907,test,3.3726938832096245,test,2.231557,test,1.127758255094422
2022-03-27,1.4880411820084838,test,1.6771256,test,3.681347254436637,test,2.231557,test,1.098359195913762
2022-03-28,1.1288066672869548,test,1.7137723,test,4.104730512246965,test,2.231557,test,1.5704006404759694
2022-03-29,0.5345741957576868,test,1.933366,test,3.557683360609912,test,2.231557,test,1.709393059579425
2022-03-30,2.8112924429807733,test,2.1552799,test,3.755104395442115,test,2.231557,test,1.8872732440394384
2022-03-31,2.0301868504109506,test,1.8445098,test,3.625004471626905,test,2.231557,test,1.975857034551594
2022-04-01,0.8795131452827345,test,1.5621649,test,3.621793820025161,test,2.231557,test,1.4627174033528436
2022-04-02,0.3325546632705822,test,1.526528,test,3.86685073857927,test,2.231557,test,0.9557653511786348
2022-04-03,0.2000960296526731,test,1.564713,test,3.695483459544409,test,2.231557,test,1.0598536544576709
2022-04-04,0.4259623123870836,test,1.7828387,test,3.677686933755833,test,2.231557,test,1.5879498737444366
2022-04-05,0.303096140243493,test,1.7839099,test,3.612172145200016,test,2.231557,test,1.831313295621929
2022-04-06,1.6125866985217694,test,1.7317756,test,3.623352241134012,test,1.7900202,test,1.6179493645465914
2022-04-07,0.6391206328323606,test,1.5542608,test,3.628665903695584,test,2.231557,test,2.036394952248855
2022-04-08,2.402911593880521,test,1.4931816,test,3.510332466657748,test,2.231557,test,1.860012424861945
2022-04-09,1.765903978991118,test,1.2564816,test,3.7244972151924927,test,2.231557,test,1.723386254701114
2022-04-10,0.5326164652058902,test,1.2048432,test,3.5160459172494827,test,2.231557,test,1.7015721094581555
2022-04-11,0.1841864760341034,test,1.3000845,test,3.648218461567033,test,2.231557,test,1.7697704836390455
2022-04-12,1.276070059021446,test,1.4207782,test,3.740454743212036,test,2.231557,test,1.1806509040576358
2022-04-13,3.728765121513025,test,1.3537436,test,3.682432210543257,test,2.231557,test,1.9414069628889727
2022-04-14,0.6463858457997627,test,0.9399017,test,3.5529842061165704,test,1.6091673,test,2.3943129173958657
2022-04-15,0.2699262897698012,test,0.9018076,test,3.588049215469278,test,2.231557,test,1.3586592699054698
2022-04-16,0.1255230680369861,test,0.9150503,test,3.8941477844738346,test,2.231557,test,1.605326639632264
2022-04-17,0.0552003252870385,test,1.0035081,test,3.55491918922364,test,2.231557,test,0.8007795576336026
2022-04-18,0.2731874451176945,test,1.1607176,test,3.640493582092732,test,2.231557,test,0.5942796546823647
2022-04-19,0.9204240532698996,test,1.3485708,test,3.4308908402832943,test,2.231557,test,0.9234675011560076
2022-04-20,1.020070048802279,test,1.5006415,test,3.628643118733975,test,2.231557,test,1.3886467227100958
2022-04-21,3.865971315609941,test,1.405555,test,3.541740612092319,test,2.231557,test,1.6263632107354855
2022-04-22,0.3513398431844765,test,0.94563234,test,3.501564284599355,test,1.8468434,test,2.110342517896544
2022-04-23,1.6832004007432797,test,1.0430168,test,3.4619919711553395,test,2.231557,test,0.8437215779222854
2022-04-24,1.138589137583749,test,1.0418838,test,3.620637465679591,test,2.9992287,test,1.4575646142968837
2022-04-25,0.0795521072287003,test,1.0563422,test,3.457889320015036,test,2.9992287,test,1.123501636983672
2022-04-26,0.158388991139543,test,1.1867712,test,3.664301289237539,test,2.9992287,test,1.871579337263416
2022-04-27,2.504537659039354,test,1.1890833,test,3.5745022720989734,test,2.9992287,test,1.4564626730569654
2022-04-28,0.8862687257845324,test,0.89994866,test,3.8210818156824624,test,2.9992287,test,0.8996256195928422
2022-04-29,2.2493280480075946,test,0.9501977,test,3.475885358817125,test,2.9992287,test,1.9355741837433005
2022-04-30,0.0688719916703113,test,0.7683755,test,3.683427689975088,test,2.9992287,test,1.5010966402243282
2022-05-01,1.57592923041472,test,1.1997789,test,3.7427861159017466,test,2.9992287,test,1.366217599491382
2022-05-02,1.166766198158579,test,1.3328122,test,3.8579286332302862,test,2.9992287,test,2.3112378084064287
2022-05-03,0.7229557424974269,test,1.3995589,test,3.6436706952235713,test,2.9992287,test,2.153106893352428
2022-05-04,1.2991635718538836,test,1.5397676,test,3.8036722896105086,test,2.9992287,test,1.8004046115986607
2022-05-05,1.6208550257438912,test,1.6377119,test,3.5977375814804127,test,2.9992287,test,2.134204078011368
2022-05-06,3.180066892892188,test,1.3073124,test,3.574721398206311,test,2.9992287,test,1.3157252970524635
2022-05-07,0.9266138395121856,test,1.1040708,test,3.716836795291325,test,2.9992287,test,2.5124374994824272
2022-05-08,0.1855891567469863,test,1.1942868,test,3.618833565834926,test,2.9992287,test,1.9665579265529056
2022-05-09,1.3476360492514303,test,1.4907501,test,3.817023664159773,test,2.9992287,test,3.136565936565124
2022-05-10,1.1222367107788809,test,1.4248658,test,4.1862495834407705,test,2.9992287,test,2.1723560082423576
2022-05-11,7.603377677209096,test,1.4153349,test,3.7732115863249938,test,2.9992287,test,1.5213639683758773
2022-05-12,2.1140493190398124,test,0.64593226,test,3.982226327715199,test,1.6091673,test,2.5566338455438338
2022-05-13,1.1209832470883534,test,0.40440816,test,3.616220305435448,test,2.9992287,test,2.6808164926745883
2022-05-14,1.22090841729523,test,0.37325525,test,3.761010555687868,test,2.9992287,test,2.5699352019226
2022-05-15,2.191975525117729,test,0.3179757,test,3.8304775544999696,test,2.9992287,test,1.7990615898996052
2022-05-16,2.469824039199831,test,0.38860774,test,4.121234836873179,test,2.9992287,test,1.7682960195013822
2022-05-17,0.6181035131434449,test,0.34088558,test,4.081610461167072,test,2.9992287,test,2.4941481292212577
2022-05-18,4.317217186520867,test,0.4064216,test,3.8144223841965736,test,2.9992287,test,1.9100689814526408
2022-05-19,0.5042412700934659,test,0.06903534,test,4.470829013297572,test,1.6091673,test,2.9574364220966816
2022-05-20,1.3117205681235562,test,0.19415908,test,3.67398387924462,test,2.9992287,test,1.7778110508510108
2022-05-21,0.5107241248649165,test,0.3151626,test,3.61878568609394,test,2.9992287,test,1.86772870868344
2022-05-22,0.4965022101225798,test,0.62057555,test,3.443259748634081,test,2.9992287,test,1.5701815184190726
2022-05-23,0.0321172890525787,test,0.8662014,test,3.68159627288341,test,2.9992287,test,1.634783756226197
2022-05-24,0.978116787350337,test,1.1901286,test,3.692588755704152,test,2.9992287,test,2.051424269997141
2022-05-25,1.5788579655568675,test,1.3561267,test,3.404913273880614,test,2.9992287,test,1.6997224790352063
2022-05-26,4.3058606848303285,test,1.2866521,test,3.3854956728202827,test,2.9992287,test,1.6645039253004388
2022-05-27,1.2498792246936614,test,0.9390191,test,3.435835930936447,test,1.6091673,test,2.4160941340782545
2022-05-28,0.593642980901695,test,0.9199021,test,3.592610314302185,test,2.9992287,test,1.5673328509834243
2022-05-29,0.8436468987195708,test,1.0609739,test,3.7400715460833007,test,2.9992287,test,1.9828088415562943
2022-05-30,0.0755504466156561,test,0.99528867,test,3.497342080935103,test,2.9992287,test,1.7498144500339845
2022-05-31,2.1431629881748133,test,1.0716642,test,3.460372310224723,test,2.9992287,test,0.74305292558788
2022-06-01,3.484525039608384,test,0.9485955,test,3.749528442716831,test,2.9992287,test,1.991142291641795
2022-06-02,0.5024084254306882,test,0.6461257,test,3.6501116658226014,test,1.8468434,test,2.46721869694041
2022-06-03,2.486051755655526,test,0.6585537,test,3.59603352330738,test,2.231557,test,1.511109303828187
2022-06-04,0.2477794327191299,test,0.50271904,test,3.762179032619207,test,2.231557,test,1.9418094379757127
2022-06-05,1.7015395786091645,test,0.62603647,test,3.3152601873773246,test,2.231557,test,0.9273102901701628
2022-06-06,0.2424912541891349,test,0.7692108,test,3.381814460196469,test,2.231557,test,1.4672542400862325
2022-06-07,2.2994413166999683,test,0.99098045,test,3.404000828425664,test,2.231557,test,1.044492291114283
2022-06-08,0.1293103628460873,test,0.97439456,test,3.9837703378555895,test,2.231557,test,1.3984713386435697
2022-06-09,1.2004431402956917,test,1.0518705,test,3.543312611933345,test,2.231557,test,1.1625149062110969
2022-06-10,2.4809815281905614,test,1.094876,test,3.6181495259412895,test,2.231557,test,1.3156788419075978
2022-06-11,2.3719047645861573,test,0.9698581,test,3.725142606442319,test,2.9992287,test,1.4645870399078196
2022-06-12,0.830715713004566,test,0.9109241,test,3.888822024705397,test,2.9992287,test,1.332984865869669
2022-06-13,0.7481025615513786,test,0.98772246,test,3.952562453755667,test,2.9992287,test,1.5597746649404618
2022-06-14,1.5989681104346904,test,1.1727661,test,3.841650179942948,test,2.9992287,test,1.3336081836513554
2022-06-15,0.6806481431784932,test,1.0857812,test,3.296787794750476,test,2.9992287,test,1.7063778110081576
2022-06-16,1.4985620863493154,test,1.1483727,test,3.3469556707070245,test,2.9992287,test,1.3811694099417775
2022-06-17,1.871246941696146,test,1.0554954,test,3.5435325398881954,test,2.9992287,test,1.7828350277910034
2022-06-18,1.5942236611196865,test,0.991078,test,3.474053670621786,test,2.9992287,test,1.880510028658783
2022-06-19,0.0701163803024973,test,1.0212901,test,3.5018695541376124,test,2.9992287,test,1.978444429654639
2022-06-20,1.2855000953305231,test,1.3120649,test,3.588875983419753,test,2.9992287,test,1.4604613001636726
2022-06-21,2.422389321111277,test,1.4968011,test,3.800070938338532,test,2.9992287,test,1.7421575836721437
2022-06-22,1.728043000095591,test,1.5865035,test,3.7443762165558905,test,2.9992287,test,1.6930961783171563
2022-06-23,3.180328197770356,test,1.320014,test,3.5347730702923066,test,2.9992287,test,1.800531124018831
2022-06-24,1.0535654960333756,test,0.9725429,test,3.850648067017096,test,2.9992287,test,2.375877198586715
2022-06-25,0.2078912446736486,test,0.9569682,test,3.7042380288561567,test,2.9992287,test,1.3631637667374334
2022-06-26,0.2787206389947095,test,1.0478587,test,3.9456660341663374,test,2.9992287,test,1.771128195214868
2022-06-27,1.9350323750313607,test,1.2674127,test,3.915434835447778,test,2.9992287,test,1.734300333844124
2022-06-28,1.9780115167769536,test,1.1573209,test,3.91010530330599,test,2.9992287,test,2.329779825226284
2022-06-29,4.709390374246563,test,1.0763167,test,3.6802717776531697,test,2.9992287,test,2.1172711253628456
2022-06-30,0.8072477566242374,test,0.52592623,test,4.020124064601395,test,1.8468434,test,2.488421901238629
2022-07-01,0.7196629032039692,test,0.51339465,test,3.740734025776982,test,2.9992287,test,2.248316357526146
2022-07-02,0.7785718566588339,test,0.5929338,test,3.7436373771040135,test,2.9992287,test,1.604810029521179
2022-07-03,0.8194833438460164,test,0.63800335,test,3.849830449831973,test,2.9992287,test,2.0352164432362785
2022-07-04,0.8438044399460286,test,0.8241591,test,3.7424448853194585,test,2.9992287,test,2.163941722548274
2022-07-05,0.850985133251942,test,0.91672516,test,3.8976615185936287,test,2.9992287,test,2.2429270986884524
2022-07-06,0.8404365198391831,test,0.9687392,test,3.885776006582073,test,2.9992287,test,2.031361397975143
